perfil,nome,arquivo,equipamento,musculo
"masculino","Barbell-Seated-Twist_Waist_converted","EXERCÍCIOS COM BARRAS/ABDOMINAIS/Barbell-Seated-Twist_Waist_converted.gif","EXERCÍCIOS COM BARRAS","ABDOMINAIS"
"masculino","Barbell-Seated-Twist-(on-stability-ball)-(male)_Wa_converted","EXERCÍCIOS COM BARRAS/ABDOMINAIS/Barbell-Seated-Twist-(on-stability-ball)-(male)_Wa_converted.gif","EXERCÍCIOS COM BARRAS","ABDOMINAIS"
"masculino","Barbell-Side-Bent-(version-2)_Waist-FIX__converted","EXERCÍCIOS COM BARRAS/ABDOMINAIS/Barbell-Side-Bent-(version-2)_Waist-FIX__converted.gif","EXERCÍCIOS COM BARRAS","ABDOMINAIS"
"masculino","Barbell-Standing-Twist_Waist__converted","EXERCÍCIOS COM BARRAS/ABDOMINAIS/Barbell-Standing-Twist_Waist__converted.gif","EXERCÍCIOS COM BARRAS","ABDOMINAIS"
"masculino","EZ-Bar-Legs-Side-Pull-In-Sit-up_Waist_converted","EXERCÍCIOS COM BARRAS/ABDOMINAIS/EZ-Bar-Legs-Side-Pull-In-Sit-up_Waist_converted.gif","EXERCÍCIOS COM BARRAS","ABDOMINAIS"
"masculino","EZ-Barbell-Standing-Back-Wrist-Curl_Forearms__converted","EXERCÍCIOS COM BARRAS/ABDOMINAIS/EZ-Barbell-Standing-Back-Wrist-Curl_Forearms__converted.gif","EXERCÍCIOS COM BARRAS","ABDOMINAIS"
"masculino","Barbell-Behind-Back-Finger-Curl_Forearms__converted","EXERCÍCIOS COM BARRAS/ANTEBRAÇO/Barbell-Behind-Back-Finger-Curl_Forearms__converted.gif","EXERCÍCIOS COM BARRAS","ANTEBRAÇO"
"masculino","Barbell-Finger-Curls_Forearms__converted","EXERCÍCIOS COM BARRAS/ANTEBRAÇO/Barbell-Finger-Curls_Forearms__converted.gif","EXERCÍCIOS COM BARRAS","ANTEBRAÇO"
"masculino","Barbell-Palms-Down-Wrist-Curl-Over-A-Bench_Forearms_converted","EXERCÍCIOS COM BARRAS/ANTEBRAÇO/Barbell-Palms-Down-Wrist-Curl-Over-A-Bench_Forearms_converted.gif","EXERCÍCIOS COM BARRAS","ANTEBRAÇO"
"masculino","Barbell-Reverse-Curl_Forearm_converted","EXERCÍCIOS COM BARRAS/ANTEBRAÇO/Barbell-Reverse-Curl_Forearm_converted.gif","EXERCÍCIOS COM BARRAS","ANTEBRAÇO"
"masculino","Barbell-Reverse-Preacher-Curl_Forearms__converted","EXERCÍCIOS COM BARRAS/ANTEBRAÇO/Barbell-Reverse-Preacher-Curl_Forearms__converted.gif","EXERCÍCIOS COM BARRAS","ANTEBRAÇO"
"masculino","Barbell-Reverse-Spider-Curl_Upper-Arms__converted","EXERCÍCIOS COM BARRAS/ANTEBRAÇO/Barbell-Reverse-Spider-Curl_Upper-Arms__converted.gif","EXERCÍCIOS COM BARRAS","ANTEBRAÇO"
"masculino","Barbell-Reverse-Wrist-Curl_Forearm_converted","EXERCÍCIOS COM BARRAS/ANTEBRAÇO/Barbell-Reverse-Wrist-Curl_Forearm_converted.gif","EXERCÍCIOS COM BARRAS","ANTEBRAÇO"
"masculino","Barbell-Standing-Back-Wrist-Curl_Forearms_converted","EXERCÍCIOS COM BARRAS/ANTEBRAÇO/Barbell-Standing-Back-Wrist-Curl_Forearms_converted.gif","EXERCÍCIOS COM BARRAS","ANTEBRAÇO"
"masculino","Barbell-Standing-Wrist-Curl_Forearms__converted","EXERCÍCIOS COM BARRAS/ANTEBRAÇO/Barbell-Standing-Wrist-Curl_Forearms__converted.gif","EXERCÍCIOS COM BARRAS","ANTEBRAÇO"
"masculino","Barbell-Standing-Wrist-Reverse-Curl_Forearms__converted","EXERCÍCIOS COM BARRAS/ANTEBRAÇO/Barbell-Standing-Wrist-Reverse-Curl_Forearms__converted.gif","EXERCÍCIOS COM BARRAS","ANTEBRAÇO"
"masculino","Barbell-Wrist-Curl-(VERSION-2)_Forearms-FIX2__converted","EXERCÍCIOS COM BARRAS/ANTEBRAÇO/Barbell-Wrist-Curl-(VERSION-2)_Forearms-FIX2__converted.gif","EXERCÍCIOS COM BARRAS","ANTEBRAÇO"
"masculino","Barbell-Wrist-Reverse-Curl-(VERSION-2)_Forearms-FI_converted","EXERCÍCIOS COM BARRAS/ANTEBRAÇO/Barbell-Wrist-Reverse-Curl-(VERSION-2)_Forearms-FI_converted.gif","EXERCÍCIOS COM BARRAS","ANTEBRAÇO"
"masculino","EZ-Bar-Seated-Wrist-Curl_Forearms-FIX__converted","EXERCÍCIOS COM BARRAS/ANTEBRAÇO/EZ-Bar-Seated-Wrist-Curl_Forearms-FIX__converted.gif","EXERCÍCIOS COM BARRAS","ANTEBRAÇO"
"masculino","EZ-Bar-Seated-Wrist-Reverse-Curl_Forearms__converted","EXERCÍCIOS COM BARRAS/ANTEBRAÇO/EZ-Bar-Seated-Wrist-Reverse-Curl_Forearms__converted.gif","EXERCÍCIOS COM BARRAS","ANTEBRAÇO"
"masculino","EZ-Barbell-Standing-Single-Arm-Neutral-Wrist-Curl__converted","EXERCÍCIOS COM BARRAS/ANTEBRAÇO/EZ-Barbell-Standing-Single-Arm-Neutral-Wrist-Curl__converted.gif","EXERCÍCIOS COM BARRAS","ANTEBRAÇO"
"masculino","EZ-Barbell-Standing-Wrist-Curl_Forearms__converted","EXERCÍCIOS COM BARRAS/ANTEBRAÇO/EZ-Barbell-Standing-Wrist-Curl_Forearms__converted.gif","EXERCÍCIOS COM BARRAS","ANTEBRAÇO"
"masculino","EZ-Barbell-Standing-Wrist-Reverse-Curl_Forearms__converted","EXERCÍCIOS COM BARRAS/ANTEBRAÇO/EZ-Barbell-Standing-Wrist-Reverse-Curl_Forearms__converted.gif","EXERCÍCIOS COM BARRAS","ANTEBRAÇO"
"masculino","Barbell-Alternate-Biceps-Curl_Upper-Arms-FIX__converted","EXERCÍCIOS COM BARRAS/BICEPS/Barbell-Alternate-Biceps-Curl_Upper-Arms-FIX__converted.gif","EXERCÍCIOS COM BARRAS","BICEPS"
"masculino","Barbell-Curl_Upper-Arms_without-weight_converted","EXERCÍCIOS COM BARRAS/BICEPS/Barbell-Curl_Upper-Arms_without-weight_converted.gif","EXERCÍCIOS COM BARRAS","BICEPS"
"masculino","Barbell-Curl_Upper-Arms-FIX2__converted","EXERCÍCIOS COM BARRAS/BICEPS/Barbell-Curl_Upper-Arms-FIX2__converted.gif","EXERCÍCIOS COM BARRAS","BICEPS"
"masculino","Barbell-Curl-Press-Extension-(male)_Upper-Arms__converted","EXERCÍCIOS COM BARRAS/BICEPS/Barbell-Curl-Press-Extension-(male)_Upper-Arms__converted.gif","EXERCÍCIOS COM BARRAS","BICEPS"
"masculino","Barbell-Drag-Curl_Upper-Arms-FIX__converted","EXERCÍCIOS COM BARRAS/BICEPS/Barbell-Drag-Curl_Upper-Arms-FIX__converted.gif","EXERCÍCIOS COM BARRAS","BICEPS"
"masculino","Barbell-Preacher-Curl_Upper-Arms_converted","EXERCÍCIOS COM BARRAS/BICEPS/Barbell-Preacher-Curl_Upper-Arms_converted.gif","EXERCÍCIOS COM BARRAS","BICEPS"
"masculino","Barbell-Prone-Incline-Curl_Upper-Arms-FIX__converted","EXERCÍCIOS COM BARRAS/BICEPS/Barbell-Prone-Incline-Curl_Upper-Arms-FIX__converted.gif","EXERCÍCIOS COM BARRAS","BICEPS"
"masculino","Barbell-Seated-Close-grip-Concentration-Curl_Upper_converted","EXERCÍCIOS COM BARRAS/BICEPS/Barbell-Seated-Close-grip-Concentration-Curl_Upper_converted.gif","EXERCÍCIOS COM BARRAS","BICEPS"
"masculino","Barbell-Standing-Close-Grip-Curl_Upper-Arms_converted","EXERCÍCIOS COM BARRAS/BICEPS/Barbell-Standing-Close-Grip-Curl_Upper-Arms_converted.gif","EXERCÍCIOS COM BARRAS","BICEPS"
"masculino","Barbell-Standing-Concentration-Curl_Upper-Arms_converted","EXERCÍCIOS COM BARRAS/BICEPS/Barbell-Standing-Concentration-Curl_Upper-Arms_converted.gif","EXERCÍCIOS COM BARRAS","BICEPS"
"masculino","Barbell-Standing-Wide-Grip-Biceps-Curl_Upper-Arms_converted","EXERCÍCIOS COM BARRAS/BICEPS/Barbell-Standing-Wide-Grip-Biceps-Curl_Upper-Arms_converted.gif","EXERCÍCIOS COM BARRAS","BICEPS"
"masculino","Barbell-Standing-Wide-grip-Curl_Upper-Arms_converted","EXERCÍCIOS COM BARRAS/BICEPS/Barbell-Standing-Wide-grip-Curl_Upper-Arms_converted.gif","EXERCÍCIOS COM BARRAS","BICEPS"
"masculino","Cheat-Curl_Upper-Arms__converted","EXERCÍCIOS COM BARRAS/BICEPS/Cheat-Curl_Upper-Arms__converted.gif","EXERCÍCIOS COM BARRAS","BICEPS"
"masculino","EZ-Bar-Seated-Close-Grip-Concentration-Curl_Upper-Arms_converted","EXERCÍCIOS COM BARRAS/BICEPS/EZ-Bar-Seated-Close-Grip-Concentration-Curl_Upper-Arms_converted.gif","EXERCÍCIOS COM BARRAS","BICEPS"
"masculino","EZ-Barbell-Close-grip-Curl_Upper-Arms__converted","EXERCÍCIOS COM BARRAS/BICEPS/EZ-Barbell-Close-grip-Curl_Upper-Arms__converted.gif","EXERCÍCIOS COM BARRAS","BICEPS"
"masculino","EZ-Barbell-Close-grip-Curl_Upper-Arms__converted 2","EXERCÍCIOS COM BARRAS/BICEPS/EZ-Barbell-Close-grip-Curl_Upper-Arms__converted 2.gif","EXERCÍCIOS COM BARRAS","BICEPS"
"masculino","EZ-Barbell-Close-Grip-Preacher-Curl_Upper-Arms_converted","EXERCÍCIOS COM BARRAS/BICEPS/EZ-Barbell-Close-Grip-Preacher-Curl_Upper-Arms_converted.gif","EXERCÍCIOS COM BARRAS","BICEPS"
"masculino","EZ-Barbell-Close-Grip-Preacher-Curl_Upper-Arms_converted 2","EXERCÍCIOS COM BARRAS/BICEPS/EZ-Barbell-Close-Grip-Preacher-Curl_Upper-Arms_converted 2.gif","EXERCÍCIOS COM BARRAS","BICEPS"
"masculino","EZ-Barbell-Curl_Upper-Arms-FIX__converted","EXERCÍCIOS COM BARRAS/BICEPS/EZ-Barbell-Curl_Upper-Arms-FIX__converted.gif","EXERCÍCIOS COM BARRAS","BICEPS"
"masculino","EZ-Barbell-Drag-Curl-(VERSION-2)_Upper-Arms__converted","EXERCÍCIOS COM BARRAS/BICEPS/EZ-Barbell-Drag-Curl-(VERSION-2)_Upper-Arms__converted.gif","EXERCÍCIOS COM BARRAS","BICEPS"
"masculino","EZ-Barbell-Preacher-Curl_Upper-Arms__converted","EXERCÍCIOS COM BARRAS/BICEPS/EZ-Barbell-Preacher-Curl_Upper-Arms__converted.gif","EXERCÍCIOS COM BARRAS","BICEPS"
"masculino","EZ-Barbell-Reverse-Grip-Curl_Forearms_converted","EXERCÍCIOS COM BARRAS/BICEPS/EZ-Barbell-Reverse-Grip-Curl_Forearms_converted.gif","EXERCÍCIOS COM BARRAS","BICEPS"
"masculino","EZ-Barbell-Reverse-grip-Preacher-Curl_Forearms__converted","EXERCÍCIOS COM BARRAS/BICEPS/EZ-Barbell-Reverse-grip-Preacher-Curl_Forearms__converted.gif","EXERCÍCIOS COM BARRAS","BICEPS"
"masculino","EZ-Barbell-Seated-Curls_Upper-Arms_converted","EXERCÍCIOS COM BARRAS/BICEPS/EZ-Barbell-Seated-Curls_Upper-Arms_converted.gif","EXERCÍCIOS COM BARRAS","BICEPS"
"masculino","EZ-Barbell-Spider-Curl_Upper-Arms-FIX__converted","EXERCÍCIOS COM BARRAS/BICEPS/EZ-Barbell-Spider-Curl_Upper-Arms-FIX__converted.gif","EXERCÍCIOS COM BARRAS","BICEPS"
"masculino","EZ-Barbell-Srtict-Curl_Upper-Arms__converted","EXERCÍCIOS COM BARRAS/BICEPS/EZ-Barbell-Srtict-Curl_Upper-Arms__converted.gif","EXERCÍCIOS COM BARRAS","BICEPS"
"masculino","EZ-Barbell-Standing-Preacher-Curl_Upper-Arms_converted","EXERCÍCIOS COM BARRAS/BICEPS/EZ-Barbell-Standing-Preacher-Curl_Upper-Arms_converted.gif","EXERCÍCIOS COM BARRAS","BICEPS"
"masculino","EZ-Barbell-Standing-Wide-Grip-Biceps-Curl_Upper-Arms_converted","EXERCÍCIOS COM BARRAS/BICEPS/EZ-Barbell-Standing-Wide-Grip-Biceps-Curl_Upper-Arms_converted.gif","EXERCÍCIOS COM BARRAS","BICEPS"
"masculino","Olympic-Barbell-Hammer-Curl_Forearms_converted","EXERCÍCIOS COM BARRAS/BICEPS/Olympic-Barbell-Hammer-Curl_Forearms_converted.gif","EXERCÍCIOS COM BARRAS","BICEPS"
"masculino","Preacher-Curl---Wrists-(WRONG-RIGHT)__converted","EXERCÍCIOS COM BARRAS/BICEPS/Preacher-Curl---Wrists-(WRONG-RIGHT)__converted.gif","EXERCÍCIOS COM BARRAS","BICEPS"
"masculino","Barbell-Bent-Over-Reverse-Raise-(skier)-(male)_Shoulders__converted","EXERCÍCIOS COM BARRAS/COSTAS/Barbell-Bent-Over-Reverse-Raise-(skier)-(male)_Shoulders__converted.gif","EXERCÍCIOS COM BARRAS","COSTAS"
"masculino","Barbell-Bent-Over-Row_Back__converted","EXERCÍCIOS COM BARRAS/COSTAS/Barbell-Bent-Over-Row_Back__converted.gif","EXERCÍCIOS COM BARRAS","COSTAS"
"masculino","Barbell-Bent-Over-Wide-Grip-Row_Back__converted","EXERCÍCIOS COM BARRAS/COSTAS/Barbell-Bent-Over-Wide-Grip-Row_Back__converted.gif","EXERCÍCIOS COM BARRAS","COSTAS"
"masculino","Barbell-Incline-Rear-Delt-Row_Back__converted","EXERCÍCIOS COM BARRAS/COSTAS/Barbell-Incline-Rear-Delt-Row_Back__converted.gif","EXERCÍCIOS COM BARRAS","COSTAS"
"masculino","Barbell-Incline-Row_Back-FIX__converted","EXERCÍCIOS COM BARRAS/COSTAS/Barbell-Incline-Row_Back-FIX__converted.gif","EXERCÍCIOS COM BARRAS","COSTAS"
"masculino","Barbell-Lying-Close-Grip-Underhand-Row-on-Rack_Bac_converted","EXERCÍCIOS COM BARRAS/COSTAS/Barbell-Lying-Close-Grip-Underhand-Row-on-Rack_Bac_converted.gif","EXERCÍCIOS COM BARRAS","COSTAS"
"masculino","Barbell-Lying-Row-on-Rack_Back__converted","EXERCÍCIOS COM BARRAS/COSTAS/Barbell-Lying-Row-on-Rack_Back__converted.gif","EXERCÍCIOS COM BARRAS","COSTAS"
"masculino","Barbell-Lying-Seal-Row-on-Rack_Back__converted","EXERCÍCIOS COM BARRAS/COSTAS/Barbell-Lying-Seal-Row-on-Rack_Back__converted.gif","EXERCÍCIOS COM BARRAS","COSTAS"
"masculino","Barbell-One-Arm-Bent-over-Row_Back__converted","EXERCÍCIOS COM BARRAS/COSTAS/Barbell-One-Arm-Bent-over-Row_Back__converted.gif","EXERCÍCIOS COM BARRAS","COSTAS"
"masculino","Barbell-Pendlay-Row_Back__converted","EXERCÍCIOS COM BARRAS/COSTAS/Barbell-Pendlay-Row_Back__converted.gif","EXERCÍCIOS COM BARRAS","COSTAS"
"masculino","Barbell-Rear-Delt-Row_Shoulders__converted","EXERCÍCIOS COM BARRAS/COSTAS/Barbell-Rear-Delt-Row_Shoulders__converted.gif","EXERCÍCIOS COM BARRAS","COSTAS"
"masculino","Barbell-Reverse-Grip-Incline-Bench-Row_Back_converted","EXERCÍCIOS COM BARRAS/COSTAS/Barbell-Reverse-Grip-Incline-Bench-Row_Back_converted.gif","EXERCÍCIOS COM BARRAS","COSTAS"
"masculino","Cambered-Bar-Lying-Row_Back_converted","EXERCÍCIOS COM BARRAS/COSTAS/Cambered-Bar-Lying-Row_Back_converted.gif","EXERCÍCIOS COM BARRAS","COSTAS"
"masculino","EZ-Bar-Reverse-Grip-Bent-Over-Row_Back__converted","EXERCÍCIOS COM BARRAS/COSTAS/EZ-Bar-Reverse-Grip-Bent-Over-Row_Back__converted.gif","EXERCÍCIOS COM BARRAS","COSTAS"
"masculino","Barbell-Front-Raise_Shoulders_converted","EXERCÍCIOS COM BARRAS/OMBROS/Barbell-Front-Raise_Shoulders_converted.gif","EXERCÍCIOS COM BARRAS","OMBROS"
"masculino","Barbell-Incline-Lying-Rear-Delt-Raise_Shoulders__converted","EXERCÍCIOS COM BARRAS/OMBROS/Barbell-Incline-Lying-Rear-Delt-Raise_Shoulders__converted.gif","EXERCÍCIOS COM BARRAS","OMBROS"
"masculino","Barbell-Rear-Delt-Raise_shoulder_converted","EXERCÍCIOS COM BARRAS/OMBROS/Barbell-Rear-Delt-Raise_shoulder_converted.gif","EXERCÍCIOS COM BARRAS","OMBROS"
"masculino","Barbell-Reverse-Grip-Overhead-Press-(male)_Shoulde_converted","EXERCÍCIOS COM BARRAS/OMBROS/Barbell-Reverse-Grip-Overhead-Press-(male)_Shoulde_converted.gif","EXERCÍCIOS COM BARRAS","OMBROS"
"masculino","Barbell-Seated-Behind-Head-Military-Press_Shoulders_converted","EXERCÍCIOS COM BARRAS/OMBROS/Barbell-Seated-Behind-Head-Military-Press_Shoulders_converted.gif","EXERCÍCIOS COM BARRAS","OMBROS"
"masculino","Barbell-Seated-Front-Raise_Shoulders__converted","EXERCÍCIOS COM BARRAS/OMBROS/Barbell-Seated-Front-Raise_Shoulders__converted.gif","EXERCÍCIOS COM BARRAS","OMBROS"
"masculino","Barbell-Seated-Military-Press-(inside-squat-cage)_Shoulders_converted","EXERCÍCIOS COM BARRAS/OMBROS/Barbell-Seated-Military-Press-(inside-squat-cage)_Shoulders_converted.gif","EXERCÍCIOS COM BARRAS","OMBROS"
"masculino","Barbell-Seated-Overhead-Press_Shoulders_converted","EXERCÍCIOS COM BARRAS/OMBROS/Barbell-Seated-Overhead-Press_Shoulders_converted.gif","EXERCÍCIOS COM BARRAS","OMBROS"
"masculino","Barbell-Standing-Close-Grip-Military-Press_Shoulders_converted","EXERCÍCIOS COM BARRAS/OMBROS/Barbell-Standing-Close-Grip-Military-Press_Shoulders_converted.gif","EXERCÍCIOS COM BARRAS","OMBROS"
"masculino","Barbell-Standing-Military-Press-(without-rack)_Shoulders_converted","EXERCÍCIOS COM BARRAS/OMBROS/Barbell-Standing-Military-Press-(without-rack)_Shoulders_converted.gif","EXERCÍCIOS COM BARRAS","OMBROS"
"masculino","Barbell-Standing-Military-Press-(without-rack)_Shoulders_without-weight_converted","EXERCÍCIOS COM BARRAS/OMBROS/Barbell-Standing-Military-Press-(without-rack)_Shoulders_without-weight_converted.gif","EXERCÍCIOS COM BARRAS","OMBROS"
"masculino","Barbell-Standing-Shoulders-Press_Shoulders__converted","EXERCÍCIOS COM BARRAS/OMBROS/Barbell-Standing-Shoulders-Press_Shoulders__converted.gif","EXERCÍCIOS COM BARRAS","OMBROS"
"masculino","Barbell-Standing-Wide-Military-Press_Shoulders_converted","EXERCÍCIOS COM BARRAS/OMBROS/Barbell-Standing-Wide-Military-Press_Shoulders_converted.gif","EXERCÍCIOS COM BARRAS","OMBROS"
"masculino","Barbell-Upright-Row (360-degrees)_shoulder_converted","EXERCÍCIOS COM BARRAS/OMBROS/Barbell-Upright-Row (360-degrees)_shoulder_converted.gif","EXERCÍCIOS COM BARRAS","OMBROS"
"masculino","Barbell-Upright-Row_shoulder_converted","EXERCÍCIOS COM BARRAS/OMBROS/Barbell-Upright-Row_shoulder_converted.gif","EXERCÍCIOS COM BARRAS","OMBROS"
"masculino","Barbell-Upright-Row_Shoulders_converted","EXERCÍCIOS COM BARRAS/OMBROS/Barbell-Upright-Row_Shoulders_converted.gif","EXERCÍCIOS COM BARRAS","OMBROS"
"masculino","Barbell-Upright-Row_Shoulders_without-weight_converted","EXERCÍCIOS COM BARRAS/OMBROS/Barbell-Upright-Row_Shoulders_without-weight_converted.gif","EXERCÍCIOS COM BARRAS","OMBROS"
"masculino","Barbell-Wide-Grip-Upright-Row_Shoulders_converted","EXERCÍCIOS COM BARRAS/OMBROS/Barbell-Wide-Grip-Upright-Row_Shoulders_converted.gif","EXERCÍCIOS COM BARRAS","OMBROS"
"masculino","Barbell-Wide-Grip-Upright-Row-(front-POV)_Shoulders__converted","EXERCÍCIOS COM BARRAS/OMBROS/Barbell-Wide-Grip-Upright-Row-(front-POV)_Shoulders__converted.gif","EXERCÍCIOS COM BARRAS","OMBROS"
"masculino","Barbell-Z-Press_Shoulders__converted","EXERCÍCIOS COM BARRAS/OMBROS/Barbell-Z-Press_Shoulders__converted.gif","EXERCÍCIOS COM BARRAS","OMBROS"
"masculino","EZ-bar-Seated-Close-grip-Shoulder-Press_Shoulders__converted","EXERCÍCIOS COM BARRAS/OMBROS/EZ-bar-Seated-Close-grip-Shoulder-Press_Shoulders__converted.gif","EXERCÍCIOS COM BARRAS","OMBROS"
"masculino","EZ-Bar-Standing-Front-Raise_Shoulders__converted","EXERCÍCIOS COM BARRAS/OMBROS/EZ-Bar-Standing-Front-Raise_Shoulders__converted.gif","EXERCÍCIOS COM BARRAS","OMBROS"
"masculino","EZ-Barbell-Anti-Gravity-Press_Shoulders-FIX__converted","EXERCÍCIOS COM BARRAS/OMBROS/EZ-Barbell-Anti-Gravity-Press_Shoulders-FIX__converted.gif","EXERCÍCIOS COM BARRAS","OMBROS"
"masculino","Trap-Bar-Overhead-Press-(male)_Shoulders__converted","EXERCÍCIOS COM BARRAS/OMBROS/Trap-Bar-Overhead-Press-(male)_Shoulders__converted.gif","EXERCÍCIOS COM BARRAS","OMBROS"
"masculino","Weighted-Bar-Standing-Lateral-Raise-(male)_Shoulde_converted","EXERCÍCIOS COM BARRAS/OMBROS/Weighted-Bar-Standing-Lateral-Raise-(male)_Shoulde_converted.gif","EXERCÍCIOS COM BARRAS","OMBROS"
"masculino","Barbell-Floor-Calf-Raise_Calves__converted","EXERCÍCIOS COM BARRAS/PANTURRILHAS/Barbell-Floor-Calf-Raise_Calves__converted.gif","EXERCÍCIOS COM BARRAS","PANTURRILHAS"
"masculino","Barbell-Seated-Calf-Raise_Calves_converted","EXERCÍCIOS COM BARRAS/PANTURRILHAS/Barbell-Seated-Calf-Raise_Calves_converted.gif","EXERCÍCIOS COM BARRAS","PANTURRILHAS"
"masculino","Barbell-Standing-Bent-Knee-Calf-Raise-from-Deficit_converted","EXERCÍCIOS COM BARRAS/PANTURRILHAS/Barbell-Standing-Bent-Knee-Calf-Raise-from-Deficit_converted.gif","EXERCÍCIOS COM BARRAS","PANTURRILHAS"
"masculino","Barbell-Standing-Calf-Raise_Calves_converted","EXERCÍCIOS COM BARRAS/PANTURRILHAS/Barbell-Standing-Calf-Raise_Calves_converted.gif","EXERCÍCIOS COM BARRAS","PANTURRILHAS"
"masculino","Barbell-Standing-Leg-Calf-Raise_Calves_converted","EXERCÍCIOS COM BARRAS/PANTURRILHAS/Barbell-Standing-Leg-Calf-Raise_Calves_converted.gif","EXERCÍCIOS COM BARRAS","PANTURRILHAS"
"masculino","Barbell-Banded-Bench-Press_Chest__converted","EXERCÍCIOS COM BARRAS/PEITO/Barbell-Banded-Bench-Press_Chest__converted.gif","EXERCÍCIOS COM BARRAS","PEITO"
"masculino","Barbell-Bench-Press_Chest-FIX2__converted","EXERCÍCIOS COM BARRAS/PEITO/Barbell-Bench-Press_Chest-FIX2__converted.gif","EXERCÍCIOS COM BARRAS","PEITO"
"masculino","Barbell-Bench-Press-with-1-board_Chest__converted","EXERCÍCIOS COM BARRAS/PEITO/Barbell-Bench-Press-with-1-board_Chest__converted.gif","EXERCÍCIOS COM BARRAS","PEITO"
"masculino","Barbell-Bent-Arm-Pullover-(male)_Back__converted","EXERCÍCIOS COM BARRAS/PEITO/Barbell-Bent-Arm-Pullover-(male)_Back__converted.gif","EXERCÍCIOS COM BARRAS","PEITO"
"masculino","Barbell-Close-Grip-Bench-Press_Upper-Arms-FIX__converted","EXERCÍCIOS COM BARRAS/PEITO/Barbell-Close-Grip-Bench-Press_Upper-Arms-FIX__converted.gif","EXERCÍCIOS COM BARRAS","PEITO"
"masculino","Barbell-Close-Grip-Larsen-Press-(male)_Chest__converted","EXERCÍCIOS COM BARRAS/PEITO/Barbell-Close-Grip-Larsen-Press-(male)_Chest__converted.gif","EXERCÍCIOS COM BARRAS","PEITO"
"masculino","Barbell-Decline-Bench-Press_Chest-FIX__converted","EXERCÍCIOS COM BARRAS/PEITO/Barbell-Decline-Bench-Press_Chest-FIX__converted.gif","EXERCÍCIOS COM BARRAS","PEITO"
"masculino","Barbell-Decline-Pullover_Chest_converted","EXERCÍCIOS COM BARRAS/PEITO/Barbell-Decline-Pullover_Chest_converted.gif","EXERCÍCIOS COM BARRAS","PEITO"
"masculino","Barbell-Explosive-Bench-Press_Chest__converted","EXERCÍCIOS COM BARRAS/PEITO/Barbell-Explosive-Bench-Press_Chest__converted.gif","EXERCÍCIOS COM BARRAS","PEITO"
"masculino","Barbell-Feet-Flat-Bench-Press-(male)_Chest__converted","EXERCÍCIOS COM BARRAS/PEITO/Barbell-Feet-Flat-Bench-Press-(male)_Chest__converted.gif","EXERCÍCIOS COM BARRAS","PEITO"
"masculino","Barbell-Floor-Chest-Press_Chest__converted","EXERCÍCIOS COM BARRAS/PEITO/Barbell-Floor-Chest-Press_Chest__converted.gif","EXERCÍCIOS COM BARRAS","PEITO"
"masculino","Barbell-Guillotine-Bench-Press_Chest_converted","EXERCÍCIOS COM BARRAS/PEITO/Barbell-Guillotine-Bench-Press_Chest_converted.gif","EXERCÍCIOS COM BARRAS","PEITO"
"masculino","Barbell-Incline-Bench-Press_Chest-FIX2__converted","EXERCÍCIOS COM BARRAS/PEITO/Barbell-Incline-Bench-Press_Chest-FIX2__converted.gif","EXERCÍCIOS COM BARRAS","PEITO"
"masculino","Barbell-Incline-Close-Grip-Bench-Press_Upper-Arms__converted","EXERCÍCIOS COM BARRAS/PEITO/Barbell-Incline-Close-Grip-Bench-Press_Upper-Arms__converted.gif","EXERCÍCIOS COM BARRAS","PEITO"
"masculino","Barbell-Incline-Shoulders-Press-(inside-squat-cage_converted","EXERCÍCIOS COM BARRAS/PEITO/Barbell-Incline-Shoulders-Press-(inside-squat-cage_converted.gif","EXERCÍCIOS COM BARRAS","PEITO"
"masculino","Barbell-Incline-Shoulders-Press-(male)_Shoulders__converted","EXERCÍCIOS COM BARRAS/PEITO/Barbell-Incline-Shoulders-Press-(male)_Shoulders__converted.gif","EXERCÍCIOS COM BARRAS","PEITO"
"masculino","Barbell-JM-Bench-Press_Upper-Arms-FIX__converted","EXERCÍCIOS COM BARRAS/PEITO/Barbell-JM-Bench-Press_Upper-Arms-FIX__converted.gif","EXERCÍCIOS COM BARRAS","PEITO"
"masculino","Barbell-Larsen-Press-(male)_Chest__converted","EXERCÍCIOS COM BARRAS/PEITO/Barbell-Larsen-Press-(male)_Chest__converted.gif","EXERCÍCIOS COM BARRAS","PEITO"
"masculino","Barbell-Leg-Twist-Press_Chest__converted","EXERCÍCIOS COM BARRAS/PEITO/Barbell-Leg-Twist-Press_Chest__converted.gif","EXERCÍCIOS COM BARRAS","PEITO"
"masculino","Barbell-Lying-Close-grip-Press_Upper-Arms_converted","EXERCÍCIOS COM BARRAS/PEITO/Barbell-Lying-Close-grip-Press_Upper-Arms_converted.gif","EXERCÍCIOS COM BARRAS","PEITO"
"masculino","Barbell-Pause-Bench-Press_Chest__converted","EXERCÍCIOS COM BARRAS/PEITO/Barbell-Pause-Bench-Press_Chest__converted.gif","EXERCÍCIOS COM BARRAS","PEITO"
"masculino","Barbell-Pause-Decline-Bench-Press_Chest__converted","EXERCÍCIOS COM BARRAS/PEITO/Barbell-Pause-Decline-Bench-Press_Chest__converted.gif","EXERCÍCIOS COM BARRAS","PEITO"
"masculino","Barbell-Pause-Incline-Bench-Press_Chest__converted","EXERCÍCIOS COM BARRAS/PEITO/Barbell-Pause-Incline-Bench-Press_Chest__converted.gif","EXERCÍCIOS COM BARRAS","PEITO"
"masculino","Barbell-Pin-Bench-Press-Conventional-grip-(male)_C_converted","EXERCÍCIOS COM BARRAS/PEITO/Barbell-Pin-Bench-Press-Conventional-grip-(male)_C_converted.gif","EXERCÍCIOS COM BARRAS","PEITO"
"masculino","Barbell-Pin-Chest-Press_Chest__converted","EXERCÍCIOS COM BARRAS/PEITO/Barbell-Pin-Chest-Press_Chest__converted.gif","EXERCÍCIOS COM BARRAS","PEITO"
"masculino","Barbell-Pullover_Back__converted","EXERCÍCIOS COM BARRAS/PEITO/Barbell-Pullover_Back__converted.gif","EXERCÍCIOS COM BARRAS","PEITO"
"masculino","Barbell-Pullover-To-Press_Back_converted","EXERCÍCIOS COM BARRAS/PEITO/Barbell-Pullover-To-Press_Back_converted.gif","EXERCÍCIOS COM BARRAS","PEITO"
"masculino","Barbell-Pullover-with-Bench-Press-(male)_Chest__converted","EXERCÍCIOS COM BARRAS/PEITO/Barbell-Pullover-with-Bench-Press-(male)_Chest__converted.gif","EXERCÍCIOS COM BARRAS","PEITO"
"masculino","Barbell-Reverse-Close-grip-Bench-Press_Upper-Arms_converted","EXERCÍCIOS COM BARRAS/PEITO/Barbell-Reverse-Close-grip-Bench-Press_Upper-Arms_converted.gif","EXERCÍCIOS COM BARRAS","PEITO"
"masculino","Barbell-Reverse-Grip-Bench-Press_Chest__converted","EXERCÍCIOS COM BARRAS/PEITO/Barbell-Reverse-Grip-Bench-Press_Chest__converted.gif","EXERCÍCIOS COM BARRAS","PEITO"
"masculino","Barbell-Reverse-Grip-Bench-Press-on-Floor_Chest__converted","EXERCÍCIOS COM BARRAS/PEITO/Barbell-Reverse-Grip-Bench-Press-on-Floor_Chest__converted.gif","EXERCÍCIOS COM BARRAS","PEITO"
"masculino","Barbell-Rollout_Hips-FIX__converted","EXERCÍCIOS COM BARRAS/PEITO/Barbell-Rollout_Hips-FIX__converted.gif","EXERCÍCIOS COM BARRAS","PEITO"
"masculino","Barbell-Weighted-Chains-Bench-Press-(male)_Chest__converted","EXERCÍCIOS COM BARRAS/PEITO/Barbell-Weighted-Chains-Bench-Press-(male)_Chest__converted.gif","EXERCÍCIOS COM BARRAS","PEITO"
"masculino","Barbell-Wide-Bench-Press_Chest_converted","EXERCÍCIOS COM BARRAS/PEITO/Barbell-Wide-Bench-Press_Chest_converted.gif","EXERCÍCIOS COM BARRAS","PEITO"
"masculino","EZ-Bar-Knelling-Rollout_Waist__converted","EXERCÍCIOS COM BARRAS/PEITO/EZ-Bar-Knelling-Rollout_Waist__converted.gif","EXERCÍCIOS COM BARRAS","PEITO"
"masculino","EZ-Bar-Lying-Bent-Arms-Pullover_Back_converted","EXERCÍCIOS COM BARRAS/PEITO/EZ-Bar-Lying-Bent-Arms-Pullover_Back_converted.gif","EXERCÍCIOS COM BARRAS","PEITO"
"masculino","EZ-Barbell-Bench-Press_Chest__converted","EXERCÍCIOS COM BARRAS/PEITO/EZ-Barbell-Bench-Press_Chest__converted.gif","EXERCÍCIOS COM BARRAS","PEITO"
"masculino","Old-School-Reverse-Extensions_Upeer-Arms__converted","EXERCÍCIOS COM BARRAS/PEITO/Old-School-Reverse-Extensions_Upeer-Arms__converted.gif","EXERCÍCIOS COM BARRAS","PEITO"
"masculino","Axle-Deadlift-(male)_Hips__converted","EXERCÍCIOS COM BARRAS/PERNA/Axle-Deadlift-(male)_Hips__converted.gif","EXERCÍCIOS COM BARRAS","PERNA"
"masculino","Barbell-Banded-Bench-Squat_Thighs__converted","EXERCÍCIOS COM BARRAS/PERNA/Barbell-Banded-Bench-Squat_Thighs__converted.gif","EXERCÍCIOS COM BARRAS","PERNA"
"masculino","Barbell-Behind-the-Back-Push-Press_Weightlifting__converted","EXERCÍCIOS COM BARRAS/PERNA/Barbell-Behind-the-Back-Push-Press_Weightlifting__converted.gif","EXERCÍCIOS COM BARRAS","PERNA"
"masculino","Barbell-Bench-Lateral-Step-up-(male)_Thighs__converted","EXERCÍCIOS COM BARRAS/PERNA/Barbell-Bench-Lateral-Step-up-(male)_Thighs__converted.gif","EXERCÍCIOS COM BARRAS","PERNA"
"masculino","Barbell-Bench-Squat_Hips__converted","EXERCÍCIOS COM BARRAS/PERNA/Barbell-Bench-Squat_Hips__converted.gif","EXERCÍCIOS COM BARRAS","PERNA"
"masculino","Barbell-Box-Squat_Hips__converted","EXERCÍCIOS COM BARRAS/PERNA/Barbell-Box-Squat_Hips__converted.gif","EXERCÍCIOS COM BARRAS","PERNA"
"masculino","Barbell-Clean-and-Jerk_Weightlifting__converted","EXERCÍCIOS COM BARRAS/PERNA/Barbell-Clean-and-Jerk_Weightlifting__converted.gif","EXERCÍCIOS COM BARRAS","PERNA"
"masculino","Barbell-Clean-and-Press_Shoulders-FIX__converted","EXERCÍCIOS COM BARRAS/PERNA/Barbell-Clean-and-Press_Shoulders-FIX__converted.gif","EXERCÍCIOS COM BARRAS","PERNA"
"masculino","Barbell-Clean-Deadlift_Thighs__converted","EXERCÍCIOS COM BARRAS/PERNA/Barbell-Clean-Deadlift_Thighs__converted.gif","EXERCÍCIOS COM BARRAS","PERNA"
"masculino","Barbell-Clean-grip-Front-Squat_Thighs-FIX__converted","EXERCÍCIOS COM BARRAS/PERNA/Barbell-Clean-grip-Front-Squat_Thighs-FIX__converted.gif","EXERCÍCIOS COM BARRAS","PERNA"
"masculino","Barbell-Clean-High-Pull_Weightlifts__converted","EXERCÍCIOS COM BARRAS/PERNA/Barbell-Clean-High-Pull_Weightlifts__converted.gif","EXERCÍCIOS COM BARRAS","PERNA"
"masculino","Barbell-Clean-Pull_Weightlifts__converted","EXERCÍCIOS COM BARRAS/PERNA/Barbell-Clean-Pull_Weightlifts__converted.gif","EXERCÍCIOS COM BARRAS","PERNA"
"masculino","Barbell-Cossack-Squat-(male)_Hips__converted","EXERCÍCIOS COM BARRAS/PERNA/Barbell-Cossack-Squat-(male)_Hips__converted.gif","EXERCÍCIOS COM BARRAS","PERNA"
"masculino","Barbell-Curtsey-Lunge_Thighs__converted","EXERCÍCIOS COM BARRAS/PERNA/Barbell-Curtsey-Lunge_Thighs__converted.gif","EXERCÍCIOS COM BARRAS","PERNA"
"masculino","Barbell-Deadlift_Hips-FIX_converted","EXERCÍCIOS COM BARRAS/PERNA/Barbell-Deadlift_Hips-FIX_converted.gif","EXERCÍCIOS COM BARRAS","PERNA"
"masculino","Barbell-Deadlift-(360-degrees)_Hips_converted","EXERCÍCIOS COM BARRAS/PERNA/Barbell-Deadlift-(360-degrees)_Hips_converted.gif","EXERCÍCIOS COM BARRAS","PERNA"
"masculino","Barbell-Deadlift-(front-POV)-(male)_Hips__converted","EXERCÍCIOS COM BARRAS/PERNA/Barbell-Deadlift-(front-POV)-(male)_Hips__converted.gif","EXERCÍCIOS COM BARRAS","PERNA"
"masculino","Barbell-Deadlift-(side-POV)-(male)_Hips__converted","EXERCÍCIOS COM BARRAS/PERNA/Barbell-Deadlift-(side-POV)-(male)_Hips__converted.gif","EXERCÍCIOS COM BARRAS","PERNA"
"masculino","Barbell-Deadlift-from-Blocks_Hips__converted","EXERCÍCIOS COM BARRAS/PERNA/Barbell-Deadlift-from-Blocks_Hips__converted.gif","EXERCÍCIOS COM BARRAS","PERNA"
"masculino","Barbell-Deadlift-from-Deficit_Hips__converted","EXERCÍCIOS COM BARRAS/PERNA/Barbell-Deadlift-from-Deficit_Hips__converted.gif","EXERCÍCIOS COM BARRAS","PERNA"
"masculino","Barbell-Dimel-Deadlift-(male)_Hips__converted","EXERCÍCIOS COM BARRAS/PERNA/Barbell-Dimel-Deadlift-(male)_Hips__converted.gif","EXERCÍCIOS COM BARRAS","PERNA"
"masculino","Barbell-Elevated-Heel-Clean-Grip-Squat_Thighs__converted","EXERCÍCIOS COM BARRAS/PERNA/Barbell-Elevated-Heel-Clean-Grip-Squat_Thighs__converted.gif","EXERCÍCIOS COM BARRAS","PERNA"
"masculino","Barbell-Elevated-Heel-Squat_Thighs__converted","EXERCÍCIOS COM BARRAS/PERNA/Barbell-Elevated-Heel-Squat_Thighs__converted.gif","EXERCÍCIOS COM BARRAS","PERNA"
"masculino","Barbell-Forward-Backward-Lunge-(male)_Thighs__converted","EXERCÍCIOS COM BARRAS/PERNA/Barbell-Forward-Backward-Lunge-(male)_Thighs__converted.gif","EXERCÍCIOS COM BARRAS","PERNA"
"masculino","Barbell-Forward-Backward-Lunge-(VERSION-2)-(male)__converted","EXERCÍCIOS COM BARRAS/PERNA/Barbell-Forward-Backward-Lunge-(VERSION-2)-(male)__converted.gif","EXERCÍCIOS COM BARRAS","PERNA"
"masculino","Barbell-Front-Bench-Squat_Thighs__converted","EXERCÍCIOS COM BARRAS/PERNA/Barbell-Front-Bench-Squat_Thighs__converted.gif","EXERCÍCIOS COM BARRAS","PERNA"
"masculino","Barbell-Front-Chest-Squat_Thighs_converted","EXERCÍCIOS COM BARRAS/PERNA/Barbell-Front-Chest-Squat_Thighs_converted.gif","EXERCÍCIOS COM BARRAS","PERNA"
"masculino","Barbell-Front-Rack-Lunge_Thighs_converted","EXERCÍCIOS COM BARRAS/PERNA/Barbell-Front-Rack-Lunge_Thighs_converted.gif","EXERCÍCIOS COM BARRAS","PERNA"
"masculino","Barbell-Front-Squat_Hips-FIX__converted","EXERCÍCIOS COM BARRAS/PERNA/Barbell-Front-Squat_Hips-FIX__converted.gif","EXERCÍCIOS COM BARRAS","PERNA"
"masculino","Barbell-Full-Clean_Weightlifting__converted","EXERCÍCIOS COM BARRAS/PERNA/Barbell-Full-Clean_Weightlifting__converted.gif","EXERCÍCIOS COM BARRAS","PERNA"
"masculino","Barbell-Full-Clean_Weightlifting-FIX__converted","EXERCÍCIOS COM BARRAS/PERNA/Barbell-Full-Clean_Weightlifting-FIX__converted.gif","EXERCÍCIOS COM BARRAS","PERNA"
"masculino","Barbell-Full-Squat_Thighs-FIX__converted","EXERCÍCIOS COM BARRAS/PERNA/Barbell-Full-Squat_Thighs-FIX__converted.gif","EXERCÍCIOS COM BARRAS","PERNA"
"masculino","Barbell-Full-Squat-(Back-POV)_Thighs-FIX__converted","EXERCÍCIOS COM BARRAS/PERNA/Barbell-Full-Squat-(Back-POV)_Thighs-FIX__converted.gif","EXERCÍCIOS COM BARRAS","PERNA"
"masculino","Barbell-Full-Squat-(Side-POV)_Thighs-FIX__converted","EXERCÍCIOS COM BARRAS/PERNA/Barbell-Full-Squat-(Side-POV)_Thighs-FIX__converted.gif","EXERCÍCIOS COM BARRAS","PERNA"
"masculino","Barbell-full-Zercher-Squat_Thighs_converted","EXERCÍCIOS COM BARRAS/PERNA/Barbell-full-Zercher-Squat_Thighs_converted.gif","EXERCÍCIOS COM BARRAS","PERNA"
"masculino","Barbell-Glute-Bridge-(hands-on-bar)_Hips__converted","EXERCÍCIOS COM BARRAS/PERNA/Barbell-Glute-Bridge-(hands-on-bar)_Hips__converted.gif","EXERCÍCIOS COM BARRAS","PERNA"
"masculino","Barbell-Good-Morning_Thighs-FIX__converted","EXERCÍCIOS COM BARRAS/PERNA/Barbell-Good-Morning_Thighs-FIX__converted.gif","EXERCÍCIOS COM BARRAS","PERNA"
"masculino","Barbell-Hack-Squat_Hips-FIX__converted","EXERCÍCIOS COM BARRAS/PERNA/Barbell-Hack-Squat_Hips-FIX__converted.gif","EXERCÍCIOS COM BARRAS","PERNA"
"masculino","Barbell-Hang-Clean_Weightlifts-FIX__converted","EXERCÍCIOS COM BARRAS/PERNA/Barbell-Hang-Clean_Weightlifts-FIX__converted.gif","EXERCÍCIOS COM BARRAS","PERNA"
"masculino","Barbell-Hang-Clean-Below-the-Knees_Weightlifts__converted","EXERCÍCIOS COM BARRAS/PERNA/Barbell-Hang-Clean-Below-the-Knees_Weightlifts__converted.gif","EXERCÍCIOS COM BARRAS","PERNA"
"masculino","Barbell-Hang-Snatch_Weightlifts-FIX_ copy_converted","EXERCÍCIOS COM BARRAS/PERNA/Barbell-Hang-Snatch_Weightlifts-FIX_ copy_converted.gif","EXERCÍCIOS COM BARRAS","PERNA"
"masculino","Barbell-Hang-Snatch_Weightlifts-FIX__converted","EXERCÍCIOS COM BARRAS/PERNA/Barbell-Hang-Snatch_Weightlifts-FIX__converted.gif","EXERCÍCIOS COM BARRAS","PERNA"
"masculino","Barbell-Hang-Snatch-Below-the-Knees_Weightlifts__converted","EXERCÍCIOS COM BARRAS/PERNA/Barbell-Hang-Snatch-Below-the-Knees_Weightlifts__converted.gif","EXERCÍCIOS COM BARRAS","PERNA"
"masculino","Barbell-High-Bar-Squat_Thighs__converted","EXERCÍCIOS COM BARRAS/PERNA/Barbell-High-Bar-Squat_Thighs__converted.gif","EXERCÍCIOS COM BARRAS","PERNA"
"masculino","Barbell-Hip-Thrust_Hips-FIX__converted","EXERCÍCIOS COM BARRAS/PERNA/Barbell-Hip-Thrust_Hips-FIX__converted.gif","EXERCÍCIOS COM BARRAS","PERNA"
"masculino","Barbell-Hook-grip-Deadlift-(male)_Hips__converted","EXERCÍCIOS COM BARRAS/PERNA/Barbell-Hook-grip-Deadlift-(male)_Hips__converted.gif","EXERCÍCIOS COM BARRAS","PERNA"
"masculino","Barbell-Hyperextension-(male)_Hips__converted","EXERCÍCIOS COM BARRAS/PERNA/Barbell-Hyperextension-(male)_Hips__converted.gif","EXERCÍCIOS COM BARRAS","PERNA"
"masculino","Barbell-Jefferson-Squat_Thighs-FIX__converted","EXERCÍCIOS COM BARRAS/PERNA/Barbell-Jefferson-Squat_Thighs-FIX__converted.gif","EXERCÍCIOS COM BARRAS","PERNA"
"masculino","Barbell-Jump-Squat_Thighs__converted","EXERCÍCIOS COM BARRAS/PERNA/Barbell-Jump-Squat_Thighs__converted.gif","EXERCÍCIOS COM BARRAS","PERNA"
"masculino","Barbell-Lateral-Lunge_Hips_converted","EXERCÍCIOS COM BARRAS/PERNA/Barbell-Lateral-Lunge_Hips_converted.gif","EXERCÍCIOS COM BARRAS","PERNA"
"masculino","Barbell-Low-Bar-Squat_Thighs-FIX__converted","EXERCÍCIOS COM BARRAS/PERNA/Barbell-Low-Bar-Squat_Thighs-FIX__converted.gif","EXERCÍCIOS COM BARRAS","PERNA"
"masculino","Barbell-Low-Bar-Squat-with-Rack_Thighs__converted","EXERCÍCIOS COM BARRAS/PERNA/Barbell-Low-Bar-Squat-with-Rack_Thighs__converted.gif","EXERCÍCIOS COM BARRAS","PERNA"
"masculino","Barbell-Low-Split-Squat-(male)_Thighs__converted","EXERCÍCIOS COM BARRAS/PERNA/Barbell-Low-Split-Squat-(male)_Thighs__converted.gif","EXERCÍCIOS COM BARRAS","PERNA"
"masculino","Barbell-Lunge_Thighs-FIX__converted","EXERCÍCIOS COM BARRAS/PERNA/Barbell-Lunge_Thighs-FIX__converted.gif","EXERCÍCIOS COM BARRAS","PERNA"
"masculino","Barbell-Lunge-Twist-(male)_Thighs__converted","EXERCÍCIOS COM BARRAS/PERNA/Barbell-Lunge-Twist-(male)_Thighs__converted.gif","EXERCÍCIOS COM BARRAS","PERNA"
"masculino","Barbell-Mixed-grip-Deadlift-(male)_Hips__converted","EXERCÍCIOS COM BARRAS/PERNA/Barbell-Mixed-grip-Deadlift-(male)_Hips__converted.gif","EXERCÍCIOS COM BARRAS","PERNA"
"masculino","Barbell-Muscle-Clean_Weightlifting__converted","EXERCÍCIOS COM BARRAS/PERNA/Barbell-Muscle-Clean_Weightlifting__converted.gif","EXERCÍCIOS COM BARRAS","PERNA"
"masculino","Barbell-Narrow-Stance-Squat-(male)_Thighs__converted","EXERCÍCIOS COM BARRAS/PERNA/Barbell-Narrow-Stance-Squat-(male)_Thighs__converted.gif","EXERCÍCIOS COM BARRAS","PERNA"
"masculino","Barbell-Olympic-Squat_Thighs__converted","EXERCÍCIOS COM BARRAS/PERNA/Barbell-Olympic-Squat_Thighs__converted.gif","EXERCÍCIOS COM BARRAS","PERNA"
"masculino","Barbell-One-Arm-Side-Deadlift_Thighs-FIX__converted","EXERCÍCIOS COM BARRAS/PERNA/Barbell-One-Arm-Side-Deadlift_Thighs-FIX__converted.gif","EXERCÍCIOS COM BARRAS","PERNA"
"masculino","Barbell-One-Arm-Twisted-Clean-and-Press_Hips__converted","EXERCÍCIOS COM BARRAS/PERNA/Barbell-One-Arm-Twisted-Clean-and-Press_Hips__converted.gif","EXERCÍCIOS COM BARRAS","PERNA"
"masculino","Barbell-one-leg-hip-thrust_Hips_converted","EXERCÍCIOS COM BARRAS/PERNA/Barbell-one-leg-hip-thrust_Hips_converted.gif","EXERCÍCIOS COM BARRAS","PERNA"
"masculino","Barbell-One-Leg-Squat_Thighs-FIX__converted","EXERCÍCIOS COM BARRAS/PERNA/Barbell-One-Leg-Squat_Thighs-FIX__converted.gif","EXERCÍCIOS COM BARRAS","PERNA"
"masculino","Barbell-Overhead-Lunge_Thighs__converted","EXERCÍCIOS COM BARRAS/PERNA/Barbell-Overhead-Lunge_Thighs__converted.gif","EXERCÍCIOS COM BARRAS","PERNA"
"masculino","Barbell-Overhead-Shrug_Back__converted","EXERCÍCIOS COM BARRAS/PERNA/Barbell-Overhead-Shrug_Back__converted.gif","EXERCÍCIOS COM BARRAS","PERNA"
"masculino","Barbell-Pause-Deadlift_Hips__converted","EXERCÍCIOS COM BARRAS/PERNA/Barbell-Pause-Deadlift_Hips__converted.gif","EXERCÍCIOS COM BARRAS","PERNA"
"masculino","Barbell-Pause-Front-Squat_Hips__converted","EXERCÍCIOS COM BARRAS/PERNA/Barbell-Pause-Front-Squat_Hips__converted.gif","EXERCÍCIOS COM BARRAS","PERNA"
"masculino","Barbell-Pause-Full-Squat_Thighs__converted","EXERCÍCIOS COM BARRAS/PERNA/Barbell-Pause-Full-Squat_Thighs__converted.gif","EXERCÍCIOS COM BARRAS","PERNA"
"masculino","Barbell-Pause-Lunge_Thighs__converted","EXERCÍCIOS COM BARRAS/PERNA/Barbell-Pause-Lunge_Thighs__converted.gif","EXERCÍCIOS COM BARRAS","PERNA"
"masculino","Barbell-Paused-Bent-Over-Row_Back__converted","EXERCÍCIOS COM BARRAS/PERNA/Barbell-Paused-Bent-Over-Row_Back__converted.gif","EXERCÍCIOS COM BARRAS","PERNA"
"masculino","Barbell-Paused-Sumo-Deadlift_Hips__converted","EXERCÍCIOS COM BARRAS/PERNA/Barbell-Paused-Sumo-Deadlift_Hips__converted.gif","EXERCÍCIOS COM BARRAS","PERNA"
"masculino","Barbell-Pin-Front-Squat_Thighs__converted","EXERCÍCIOS COM BARRAS/PERNA/Barbell-Pin-Front-Squat_Thighs__converted.gif","EXERCÍCIOS COM BARRAS","PERNA"
"masculino","Barbell-Pin-Good-Morning_Thighs__converted","EXERCÍCIOS COM BARRAS/PERNA/Barbell-Pin-Good-Morning_Thighs__converted.gif","EXERCÍCIOS COM BARRAS","PERNA"
"masculino","Barbell-Power-Clean-from-Blocks_Weightlifts__converted","EXERCÍCIOS COM BARRAS/PERNA/Barbell-Power-Clean-from-Blocks_Weightlifts__converted.gif","EXERCÍCIOS COM BARRAS","PERNA"
"masculino","Barbell-Power-Jerk_Weightlifts__converted","EXERCÍCIOS COM BARRAS/PERNA/Barbell-Power-Jerk_Weightlifts__converted.gif","EXERCÍCIOS COM BARRAS","PERNA"
"masculino","Barbell-Power-Snatch_Weightlifts__converted","EXERCÍCIOS COM BARRAS/PERNA/Barbell-Power-Snatch_Weightlifts__converted.gif","EXERCÍCIOS COM BARRAS","PERNA"
"masculino","Barbell-Power-Snatch-From-Blocks_Weightlifts__converted","EXERCÍCIOS COM BARRAS/PERNA/Barbell-Power-Snatch-From-Blocks_Weightlifts__converted.gif","EXERCÍCIOS COM BARRAS","PERNA"
"masculino","Barbell-Quarter-Squat_Thighs__converted","EXERCÍCIOS COM BARRAS/PERNA/Barbell-Quarter-Squat_Thighs__converted.gif","EXERCÍCIOS COM BARRAS","PERNA"
"masculino","Barbell-Rack-Pull_Hips__converted","EXERCÍCIOS COM BARRAS/PERNA/Barbell-Rack-Pull_Hips__converted.gif","EXERCÍCIOS COM BARRAS","PERNA"
"masculino","Barbell-Rear-Lunge_Thighs__converted","EXERCÍCIOS COM BARRAS/PERNA/Barbell-Rear-Lunge_Thighs__converted.gif","EXERCÍCIOS COM BARRAS","PERNA"
"masculino","Barbell-Rear-Lunge-(VERSION-2)_Thighs__converted","EXERCÍCIOS COM BARRAS/PERNA/Barbell-Rear-Lunge-(VERSION-2)_Thighs__converted.gif","EXERCÍCIOS COM BARRAS","PERNA"
"masculino","Barbell-Reeves-Deadlift-(male)_Hips__converted","EXERCÍCIOS COM BARRAS/PERNA/Barbell-Reeves-Deadlift-(male)_Hips__converted.gif","EXERCÍCIOS COM BARRAS","PERNA"
"masculino","Barbell-Romanian-Deadlift_Hips-FIX__converted","EXERCÍCIOS COM BARRAS/PERNA/Barbell-Romanian-Deadlift_Hips-FIX__converted.gif","EXERCÍCIOS COM BARRAS","PERNA"
"masculino","Barbell-Romanian-Deadlift-to-Row-(male)_Hips__converted","EXERCÍCIOS COM BARRAS/PERNA/Barbell-Romanian-Deadlift-to-Row-(male)_Hips__converted.gif","EXERCÍCIOS COM BARRAS","PERNA"
"masculino","Barbell-Seated-Good-morning_Hips_converted","EXERCÍCIOS COM BARRAS/PERNA/Barbell-Seated-Good-morning_Hips_converted.gif","EXERCÍCIOS COM BARRAS","PERNA"
"masculino","Barbell-Side-Split-Squat-(version-2)_Thighs-FIX__converted","EXERCÍCIOS COM BARRAS/PERNA/Barbell-Side-Split-Squat-(version-2)_Thighs-FIX__converted.gif","EXERCÍCIOS COM BARRAS","PERNA"
"masculino","Barbell-Single-Leg-Deadlift_Hips__converted","EXERCÍCIOS COM BARRAS/PERNA/Barbell-Single-Leg-Deadlift_Hips__converted.gif","EXERCÍCIOS COM BARRAS","PERNA"
"masculino","Barbell-Single-Leg-Good-Morning_Thighs__converted","EXERCÍCIOS COM BARRAS/PERNA/Barbell-Single-Leg-Good-Morning_Thighs__converted.gif","EXERCÍCIOS COM BARRAS","PERNA"
"masculino","Barbell-Single-Leg-Split-Squat_Hips__converted","EXERCÍCIOS COM BARRAS/PERNA/Barbell-Single-Leg-Split-Squat_Hips__converted.gif","EXERCÍCIOS COM BARRAS","PERNA"
"masculino","Barbell-Single-Leg-Squat_Thighs__converted","EXERCÍCIOS COM BARRAS/PERNA/Barbell-Single-Leg-Squat_Thighs__converted.gif","EXERCÍCIOS COM BARRAS","PERNA"
"masculino","Barbell-Snatch_Weightlifts__converted","EXERCÍCIOS COM BARRAS/PERNA/Barbell-Snatch_Weightlifts__converted.gif","EXERCÍCIOS COM BARRAS","PERNA"
"masculino","Barbell-Snatch-Balance_Weightlifts__converted","EXERCÍCIOS COM BARRAS/PERNA/Barbell-Snatch-Balance_Weightlifts__converted.gif","EXERCÍCIOS COM BARRAS","PERNA"
"masculino","Barbell-Snatch-Deadlift_Thighs__converted","EXERCÍCIOS COM BARRAS/PERNA/Barbell-Snatch-Deadlift_Thighs__converted.gif","EXERCÍCIOS COM BARRAS","PERNA"
"masculino","Barbell-Snatch-from-Blocks_Weightlifts__converted","EXERCÍCIOS COM BARRAS/PERNA/Barbell-Snatch-from-Blocks_Weightlifts__converted.gif","EXERCÍCIOS COM BARRAS","PERNA"
"masculino","Barbell-Snatch-grip-Deadlift-(male)_Hips__converted","EXERCÍCIOS COM BARRAS/PERNA/Barbell-Snatch-grip-Deadlift-(male)_Hips__converted.gif","EXERCÍCIOS COM BARRAS","PERNA"
"masculino","Barbell-Split-Clean_Weightlifts__converted","EXERCÍCIOS COM BARRAS/PERNA/Barbell-Split-Clean_Weightlifts__converted.gif","EXERCÍCIOS COM BARRAS","PERNA"
"masculino","Barbell-Split-Jerk_Weightlifts__converted","EXERCÍCIOS COM BARRAS/PERNA/Barbell-Split-Jerk_Weightlifts__converted.gif","EXERCÍCIOS COM BARRAS","PERNA"
"masculino","Barbell-Split-Squat_Thighs__converted","EXERCÍCIOS COM BARRAS/PERNA/Barbell-Split-Squat_Thighs__converted.gif","EXERCÍCIOS COM BARRAS","PERNA"
"masculino","Barbell-Split-Squat-(VERSION-2)_Hips__converted","EXERCÍCIOS COM BARRAS/PERNA/Barbell-Split-Squat-(VERSION-2)_Hips__converted.gif","EXERCÍCIOS COM BARRAS","PERNA"
"masculino","Barbell-Split-Squat-Front-Foot-Elevanted_Thighs__converted","EXERCÍCIOS COM BARRAS/PERNA/Barbell-Split-Squat-Front-Foot-Elevanted_Thighs__converted.gif","EXERCÍCIOS COM BARRAS","PERNA"
"masculino","Barbell-Squat-(on-knees)_Thighs-FIX__converted","EXERCÍCIOS COM BARRAS/PERNA/Barbell-Squat-(on-knees)_Thighs-FIX__converted.gif","EXERCÍCIOS COM BARRAS","PERNA"
"masculino","Barbell-Squat-2-sec-Hold_Thighs_converted","EXERCÍCIOS COM BARRAS/PERNA/Barbell-Squat-2-sec-Hold_Thighs_converted.gif","EXERCÍCIOS COM BARRAS","PERNA"
"masculino","Barbell-Srtict-Curl_Upper-Arms__converted","EXERCÍCIOS COM BARRAS/PERNA/Barbell-Srtict-Curl_Upper-Arms__converted.gif","EXERCÍCIOS COM BARRAS","PERNA"
"masculino","Barbell-Staggered-Stance-Deadlift-(male)_Hips__converted","EXERCÍCIOS COM BARRAS/PERNA/Barbell-Staggered-Stance-Deadlift-(male)_Hips__converted.gif","EXERCÍCIOS COM BARRAS","PERNA"
"masculino","Barbell-Step-up_Hips-FIX__converted","EXERCÍCIOS COM BARRAS/PERNA/Barbell-Step-up_Hips-FIX__converted.gif","EXERCÍCIOS COM BARRAS","PERNA"
"masculino","Barbell-Stiff-Legged-Deadlift_Hips-FIX__converted","EXERCÍCIOS COM BARRAS/PERNA/Barbell-Stiff-Legged-Deadlift_Hips-FIX__converted.gif","EXERCÍCIOS COM BARRAS","PERNA"
"masculino","Barbell-Straight-Leg-Deadlift_Thighs_converted","EXERCÍCIOS COM BARRAS/PERNA/Barbell-Straight-Leg-Deadlift_Thighs_converted.gif","EXERCÍCIOS COM BARRAS","PERNA"
"masculino","Barbell-Sumo-Deadlift_Hips-FIX__converted","EXERCÍCIOS COM BARRAS/PERNA/Barbell-Sumo-Deadlift_Hips-FIX__converted.gif","EXERCÍCIOS COM BARRAS","PERNA"
"masculino","Barbell-Sumo-Deadlift-from-Deficit_Hips__converted","EXERCÍCIOS COM BARRAS/PERNA/Barbell-Sumo-Deadlift-from-Deficit_Hips__converted.gif","EXERCÍCIOS COM BARRAS","PERNA"
"masculino","Barbell-Sumo-Romanian-Deadlift_Hips__converted","EXERCÍCIOS COM BARRAS/PERNA/Barbell-Sumo-Romanian-Deadlift_Hips__converted.gif","EXERCÍCIOS COM BARRAS","PERNA"
"masculino","Barbell-sumo-squat_Thighs_converted","EXERCÍCIOS COM BARRAS/PERNA/Barbell-sumo-squat_Thighs_converted.gif","EXERCÍCIOS COM BARRAS","PERNA"
"masculino","Barbell-Thruster_Weightlifting__converted","EXERCÍCIOS COM BARRAS/PERNA/Barbell-Thruster_Weightlifting__converted.gif","EXERCÍCIOS COM BARRAS","PERNA"
"masculino","Barbell-Underhand-Bent-Over-Row_Back-FIX__converted","EXERCÍCIOS COM BARRAS/PERNA/Barbell-Underhand-Bent-Over-Row_Back-FIX__converted.gif","EXERCÍCIOS COM BARRAS","PERNA"
"masculino","Barbell-Walking-Lunge_Thighs__converted","EXERCÍCIOS COM BARRAS/PERNA/Barbell-Walking-Lunge_Thighs__converted.gif","EXERCÍCIOS COM BARRAS","PERNA"
"masculino","Barbell-Weighted-Chains-Bench-Squat-(male)_Thighs__converted","EXERCÍCIOS COM BARRAS/PERNA/Barbell-Weighted-Chains-Bench-Squat-(male)_Thighs__converted.gif","EXERCÍCIOS COM BARRAS","PERNA"
"masculino","Barbell-Wide-Squat_Thighs__converted","EXERCÍCIOS COM BARRAS/PERNA/Barbell-Wide-Squat_Thighs__converted.gif","EXERCÍCIOS COM BARRAS","PERNA"
"masculino","Barbell-Zercher-Back-Extension-(male)_Hips__converted","EXERCÍCIOS COM BARRAS/PERNA/Barbell-Zercher-Back-Extension-(male)_Hips__converted.gif","EXERCÍCIOS COM BARRAS","PERNA"
"masculino","Barbell-Zercher-Bulgarian-Split-Squat-(male)_Thigh_converted","EXERCÍCIOS COM BARRAS/PERNA/Barbell-Zercher-Bulgarian-Split-Squat-(male)_Thigh_converted.gif","EXERCÍCIOS COM BARRAS","PERNA"
"masculino","Barbell-Zercher-Squat-Hold_Isometrics__converted","EXERCÍCIOS COM BARRAS/PERNA/Barbell-Zercher-Squat-Hold_Isometrics__converted.gif","EXERCÍCIOS COM BARRAS","PERNA"
"masculino","Cluster_Weightlifting__converted","EXERCÍCIOS COM BARRAS/PERNA/Cluster_Weightlifting__converted.gif","EXERCÍCIOS COM BARRAS","PERNA"
"masculino","Deadlift---Back-(WRONG-RIGHT)__converted","EXERCÍCIOS COM BARRAS/PERNA/Deadlift---Back-(WRONG-RIGHT)__converted.gif","EXERCÍCIOS COM BARRAS","PERNA"
"masculino","EZ-bar-Deadlift-with-Biceps-Curl_Hips__converted","EXERCÍCIOS COM BARRAS/PERNA/EZ-bar-Deadlift-with-Biceps-Curl_Hips__converted.gif","EXERCÍCIOS COM BARRAS","PERNA"
"masculino","EZ-Barbell-Stiff-Legged-Deadlift_Hips__converted","EXERCÍCIOS COM BARRAS/PERNA/EZ-Barbell-Stiff-Legged-Deadlift_Hips__converted.gif","EXERCÍCIOS COM BARRAS","PERNA"
"masculino","Jump-Shrug_Thighs__converted","EXERCÍCIOS COM BARRAS/PERNA/Jump-Shrug_Thighs__converted.gif","EXERCÍCIOS COM BARRAS","PERNA"
"masculino","Power-Clean_Thighs_converted","EXERCÍCIOS COM BARRAS/PERNA/Power-Clean_Thighs_converted.gif","EXERCÍCIOS COM BARRAS","PERNA"
"masculino","Power-Clean-Thruster_Weightlifting__converted","EXERCÍCIOS COM BARRAS/PERNA/Power-Clean-Thruster_Weightlifting__converted.gif","EXERCÍCIOS COM BARRAS","PERNA"
"masculino","Press-Under_Weightlifting__converted","EXERCÍCIOS COM BARRAS/PERNA/Press-Under_Weightlifting__converted.gif","EXERCÍCIOS COM BARRAS","PERNA"
"masculino","Push-Press_Shoulders_converted","EXERCÍCIOS COM BARRAS/PERNA/Push-Press_Shoulders_converted.gif","EXERCÍCIOS COM BARRAS","PERNA"
"masculino","Safety-Bar-Front-Squat_Thighs__converted","EXERCÍCIOS COM BARRAS/PERNA/Safety-Bar-Front-Squat_Thighs__converted.gif","EXERCÍCIOS COM BARRAS","PERNA"
"masculino","Safety-Bar-Good-Morning-(male)_Hips__converted","EXERCÍCIOS COM BARRAS/PERNA/Safety-Bar-Good-Morning-(male)_Hips__converted.gif","EXERCÍCIOS COM BARRAS","PERNA"
"masculino","Sumo-Deadlift-High-Pull_Thighs_Shoulders-FIX__converted","EXERCÍCIOS COM BARRAS/PERNA/Sumo-Deadlift-High-Pull_Thighs_Shoulders-FIX__converted.gif","EXERCÍCIOS COM BARRAS","PERNA"
"masculino","Trap-Bar-Bent-Over-Row-(male)_Back__converted","EXERCÍCIOS COM BARRAS/PERNA/Trap-Bar-Bent-Over-Row-(male)_Back__converted.gif","EXERCÍCIOS COM BARRAS","PERNA"
"masculino","Trap-Bar-Deadlift_Thighs-FIX__converted","EXERCÍCIOS COM BARRAS/PERNA/Trap-Bar-Deadlift_Thighs-FIX__converted.gif","EXERCÍCIOS COM BARRAS","PERNA"
"masculino","Trap-Bar-Farmers-Carry_Thighs__converted","EXERCÍCIOS COM BARRAS/PERNA/Trap-Bar-Farmers-Carry_Thighs__converted.gif","EXERCÍCIOS COM BARRAS","PERNA"
"masculino","Trap-Bar-Squat_Thighs__converted","EXERCÍCIOS COM BARRAS/PERNA/Trap-Bar-Squat_Thighs__converted.gif","EXERCÍCIOS COM BARRAS","PERNA"
"masculino","Zercher-Carry_Cardio_converted","EXERCÍCIOS COM BARRAS/PERNA/Zercher-Carry_Cardio_converted.gif","EXERCÍCIOS COM BARRAS","PERNA"
"masculino","Barbell-Back-Wide-Shrug_Back__converted","EXERCÍCIOS COM BARRAS/TRAPÉZIO/Barbell-Back-Wide-Shrug_Back__converted.gif","EXERCÍCIOS COM BARRAS","TRAPÉZIO"
"masculino","Barbell-Behind-The-Back-Shrug_Back__converted","EXERCÍCIOS COM BARRAS/TRAPÉZIO/Barbell-Behind-The-Back-Shrug_Back__converted.gif","EXERCÍCIOS COM BARRAS","TRAPÉZIO"
"masculino","Barbell-Decline-Shrug_Back__converted","EXERCÍCIOS COM BARRAS/TRAPÉZIO/Barbell-Decline-Shrug_Back__converted.gif","EXERCÍCIOS COM BARRAS","TRAPÉZIO"
"masculino","Barbell-Seated-Shrug_Back__converted","EXERCÍCIOS COM BARRAS/TRAPÉZIO/Barbell-Seated-Shrug_Back__converted.gif","EXERCÍCIOS COM BARRAS","TRAPÉZIO"
"masculino","Barbell-Shrug_Back_converted","EXERCÍCIOS COM BARRAS/TRAPÉZIO/Barbell-Shrug_Back_converted.gif","EXERCÍCIOS COM BARRAS","TRAPÉZIO"
"masculino","Barbell-Wide-Shrug_Back__converted","EXERCÍCIOS COM BARRAS/TRAPÉZIO/Barbell-Wide-Shrug_Back__converted.gif","EXERCÍCIOS COM BARRAS","TRAPÉZIO"
"masculino","Trap-Bar-Standing-Shrug-(male)_Back__converted","EXERCÍCIOS COM BARRAS/TRAPÉZIO/Trap-Bar-Standing-Shrug-(male)_Back__converted.gif","EXERCÍCIOS COM BARRAS","TRAPÉZIO"
"masculino","Barbell-Incline-Triceps-Extension-Skull-Crusher_Up_converted","EXERCÍCIOS COM BARRAS/TRICEPS/Barbell-Incline-Triceps-Extension-Skull-Crusher_Up_converted.gif","EXERCÍCIOS COM BARRAS","TRICEPS"
"masculino","Barbell-Lying-extension_Upper-arms_converted","EXERCÍCIOS COM BARRAS/TRICEPS/Barbell-Lying-extension_Upper-arms_converted.gif","EXERCÍCIOS COM BARRAS","TRICEPS"
"masculino","Barbell-Lying-Triceps-Extension-Skull-Crusher_Upper-Arms_converted","EXERCÍCIOS COM BARRAS/TRICEPS/Barbell-Lying-Triceps-Extension-Skull-Crusher_Upper-Arms_converted.gif","EXERCÍCIOS COM BARRAS","TRICEPS"
"masculino","Barbell-Seated-Overhead-Triceps-Extension_Upper-Ar_converted","EXERCÍCIOS COM BARRAS/TRICEPS/Barbell-Seated-Overhead-Triceps-Extension_Upper-Ar_converted.gif","EXERCÍCIOS COM BARRAS","TRICEPS"
"masculino","EZ-Bar-Standing-French-Press_Upper-Arms-FIX__converted","EXERCÍCIOS COM BARRAS/TRICEPS/EZ-Bar-Standing-French-Press_Upper-Arms-FIX__converted.gif","EXERCÍCIOS COM BARRAS","TRICEPS"
"masculino","EZ-Barbell-Decline-Triceps-Extension_Upper-Arms_converted","EXERCÍCIOS COM BARRAS/TRICEPS/EZ-Barbell-Decline-Triceps-Extension_Upper-Arms_converted.gif","EXERCÍCIOS COM BARRAS","TRICEPS"
"masculino","EZ-Barbell-Incline-Triceps-Extension_Upper-Arms-FI_converted","EXERCÍCIOS COM BARRAS/TRICEPS/EZ-Barbell-Incline-Triceps-Extension_Upper-Arms-FI_converted.gif","EXERCÍCIOS COM BARRAS","TRICEPS"
"masculino","EZ-Barbell-JM-Bench-Press_Upper-Arms__converted","EXERCÍCIOS COM BARRAS/TRICEPS/EZ-Barbell-JM-Bench-Press_Upper-Arms__converted.gif","EXERCÍCIOS COM BARRAS","TRICEPS"
"masculino","EZ-Barbell-Lying-Triceps-Extension-(male)_Upper-Arms__converted","EXERCÍCIOS COM BARRAS/TRICEPS/EZ-Barbell-Lying-Triceps-Extension-(male)_Upper-Arms__converted.gif","EXERCÍCIOS COM BARRAS","TRICEPS"
"masculino","EZ-Barbell-Seated-Triceps-Extension_Upper-Arms__converted","EXERCÍCIOS COM BARRAS/TRICEPS/EZ-Barbell-Seated-Triceps-Extension_Upper-Arms__converted.gif","EXERCÍCIOS COM BARRAS","TRICEPS"
"masculino","Olympic-Barbell-Triceps-Extension_Upper-Arms-FIX__converted","EXERCÍCIOS COM BARRAS/TRICEPS/Olympic-Barbell-Triceps-Extension_Upper-Arms-FIX__converted.gif","EXERCÍCIOS COM BARRAS","TRICEPS"
"masculino","Dumbbell-Finger-Curls_Forearms__converted","EXERCÍCIOS COM HALTERES/ANTEBRAÇO/Dumbbell-Finger-Curls_Forearms__converted.gif","EXERCÍCIOS COM HALTERES","ANTEBRAÇO"
"masculino","Dumbbell-One-Arm-Seated-Neutral-Wrist-Curl_Forearm_converted","EXERCÍCIOS COM HALTERES/ANTEBRAÇO/Dumbbell-One-Arm-Seated-Neutral-Wrist-Curl_Forearm_converted.gif","EXERCÍCIOS COM HALTERES","ANTEBRAÇO"
"masculino","Dumbbell-Over-Bench-One-Arm-Neutral-Wrist-Curl_For_converted","EXERCÍCIOS COM HALTERES/ANTEBRAÇO/Dumbbell-Over-Bench-One-Arm-Neutral-Wrist-Curl_For_converted.gif","EXERCÍCIOS COM HALTERES","ANTEBRAÇO"
"masculino","Dumbbell-Over-Bench-Revers-Wrist-Curl_Forearms__converted","EXERCÍCIOS COM HALTERES/ANTEBRAÇO/Dumbbell-Over-Bench-Revers-Wrist-Curl_Forearms__converted.gif","EXERCÍCIOS COM HALTERES","ANTEBRAÇO"
"masculino","Dumbbell-Over-Bench-Wrist-Curl_Forearms_converted","EXERCÍCIOS COM HALTERES/ANTEBRAÇO/Dumbbell-Over-Bench-Wrist-Curl_Forearms_converted.gif","EXERCÍCIOS COM HALTERES","ANTEBRAÇO"
"masculino","Dumbbell-Reverse-Wrist-Curl_Forearms__converted","EXERCÍCIOS COM HALTERES/ANTEBRAÇO/Dumbbell-Reverse-Wrist-Curl_Forearms__converted.gif","EXERCÍCIOS COM HALTERES","ANTEBRAÇO"
"masculino","Dumbbell-Seated-External-Rotation-(male)_Shoulders_converted","EXERCÍCIOS COM HALTERES/ANTEBRAÇO/Dumbbell-Seated-External-Rotation-(male)_Shoulders_converted.gif","EXERCÍCIOS COM HALTERES","ANTEBRAÇO"
"masculino","Dumbbell-Seated-Revers-grip-Concentration-Curl_Forearms__converted","EXERCÍCIOS COM HALTERES/ANTEBRAÇO/Dumbbell-Seated-Revers-grip-Concentration-Curl_Forearms__converted.gif","EXERCÍCIOS COM HALTERES","ANTEBRAÇO"
"masculino","Dumbbell-Standing-Arms-Rotate_Forearms__converted","EXERCÍCIOS COM HALTERES/ANTEBRAÇO/Dumbbell-Standing-Arms-Rotate_Forearms__converted.gif","EXERCÍCIOS COM HALTERES","ANTEBRAÇO"
"masculino","Dumbbell-Standing-Back-Wrist-Curl_Forearms__converted","EXERCÍCIOS COM HALTERES/ANTEBRAÇO/Dumbbell-Standing-Back-Wrist-Curl_Forearms__converted.gif","EXERCÍCIOS COM HALTERES","ANTEBRAÇO"
"masculino","Dumbbell-Standing-Wrist-Curl_Forearms_ 1_converted","EXERCÍCIOS COM HALTERES/ANTEBRAÇO/Dumbbell-Standing-Wrist-Curl_Forearms_ 1_converted.gif","EXERCÍCIOS COM HALTERES","ANTEBRAÇO"
"masculino","Dumbbell-Standing-Wrist-Curl_Forearms__converted","EXERCÍCIOS COM HALTERES/ANTEBRAÇO/Dumbbell-Standing-Wrist-Curl_Forearms__converted.gif","EXERCÍCIOS COM HALTERES","ANTEBRAÇO"
"masculino","Dumbbell-Standing-Wrist-Reverse-Curl_Forearms__converted","EXERCÍCIOS COM HALTERES/ANTEBRAÇO/Dumbbell-Standing-Wrist-Reverse-Curl_Forearms__converted.gif","EXERCÍCIOS COM HALTERES","ANTEBRAÇO"
"masculino","Weighted-Standing-Hand-Squeeze_Forearms__converted","EXERCÍCIOS COM HALTERES/ANTEBRAÇO/Weighted-Standing-Hand-Squeeze_Forearms__converted.gif","EXERCÍCIOS COM HALTERES","ANTEBRAÇO"
"masculino","Dumbbell-Alternate-Biceps-Curl_Upper-Arms-FIX__converted","EXERCÍCIOS COM HALTERES/BICEPS/Dumbbell-Alternate-Biceps-Curl_Upper-Arms-FIX__converted.gif","EXERCÍCIOS COM HALTERES","BICEPS"
"masculino","Dumbbell-Alternate-Hammer-Srtict-Curl_Upper-Arms__converted","EXERCÍCIOS COM HALTERES/BICEPS/Dumbbell-Alternate-Hammer-Srtict-Curl_Upper-Arms__converted.gif","EXERCÍCIOS COM HALTERES","BICEPS"
"masculino","Dumbbell-Alternate-Seated-Hammer-Curl_Upper-Arms__converted","EXERCÍCIOS COM HALTERES/BICEPS/Dumbbell-Alternate-Seated-Hammer-Curl_Upper-Arms__converted.gif","EXERCÍCIOS COM HALTERES","BICEPS"
"masculino","Dumbbell-Biceps-Curl-with-Overhead-Extension-on-St_converted","EXERCÍCIOS COM HALTERES/BICEPS/Dumbbell-Biceps-Curl-with-Overhead-Extension-on-St_converted.gif","EXERCÍCIOS COM HALTERES","BICEPS"
"masculino","Dumbbell-Concentration-Curl_Upper-Arms-FIX__converted","EXERCÍCIOS COM HALTERES/BICEPS/Dumbbell-Concentration-Curl_Upper-Arms-FIX__converted.gif","EXERCÍCIOS COM HALTERES","BICEPS"
"masculino","Dumbbell-External-Rotation_Back__converted","EXERCÍCIOS COM HALTERES/BICEPS/Dumbbell-External-Rotation_Back__converted.gif","EXERCÍCIOS COM HALTERES","BICEPS"
"masculino","Dumbbell-Hammer-Srtict-Curl_Upper-Arms__converted","EXERCÍCIOS COM HALTERES/BICEPS/Dumbbell-Hammer-Srtict-Curl_Upper-Arms__converted.gif","EXERCÍCIOS COM HALTERES","BICEPS"
"masculino","Dumbbell-Incline-Alternate-Bicep-Curl_Upper-Arms__converted","EXERCÍCIOS COM HALTERES/BICEPS/Dumbbell-Incline-Alternate-Bicep-Curl_Upper-Arms__converted.gif","EXERCÍCIOS COM HALTERES","BICEPS"
"masculino","Dumbbell-Incline-Alternate-Hammer-Curl_Upper-Arms__converted","EXERCÍCIOS COM HALTERES/BICEPS/Dumbbell-Incline-Alternate-Hammer-Curl_Upper-Arms__converted.gif","EXERCÍCIOS COM HALTERES","BICEPS"
"masculino","Dumbbell-Incline-Curl_Upper-Arms-FIX__converted","EXERCÍCIOS COM HALTERES/BICEPS/Dumbbell-Incline-Curl_Upper-Arms-FIX__converted.gif","EXERCÍCIOS COM HALTERES","BICEPS"
"masculino","Dumbbell-Incline-Inner-Biceps-Curl_Upper-Arms-FIX__converted","EXERCÍCIOS COM HALTERES/BICEPS/Dumbbell-Incline-Inner-Biceps-Curl_Upper-Arms-FIX__converted.gif","EXERCÍCIOS COM HALTERES","BICEPS"
"masculino","Dumbbell-One-Arm-Hammer-Preacher-Curl_Upper-Arms__converted","EXERCÍCIOS COM HALTERES/BICEPS/Dumbbell-One-Arm-Hammer-Preacher-Curl_Upper-Arms__converted.gif","EXERCÍCIOS COM HALTERES","BICEPS"
"masculino","Dumbbell-One-Arm-Reverse-Preacher-Curl_Forearms__converted","EXERCÍCIOS COM HALTERES/BICEPS/Dumbbell-One-Arm-Reverse-Preacher-Curl_Forearms__converted.gif","EXERCÍCIOS COM HALTERES","BICEPS"
"masculino","Dumbbell-One-Arm-Upright-Row_Shoulders__converted","EXERCÍCIOS COM HALTERES/BICEPS/Dumbbell-One-Arm-Upright-Row_Shoulders__converted.gif","EXERCÍCIOS COM HALTERES","BICEPS"
"masculino","Dumbbell-One-Arm-Zottman-Preacher-Curl_Upper-Arms_converted","EXERCÍCIOS COM HALTERES/BICEPS/Dumbbell-One-Arm-Zottman-Preacher-Curl_Upper-Arms_converted.gif","EXERCÍCIOS COM HALTERES","BICEPS"
"masculino","Dumbbell-Preacher-Curl_Upper-Arms_converted","EXERCÍCIOS COM HALTERES/BICEPS/Dumbbell-Preacher-Curl_Upper-Arms_converted.gif","EXERCÍCIOS COM HALTERES","BICEPS"
"masculino","Dumbbell-Preacher-Curl-(Turned-Torso)_Upper-Arms__converted","EXERCÍCIOS COM HALTERES/BICEPS/Dumbbell-Preacher-Curl-(Turned-Torso)_Upper-Arms__converted.gif","EXERCÍCIOS COM HALTERES","BICEPS"
"masculino","Dumbbell-Srtict-Curl_Upper-Arms__converted","EXERCÍCIOS COM HALTERES/BICEPS/Dumbbell-Srtict-Curl_Upper-Arms__converted.gif","EXERCÍCIOS COM HALTERES","BICEPS"
"masculino","Dumbbell-Standing-Alternate-Reverse-Curl_Forearms__converted","EXERCÍCIOS COM HALTERES/BICEPS/Dumbbell-Standing-Alternate-Reverse-Curl_Forearms__converted.gif","EXERCÍCIOS COM HALTERES","BICEPS"
"masculino","Dumbbell-Standing-Concentration-Curl_Upper-Arms-FI_converted","EXERCÍCIOS COM HALTERES/BICEPS/Dumbbell-Standing-Concentration-Curl_Upper-Arms-FI_converted.gif","EXERCÍCIOS COM HALTERES","BICEPS"
"masculino","Dumbbell-Standing-Hammer-Curl_Upper-Arms__converted","EXERCÍCIOS COM HALTERES/BICEPS/Dumbbell-Standing-Hammer-Curl_Upper-Arms__converted.gif","EXERCÍCIOS COM HALTERES","BICEPS"
"masculino","Dumbbell-Standing-Inner-Biceps-Curl_Upper-Arms__converted","EXERCÍCIOS COM HALTERES/BICEPS/Dumbbell-Standing-Inner-Biceps-Curl_Upper-Arms__converted.gif","EXERCÍCIOS COM HALTERES","BICEPS"
"masculino","Dumbbell-Standing-One-Arm-Concentration-Curl_Upper_converted","EXERCÍCIOS COM HALTERES/BICEPS/Dumbbell-Standing-One-Arm-Concentration-Curl_Upper_converted.gif","EXERCÍCIOS COM HALTERES","BICEPS"
"masculino","Dumbbell-Standing-One-Arm-Curl-(over-incline-bench)_Upper-Arms_converted","EXERCÍCIOS COM HALTERES/BICEPS/Dumbbell-Standing-One-Arm-Curl-(over-incline-bench)_Upper-Arms_converted.gif","EXERCÍCIOS COM HALTERES","BICEPS"
"masculino","Dumbbell-Standing-One-Arm-Curl-Over-Incline-Bench__converted","EXERCÍCIOS COM HALTERES/BICEPS/Dumbbell-Standing-One-Arm-Curl-Over-Incline-Bench__converted.gif","EXERCÍCIOS COM HALTERES","BICEPS"
"masculino","Dumbbell-Standing-Preacher-Curl_Upper-Arms_converted","EXERCÍCIOS COM HALTERES/BICEPS/Dumbbell-Standing-Preacher-Curl_Upper-Arms_converted.gif","EXERCÍCIOS COM HALTERES","BICEPS"
"masculino","Dumbbell-Waiter-Biceps-Curl_Upper-Arms__converted","EXERCÍCIOS COM HALTERES/BICEPS/Dumbbell-Waiter-Biceps-Curl_Upper-Arms__converted.gif","EXERCÍCIOS COM HALTERES","BICEPS"
"masculino","Weighted-Plate-Standing-Biceps-Curl-(male)_Forearm_converted","EXERCÍCIOS COM HALTERES/BICEPS/Weighted-Plate-Standing-Biceps-Curl-(male)_Forearm_converted.gif","EXERCÍCIOS COM HALTERES","BICEPS"
"masculino","Dumbbell-Bent-Over-Curl-(male)_Upper-Arms__converted","EXERCÍCIOS COM HALTERES/COSTAS/Dumbbell-Bent-Over-Curl-(male)_Upper-Arms__converted.gif","EXERCÍCIOS COM HALTERES","COSTAS"
"masculino","Dumbbell-Bent-Over-Face-Pull_Shoulders__converted","EXERCÍCIOS COM HALTERES/COSTAS/Dumbbell-Bent-Over-Face-Pull_Shoulders__converted.gif","EXERCÍCIOS COM HALTERES","COSTAS"
"masculino","Dumbbell-Bent-Over-Reverse-Fly-to-Hammer-Curl-(mal_converted","EXERCÍCIOS COM HALTERES/COSTAS/Dumbbell-Bent-Over-Reverse-Fly-to-Hammer-Curl-(mal_converted.gif","EXERCÍCIOS COM HALTERES","COSTAS"
"masculino","Dumbbell-Bent-Over-Reverse-Raise-(skier)-(male)_Shoulders__converted","EXERCÍCIOS COM HALTERES/COSTAS/Dumbbell-Bent-Over-Reverse-Raise-(skier)-(male)_Shoulders__converted.gif","EXERCÍCIOS COM HALTERES","COSTAS"
"masculino","Dumbbell-Bent-Over-Reverse-Row_Back_converted","EXERCÍCIOS COM HALTERES/COSTAS/Dumbbell-Bent-Over-Reverse-Row_Back_converted.gif","EXERCÍCIOS COM HALTERES","COSTAS"
"masculino","Dumbbell-Bent-over-Row_Back-FIX_ 1_converted","EXERCÍCIOS COM HALTERES/COSTAS/Dumbbell-Bent-over-Row_Back-FIX_ 1_converted.gif","EXERCÍCIOS COM HALTERES","COSTAS"
"masculino","Dumbbell-Bent-Over-Row_Back-FIX__converted","EXERCÍCIOS COM HALTERES/COSTAS/Dumbbell-Bent-Over-Row_Back-FIX__converted.gif","EXERCÍCIOS COM HALTERES","COSTAS"
"masculino","Dumbbell-Bent-Over-Row-against-Wall_Back__converted","EXERCÍCIOS COM HALTERES/COSTAS/Dumbbell-Bent-Over-Row-against-Wall_Back__converted.gif","EXERCÍCIOS COM HALTERES","COSTAS"
"masculino","Dumbbell-Bent-Over-Scapula-Row-(male)_Back__converted","EXERCÍCIOS COM HALTERES/COSTAS/Dumbbell-Bent-Over-Scapula-Row-(male)_Back__converted.gif","EXERCÍCIOS COM HALTERES","COSTAS"
"masculino","Dumbbell-Bent-over-Twisting-Row-(male)_Back__converted","EXERCÍCIOS COM HALTERES/COSTAS/Dumbbell-Bent-over-Twisting-Row-(male)_Back__converted.gif","EXERCÍCIOS COM HALTERES","COSTAS"
"masculino","Dumbbell-Bent-Over-Wide-Row-(male)_Shoulders__converted","EXERCÍCIOS COM HALTERES/COSTAS/Dumbbell-Bent-Over-Wide-Row-(male)_Shoulders__converted.gif","EXERCÍCIOS COM HALTERES","COSTAS"
"masculino","Dumbbell-Bent-over-Y-Raise-(male)_Shoulders__converted","EXERCÍCIOS COM HALTERES/COSTAS/Dumbbell-Bent-over-Y-Raise-(male)_Shoulders__converted.gif","EXERCÍCIOS COM HALTERES","COSTAS"
"masculino","Dumbbell-Chest-Supported-Lateral-Raises_Shoulders__converted","EXERCÍCIOS COM HALTERES/COSTAS/Dumbbell-Chest-Supported-Lateral-Raises_Shoulders__converted.gif","EXERCÍCIOS COM HALTERES","COSTAS"
"masculino","Dumbbell-Hammer-Grip-Incline-Bench-Two-Arm-Row_Back_converted","EXERCÍCIOS COM HALTERES/COSTAS/Dumbbell-Hammer-Grip-Incline-Bench-Two-Arm-Row_Back_converted.gif","EXERCÍCIOS COM HALTERES","COSTAS"
"masculino","Dumbbell-Head-Supported-Row_Back__converted","EXERCÍCIOS COM HALTERES/COSTAS/Dumbbell-Head-Supported-Row_Back__converted.gif","EXERCÍCIOS COM HALTERES","COSTAS"
"masculino","Dumbbell-Incline-Rear-Lateral-Raise_Shoulders-FIX__converted","EXERCÍCIOS COM HALTERES/COSTAS/Dumbbell-Incline-Rear-Lateral-Raise_Shoulders-FIX__converted.gif","EXERCÍCIOS COM HALTERES","COSTAS"
"masculino","Dumbbell-Incline-Reverse-Raise-with-Chest-Supported-(skier)-(male)_Shoulders__converted","EXERCÍCIOS COM HALTERES/COSTAS/Dumbbell-Incline-Reverse-Raise-with-Chest-Supported-(skier)-(male)_Shoulders__converted.gif","EXERCÍCIOS COM HALTERES","COSTAS"
"masculino","Dumbbell-Incline-Row_Back-FIX2__converted","EXERCÍCIOS COM HALTERES/COSTAS/Dumbbell-Incline-Row_Back-FIX2__converted.gif","EXERCÍCIOS COM HALTERES","COSTAS"
"masculino","Dumbbell-Incline-T-Raise_Shoulders__converted","EXERCÍCIOS COM HALTERES/COSTAS/Dumbbell-Incline-T-Raise_Shoulders__converted.gif","EXERCÍCIOS COM HALTERES","COSTAS"
"masculino","Dumbbell-Incline-Y-Raise_Shoulders__converted","EXERCÍCIOS COM HALTERES/COSTAS/Dumbbell-Incline-Y-Raise_Shoulders__converted.gif","EXERCÍCIOS COM HALTERES","COSTAS"
"masculino","Dumbbell-Lying-Neutral-Grip-Row-on-Rack_Back__converted","EXERCÍCIOS COM HALTERES/COSTAS/Dumbbell-Lying-Neutral-Grip-Row-on-Rack_Back__converted.gif","EXERCÍCIOS COM HALTERES","COSTAS"
"masculino","Dumbbell-Lying-on-Floor-Rear-Delt-Raise_Shoulders__converted","EXERCÍCIOS COM HALTERES/COSTAS/Dumbbell-Lying-on-Floor-Rear-Delt-Raise_Shoulders__converted.gif","EXERCÍCIOS COM HALTERES","COSTAS"
"masculino","Dumbbell-Lying-One-Arm-Deltoid-Rear_Shoulders__converted","EXERCÍCIOS COM HALTERES/COSTAS/Dumbbell-Lying-One-Arm-Deltoid-Rear_Shoulders__converted.gif","EXERCÍCIOS COM HALTERES","COSTAS"
"masculino","Dumbbell-Lying-One-Arm-Rear-Lateral-Raise_shoulder_converted","EXERCÍCIOS COM HALTERES/COSTAS/Dumbbell-Lying-One-Arm-Rear-Lateral-Raise_shoulder_converted.gif","EXERCÍCIOS COM HALTERES","COSTAS"
"masculino","Dumbbell-Lying-Rear-Delt-Row_Back_converted","EXERCÍCIOS COM HALTERES/COSTAS/Dumbbell-Lying-Rear-Delt-Row_Back_converted.gif","EXERCÍCIOS COM HALTERES","COSTAS"
"masculino","Dumbbell-Standing-Scapular-External-Rotation-(back-POV)-(male)_Back__converted","EXERCÍCIOS COM HALTERES/COSTAS/Dumbbell-Standing-Scapular-External-Rotation-(back-POV)-(male)_Back__converted.gif","EXERCÍCIOS COM HALTERES","COSTAS"
"masculino","Dumbbell-Standing-Scapular-External-Rotation-(front-POV)-(male)_Back_ 1_converted","EXERCÍCIOS COM HALTERES/COSTAS/Dumbbell-Standing-Scapular-External-Rotation-(front-POV)-(male)_Back_ 1_converted.gif","EXERCÍCIOS COM HALTERES","COSTAS"
"masculino","Dumbbell-Standing-Scapular-External-Rotation-(male)_Back__converted","EXERCÍCIOS COM HALTERES/COSTAS/Dumbbell-Standing-Scapular-External-Rotation-(male)_Back__converted.gif","EXERCÍCIOS COM HALTERES","COSTAS"
"masculino","Dumbbell-Unilateral-Scapula-Raise-(male)_Back__converted","EXERCÍCIOS COM HALTERES/COSTAS/Dumbbell-Unilateral-Scapula-Raise-(male)_Back__converted.gif","EXERCÍCIOS COM HALTERES","COSTAS"
"masculino","Dumbbell-Upright-Shoulder-External-Rotation_Back_converted","EXERCÍCIOS COM HALTERES/COSTAS/Dumbbell-Upright-Shoulder-External-Rotation_Back_converted.gif","EXERCÍCIOS COM HALTERES","COSTAS"
"masculino","Dumbbell-Alternate-Shoulder-Press-(male)_Shoulders_converted","EXERCÍCIOS COM HALTERES/OMBRO/Dumbbell-Alternate-Shoulder-Press-(male)_Shoulders_converted.gif","EXERCÍCIOS COM HALTERES","OMBRO"
"masculino","Dumbbell-Incline-One-Arm-Lateral-Raise_Shoulders-F_converted","EXERCÍCIOS COM HALTERES/OMBRO/Dumbbell-Incline-One-Arm-Lateral-Raise_Shoulders-F_converted.gif","EXERCÍCIOS COM HALTERES","OMBRO"
"masculino","Dumbbell-Incline-Powell-Raise-(male)_Shoulders__converted","EXERCÍCIOS COM HALTERES/OMBRO/Dumbbell-Incline-Powell-Raise-(male)_Shoulders__converted.gif","EXERCÍCIOS COM HALTERES","OMBRO"
"masculino","Dumbbell-Kneeling-Opposite-Shoulder-Press-(male)_S_converted","EXERCÍCIOS COM HALTERES/OMBRO/Dumbbell-Kneeling-Opposite-Shoulder-Press-(male)_S_converted.gif","EXERCÍCIOS COM HALTERES","OMBRO"
"masculino","Dumbbell-Learning-Front-Raise-(male)_Shoulders__converted","EXERCÍCIOS COM HALTERES/OMBRO/Dumbbell-Learning-Front-Raise-(male)_Shoulders__converted.gif","EXERCÍCIOS COM HALTERES","OMBRO"
"masculino","Dumbbell-One-Arm-Front-Raise_Shoulders__converted","EXERCÍCIOS COM HALTERES/OMBRO/Dumbbell-One-Arm-Front-Raise_Shoulders__converted.gif","EXERCÍCIOS COM HALTERES","OMBRO"
"masculino","Dumbbell-One-Arm-Lateral-Raise_Shoulder_converted","EXERCÍCIOS COM HALTERES/OMBRO/Dumbbell-One-Arm-Lateral-Raise_Shoulder_converted.gif","EXERCÍCIOS COM HALTERES","OMBRO"
"masculino","Dumbbell-One-Arm-Shoulder-Press-(VERSION-2)_Should_converted","EXERCÍCIOS COM HALTERES/OMBRO/Dumbbell-One-Arm-Shoulder-Press-(VERSION-2)_Should_converted.gif","EXERCÍCIOS COM HALTERES","OMBRO"
"masculino","Dumbbell-Shoulder-Internal-Rotation-at-90-Abductio_converted","EXERCÍCIOS COM HALTERES/OMBRO/Dumbbell-Shoulder-Internal-Rotation-at-90-Abductio_converted.gif","EXERCÍCIOS COM HALTERES","OMBRO"
"masculino","Dumbbell-Single-Arm-Neutral-Grip-Front-Raise_Shoul_converted","EXERCÍCIOS COM HALTERES/OMBRO/Dumbbell-Single-Arm-Neutral-Grip-Front-Raise_Shoul_converted.gif","EXERCÍCIOS COM HALTERES","OMBRO"
"masculino","Dumbbell-Split-Stance-Sigle-Arm-Overhead-Press-(ma_converted","EXERCÍCIOS COM HALTERES/OMBRO/Dumbbell-Split-Stance-Sigle-Arm-Overhead-Press-(ma_converted.gif","EXERCÍCIOS COM HALTERES","OMBRO"
"masculino","Dumbbell-Standing-Palms-In-Press_Shoulders-FIX__converted","EXERCÍCIOS COM HALTERES/OMBRO/Dumbbell-Standing-Palms-In-Press_Shoulders-FIX__converted.gif","EXERCÍCIOS COM HALTERES","OMBRO"
"masculino","Weighted-Front-Raise-Hold_Shoulders__converted","EXERCÍCIOS COM HALTERES/OMBRO/Weighted-Front-Raise-Hold_Shoulders__converted.gif","EXERCÍCIOS COM HALTERES","OMBRO"
"masculino","Dumbbell-Seated-Calf-Raise_Calves_converted","EXERCÍCIOS COM HALTERES/PANTURRILHAS/Dumbbell-Seated-Calf-Raise_Calves_converted.gif","EXERCÍCIOS COM HALTERES","PANTURRILHAS"
"masculino","Dumbbell-Seated-One-Leg-Calf-Raise---Hammer-Grip_C_converted","EXERCÍCIOS COM HALTERES/PANTURRILHAS/Dumbbell-Seated-One-Leg-Calf-Raise---Hammer-Grip_C_converted.gif","EXERCÍCIOS COM HALTERES","PANTURRILHAS"
"masculino","Dumbbell-Single-Leg-Calf-Raise_Calves_converted","EXERCÍCIOS COM HALTERES/PANTURRILHAS/Dumbbell-Single-Leg-Calf-Raise_Calves_converted.gif","EXERCÍCIOS COM HALTERES","PANTURRILHAS"
"masculino","Dumbbell-Single-Leg-Calf-Raise_Calves-V2_converted","EXERCÍCIOS COM HALTERES/PANTURRILHAS/Dumbbell-Single-Leg-Calf-Raise_Calves-V2_converted.gif","EXERCÍCIOS COM HALTERES","PANTURRILHAS"
"masculino","Dumbbell-Standing-Calf-Raise_Calves-FIX__converted","EXERCÍCIOS COM HALTERES/PANTURRILHAS/Dumbbell-Standing-Calf-Raise_Calves-FIX__converted.gif","EXERCÍCIOS COM HALTERES","PANTURRILHAS"
"masculino","Dumbbell-Standing-Single-Leg-Calf-Raise_Calves__converted","EXERCÍCIOS COM HALTERES/PANTURRILHAS/Dumbbell-Standing-Single-Leg-Calf-Raise_Calves__converted.gif","EXERCÍCIOS COM HALTERES","PANTURRILHAS"
"masculino","Deep-Push-Up_Chest_converted","EXERCÍCIOS COM HALTERES/PEITO/Deep-Push-Up_Chest_converted.gif","EXERCÍCIOS COM HALTERES","PEITO"
"masculino","Dumbbell-3-Point-Bench-Press-(male)_Chest__converted","EXERCÍCIOS COM HALTERES/PEITO/Dumbbell-3-Point-Bench-Press-(male)_Chest__converted.gif","EXERCÍCIOS COM HALTERES","PEITO"
"masculino","Dumbbell-Alternate-Bench-Press-(high-start)_Chest__converted","EXERCÍCIOS COM HALTERES/PEITO/Dumbbell-Alternate-Bench-Press-(high-start)_Chest__converted.gif","EXERCÍCIOS COM HALTERES","PEITO"
"masculino","Dumbbell-Alternating-Floor-Press_Chest__converted","EXERCÍCIOS COM HALTERES/PEITO/Dumbbell-Alternating-Floor-Press_Chest__converted.gif","EXERCÍCIOS COM HALTERES","PEITO"
"masculino","Dumbbell-Alternative-Fly-(male)_Chest__converted","EXERCÍCIOS COM HALTERES/PEITO/Dumbbell-Alternative-Fly-(male)_Chest__converted.gif","EXERCÍCIOS COM HALTERES","PEITO"
"masculino","Dumbbell-Around-Pullover_Chest_converted","EXERCÍCIOS COM HALTERES/PEITO/Dumbbell-Around-Pullover_Chest_converted.gif","EXERCÍCIOS COM HALTERES","PEITO"
"masculino","Dumbbell-Bear-Crawl-Push-up-(male)_Chest__converted","EXERCÍCIOS COM HALTERES/PEITO/Dumbbell-Bear-Crawl-Push-up-(male)_Chest__converted.gif","EXERCÍCIOS COM HALTERES","PEITO"
"masculino","Dumbbell-Bench-Press_Chest-FIX__converted","EXERCÍCIOS COM HALTERES/PEITO/Dumbbell-Bench-Press_Chest-FIX__converted.gif","EXERCÍCIOS COM HALTERES","PEITO"
"masculino","Dumbbell-Chest-Supported-Lateral-Raises_Shoulders-_converted","EXERCÍCIOS COM HALTERES/PEITO/Dumbbell-Chest-Supported-Lateral-Raises_Shoulders-_converted.gif","EXERCÍCIOS COM HALTERES","PEITO"
"masculino","Dumbbell-Close-grip-Press_Upper-Arms 1_converted","EXERCÍCIOS COM HALTERES/PEITO/Dumbbell-Close-grip-Press_Upper-Arms 1_converted.gif","EXERCÍCIOS COM HALTERES","PEITO"
"masculino","Dumbbell-Close-Grip-Press_Upper-Arms_converted","EXERCÍCIOS COM HALTERES/PEITO/Dumbbell-Close-Grip-Press_Upper-Arms_converted.gif","EXERCÍCIOS COM HALTERES","PEITO"
"masculino","Dumbbell-Contralateral-Glute-Bridge-Single-Arm-Che_converted","EXERCÍCIOS COM HALTERES/PEITO/Dumbbell-Contralateral-Glute-Bridge-Single-Arm-Che_converted.gif","EXERCÍCIOS COM HALTERES","PEITO"
"masculino","Dumbbell-Decline-Bench-Press_Chest-FIX__converted","EXERCÍCIOS COM HALTERES/PEITO/Dumbbell-Decline-Bench-Press_Chest-FIX__converted.gif","EXERCÍCIOS COM HALTERES","PEITO"
"masculino","Dumbbell-Decline-Fly_Chest-FIX__converted","EXERCÍCIOS COM HALTERES/PEITO/Dumbbell-Decline-Fly_Chest-FIX__converted.gif","EXERCÍCIOS COM HALTERES","PEITO"
"masculino","Dumbbell-Decline-Hammer-Press_Chest__converted","EXERCÍCIOS COM HALTERES/PEITO/Dumbbell-Decline-Hammer-Press_Chest__converted.gif","EXERCÍCIOS COM HALTERES","PEITO"
"masculino","Dumbbell-Decline-One-Arm-Hammer-Press_Upper-Arms__converted","EXERCÍCIOS COM HALTERES/PEITO/Dumbbell-Decline-One-Arm-Hammer-Press_Upper-Arms__converted.gif","EXERCÍCIOS COM HALTERES","PEITO"
"masculino","Dumbbell-Decline-Overhead-Sit-up_Waist__converted","EXERCÍCIOS COM HALTERES/PEITO/Dumbbell-Decline-Overhead-Sit-up_Waist__converted.gif","EXERCÍCIOS COM HALTERES","PEITO"
"masculino","Dumbbell-Decline-Pullover-(male)_Back__converted","EXERCÍCIOS COM HALTERES/PEITO/Dumbbell-Decline-Pullover-(male)_Back__converted.gif","EXERCÍCIOS COM HALTERES","PEITO"
"masculino","Dumbbell-Decline-Twist-Fly_Chest__converted","EXERCÍCIOS COM HALTERES/PEITO/Dumbbell-Decline-Twist-Fly_Chest__converted.gif","EXERCÍCIOS COM HALTERES","PEITO"
"masculino","Dumbbell-Deep-Push-up-and-Renegade-Row_Chest__converted","EXERCÍCIOS COM HALTERES/PEITO/Dumbbell-Deep-Push-up-and-Renegade-Row_Chest__converted.gif","EXERCÍCIOS COM HALTERES","PEITO"
"masculino","Dumbbell-Devils-Press_Plyometrics__converted","EXERCÍCIOS COM HALTERES/PEITO/Dumbbell-Devils-Press_Plyometrics__converted.gif","EXERCÍCIOS COM HALTERES","PEITO"
"masculino","Dumbbell-Floor-Fly_Chest_converted","EXERCÍCIOS COM HALTERES/PEITO/Dumbbell-Floor-Fly_Chest_converted.gif","EXERCÍCIOS COM HALTERES","PEITO"
"masculino","Dumbbell-Fly-on-Exercise-Ball_Chest_converted","EXERCÍCIOS COM HALTERES/PEITO/Dumbbell-Fly-on-Exercise-Ball_Chest_converted.gif","EXERCÍCIOS COM HALTERES","PEITO"
"masculino","Dumbbell-Glute-Bridge-Chest-Press-(male)_Chest__converted","EXERCÍCIOS COM HALTERES/PEITO/Dumbbell-Glute-Bridge-Chest-Press-(male)_Chest__converted.gif","EXERCÍCIOS COM HALTERES","PEITO"
"masculino","Dumbbell-Glute-Bridge-Single-Arm-Chest-Press-(male_converted","EXERCÍCIOS COM HALTERES/PEITO/Dumbbell-Glute-Bridge-Single-Arm-Chest-Press-(male_converted.gif","EXERCÍCIOS COM HALTERES","PEITO"
"masculino","Dumbbell-Incline-Alternate-Fly_Chest__converted","EXERCÍCIOS COM HALTERES/PEITO/Dumbbell-Incline-Alternate-Fly_Chest__converted.gif","EXERCÍCIOS COM HALTERES","PEITO"
"masculino","Dumbbell-Incline-Alternate-Press_Chest__converted","EXERCÍCIOS COM HALTERES/PEITO/Dumbbell-Incline-Alternate-Press_Chest__converted.gif","EXERCÍCIOS COM HALTERES","PEITO"
"masculino","Dumbbell-Incline-Alternative-Fly-(male)_Chest__converted","EXERCÍCIOS COM HALTERES/PEITO/Dumbbell-Incline-Alternative-Fly-(male)_Chest__converted.gif","EXERCÍCIOS COM HALTERES","PEITO"
"masculino","Dumbbell-Incline-Breeding_Chest_converted","EXERCÍCIOS COM HALTERES/PEITO/Dumbbell-Incline-Breeding_Chest_converted.gif","EXERCÍCIOS COM HALTERES","PEITO"
"masculino","Dumbbell-Incline-Close-grip-Press-Variation_Upper-_converted","EXERCÍCIOS COM HALTERES/PEITO/Dumbbell-Incline-Close-grip-Press-Variation_Upper-_converted.gif","EXERCÍCIOS COM HALTERES","PEITO"
"masculino","Dumbbell-Incline-Fly-on-Exercise-Ball_Chest_converted","EXERCÍCIOS COM HALTERES/PEITO/Dumbbell-Incline-Fly-on-Exercise-Ball_Chest_converted.gif","EXERCÍCIOS COM HALTERES","PEITO"
"masculino","Dumbbell-Incline-Hammer-Press_Chest_converted","EXERCÍCIOS COM HALTERES/PEITO/Dumbbell-Incline-Hammer-Press_Chest_converted.gif","EXERCÍCIOS COM HALTERES","PEITO"
"masculino","Dumbbell-Incline-Low-Fly_Chest__converted","EXERCÍCIOS COM HALTERES/PEITO/Dumbbell-Incline-Low-Fly_Chest__converted.gif","EXERCÍCIOS COM HALTERES","PEITO"
"masculino","Dumbbell-Incline-One-Arm-Hammer-Press_Upper-Arms__converted","EXERCÍCIOS COM HALTERES/PEITO/Dumbbell-Incline-One-Arm-Hammer-Press_Upper-Arms__converted.gif","EXERCÍCIOS COM HALTERES","PEITO"
"masculino","Dumbbell-Incline-One-Arm-Press_Chest__converted","EXERCÍCIOS COM HALTERES/PEITO/Dumbbell-Incline-One-Arm-Press_Chest__converted.gif","EXERCÍCIOS COM HALTERES","PEITO"
"masculino","Dumbbell-Incline-Palm-in-Press_Chest-FIX__converted","EXERCÍCIOS COM HALTERES/PEITO/Dumbbell-Incline-Palm-in-Press_Chest-FIX__converted.gif","EXERCÍCIOS COM HALTERES","PEITO"
"masculino","Dumbbell-Incline-Pullover-(male)_Back__converted","EXERCÍCIOS COM HALTERES/PEITO/Dumbbell-Incline-Pullover-(male)_Back__converted.gif","EXERCÍCIOS COM HALTERES","PEITO"
"masculino","Dumbbell-Incline-Squeeze-Press_Upper-Arms__converted","EXERCÍCIOS COM HALTERES/PEITO/Dumbbell-Incline-Squeeze-Press_Upper-Arms__converted.gif","EXERCÍCIOS COM HALTERES","PEITO"
"masculino","Dumbbell-Incline-Twist-Press_Chest__converted","EXERCÍCIOS COM HALTERES/PEITO/Dumbbell-Incline-Twist-Press_Chest__converted.gif","EXERCÍCIOS COM HALTERES","PEITO"
"masculino","Dumbbell-Incline-Twisted-Fly_Chest__converted","EXERCÍCIOS COM HALTERES/PEITO/Dumbbell-Incline-Twisted-Fly_Chest__converted.gif","EXERCÍCIOS COM HALTERES","PEITO"
"masculino","Dumbbell-Ipsilateral-Glute-Bridge-Single-Arm-Chest_converted","EXERCÍCIOS COM HALTERES/PEITO/Dumbbell-Ipsilateral-Glute-Bridge-Single-Arm-Chest_converted.gif","EXERCÍCIOS COM HALTERES","PEITO"
"masculino","Dumbbell-Larsen-Press-(male)_Chest__converted","EXERCÍCIOS COM HALTERES/PEITO/Dumbbell-Larsen-Press-(male)_Chest__converted.gif","EXERCÍCIOS COM HALTERES","PEITO"
"masculino","Dumbbell-Lying-Hammer-Press_Chest-FIX__converted","EXERCÍCIOS COM HALTERES/PEITO/Dumbbell-Lying-Hammer-Press_Chest-FIX__converted.gif","EXERCÍCIOS COM HALTERES","PEITO"
"masculino","Dumbbell-Lying-Hammer-Press-(version-2)_converted","EXERCÍCIOS COM HALTERES/PEITO/Dumbbell-Lying-Hammer-Press-(version-2)_converted.gif","EXERCÍCIOS COM HALTERES","PEITO"
"masculino","Dumbbell-Lying-on-Floor-Chest-Press_Chest_converted","EXERCÍCIOS COM HALTERES/PEITO/Dumbbell-Lying-on-Floor-Chest-Press_Chest_converted.gif","EXERCÍCIOS COM HALTERES","PEITO"
"masculino","Dumbbell-Lying-on-Floor-Hammer-Press_Chest_converted","EXERCÍCIOS COM HALTERES/PEITO/Dumbbell-Lying-on-Floor-Hammer-Press_Chest_converted.gif","EXERCÍCIOS COM HALTERES","PEITO"
"masculino","Dumbbell-Lying-One-Arm-Press_Chest__converted","EXERCÍCIOS COM HALTERES/PEITO/Dumbbell-Lying-One-Arm-Press_Chest__converted.gif","EXERCÍCIOS COM HALTERES","PEITO"
"masculino","Dumbbell-Lying-Pullover-on-Exercise-Ball_Chest__converted","EXERCÍCIOS COM HALTERES/PEITO/Dumbbell-Lying-Pullover-on-Exercise-Ball_Chest__converted.gif","EXERCÍCIOS COM HALTERES","PEITO"
"masculino","Dumbbell-One-Arm-Floor-Fly_Chest__converted","EXERCÍCIOS COM HALTERES/PEITO/Dumbbell-One-Arm-Floor-Fly_Chest__converted.gif","EXERCÍCIOS COM HALTERES","PEITO"
"masculino","Dumbbell-One-Arm-Low-Fly_Chest_converted","EXERCÍCIOS COM HALTERES/PEITO/Dumbbell-One-Arm-Low-Fly_Chest_converted.gif","EXERCÍCIOS COM HALTERES","PEITO"
"masculino","Dumbbell-One-Arm-Wide-Grip-Bench-Press_Chest__converted","EXERCÍCIOS COM HALTERES/PEITO/Dumbbell-One-Arm-Wide-Grip-Bench-Press_Chest__converted.gif","EXERCÍCIOS COM HALTERES","PEITO"
"masculino","Dumbbell-Palms-In-Incline-Bench-Press_converted","EXERCÍCIOS COM HALTERES/PEITO/Dumbbell-Palms-In-Incline-Bench-Press_converted.gif","EXERCÍCIOS COM HALTERES","PEITO"
"masculino","Dumbbell-Pullover_Chest_converted","EXERCÍCIOS COM HALTERES/PEITO/Dumbbell-Pullover_Chest_converted.gif","EXERCÍCIOS COM HALTERES","PEITO"
"masculino","Dumbbell-Pullover-(VERSION-2)_Back__converted","EXERCÍCIOS COM HALTERES/PEITO/Dumbbell-Pullover-(VERSION-2)_Back__converted.gif","EXERCÍCIOS COM HALTERES","PEITO"
"masculino","Dumbbell-Pullover-Hip-Extension-on-Exercise-Ball_C_converted","EXERCÍCIOS COM HALTERES/PEITO/Dumbbell-Pullover-Hip-Extension-on-Exercise-Ball_C_converted.gif","EXERCÍCIOS COM HALTERES","PEITO"
"masculino","Dumbbell-Pullover-on-Exercise-Ball_Chest_converted","EXERCÍCIOS COM HALTERES/PEITO/Dumbbell-Pullover-on-Exercise-Ball_Chest_converted.gif","EXERCÍCIOS COM HALTERES","PEITO"
"masculino","Dumbbell-Pullover-on-floor_Back_converted","EXERCÍCIOS COM HALTERES/PEITO/Dumbbell-Pullover-on-floor_Back_converted.gif","EXERCÍCIOS COM HALTERES","PEITO"
"masculino","Dumbbell-Reverse-Bench-Press_Chest__converted","EXERCÍCIOS COM HALTERES/PEITO/Dumbbell-Reverse-Bench-Press_Chest__converted.gif","EXERCÍCIOS COM HALTERES","PEITO"
"masculino","Dumbbell-Reverse-Press-on-Floor_Chest__converted","EXERCÍCIOS COM HALTERES/PEITO/Dumbbell-Reverse-Press-on-Floor_Chest__converted.gif","EXERCÍCIOS COM HALTERES","PEITO"
"masculino","Dumbbell-Reverse-Push-Up_Upper-Arms__converted","EXERCÍCIOS COM HALTERES/PEITO/Dumbbell-Reverse-Push-Up_Upper-Arms__converted.gif","EXERCÍCIOS COM HALTERES","PEITO"
"masculino","Dumbbell-Seated-Reverse-Arnold-Press-(male)_Should_converted","EXERCÍCIOS COM HALTERES/PEITO/Dumbbell-Seated-Reverse-Arnold-Press-(male)_Should_converted.gif","EXERCÍCIOS COM HALTERES","PEITO"
"masculino","Dumbbell-Side-Lying-Internal-Rotation-(on-a-bench)_converted","EXERCÍCIOS COM HALTERES/PEITO/Dumbbell-Side-Lying-Internal-Rotation-(on-a-bench)_converted.gif","EXERCÍCIOS COM HALTERES","PEITO"
"masculino","Dumbbell-Single-Arm-Alternate-Decline-Bench-Press__converted","EXERCÍCIOS COM HALTERES/PEITO/Dumbbell-Single-Arm-Alternate-Decline-Bench-Press__converted.gif","EXERCÍCIOS COM HALTERES","PEITO"
"masculino","Dumbbell-Single-Arm-Alternate-Fly_Chest__converted","EXERCÍCIOS COM HALTERES/PEITO/Dumbbell-Single-Arm-Alternate-Fly_Chest__converted.gif","EXERCÍCIOS COM HALTERES","PEITO"
"masculino","Dumbbell-Single-Arm-Floor-Press_Chest__converted","EXERCÍCIOS COM HALTERES/PEITO/Dumbbell-Single-Arm-Floor-Press_Chest__converted.gif","EXERCÍCIOS COM HALTERES","PEITO"
"masculino","Dumbbell-Single-Arm-Underhand-Front-Raise_Shoulder_converted","EXERCÍCIOS COM HALTERES/PEITO/Dumbbell-Single-Arm-Underhand-Front-Raise_Shoulder_converted.gif","EXERCÍCIOS COM HALTERES","PEITO"
"masculino","Dumbbell-Single-Arms-Pullover-(male)_Back__converted","EXERCÍCIOS COM HALTERES/PEITO/Dumbbell-Single-Arms-Pullover-(male)_Back__converted.gif","EXERCÍCIOS COM HALTERES","PEITO"
"masculino","Dumbbell-Squeeze-Bench-Press_Chest-FIX__converted","EXERCÍCIOS COM HALTERES/PEITO/Dumbbell-Squeeze-Bench-Press_Chest-FIX__converted.gif","EXERCÍCIOS COM HALTERES","PEITO"
"masculino","Dumbbell-Squeeze-Press-on-Floor_Chest__converted","EXERCÍCIOS COM HALTERES/PEITO/Dumbbell-Squeeze-Press-on-Floor_Chest__converted.gif","EXERCÍCIOS COM HALTERES","PEITO"
"masculino","Dumbbell-Standing-Close-Grip-Shoulder-Press-(male)_converted","EXERCÍCIOS COM HALTERES/PEITO/Dumbbell-Standing-Close-Grip-Shoulder-Press-(male)_converted.gif","EXERCÍCIOS COM HALTERES","PEITO"
"masculino","Dumbbell-Standing-Single-Arm-Cross-Raise_Chest__converted","EXERCÍCIOS COM HALTERES/PEITO/Dumbbell-Standing-Single-Arm-Cross-Raise_Chest__converted.gif","EXERCÍCIOS COM HALTERES","PEITO"
"masculino","Dumbbell-Straight-Arm-Pullover_Chest_converted","EXERCÍCIOS COM HALTERES/PEITO/Dumbbell-Straight-Arm-Pullover_Chest_converted.gif","EXERCÍCIOS COM HALTERES","PEITO"
"masculino","Dumbbell-Svend-Press_Chest__converted","EXERCÍCIOS COM HALTERES/PEITO/Dumbbell-Svend-Press_Chest__converted.gif","EXERCÍCIOS COM HALTERES","PEITO"
"masculino","Dumbell-One-Arm-Side-Lying-Bench-Press-(male)_Ches_converted","EXERCÍCIOS COM HALTERES/PEITO/Dumbell-One-Arm-Side-Lying-Bench-Press-(male)_Ches_converted.gif","EXERCÍCIOS COM HALTERES","PEITO"
"masculino","Hyght-Dumbbell-Fly_Chest__converted","EXERCÍCIOS COM HALTERES/PEITO/Hyght-Dumbbell-Fly_Chest__converted.gif","EXERCÍCIOS COM HALTERES","PEITO"
"masculino","Incline-Svend-Press_Upper-Arms__converted","EXERCÍCIOS COM HALTERES/PEITO/Incline-Svend-Press_Upper-Arms__converted.gif","EXERCÍCIOS COM HALTERES","PEITO"
"masculino","Push-up-Row-(male)_Back-FIX__converted","EXERCÍCIOS COM HALTERES/PEITO/Push-up-Row-(male)_Back-FIX__converted.gif","EXERCÍCIOS COM HALTERES","PEITO"
"masculino","Svend-Bench-Press_Upper-Arms__converted","EXERCÍCIOS COM HALTERES/PEITO/Svend-Bench-Press_Upper-Arms__converted.gif","EXERCÍCIOS COM HALTERES","PEITO"
"masculino","Weighted-Lying-Svend-Press-(male)_Chest__converted","EXERCÍCIOS COM HALTERES/PEITO/Weighted-Lying-Svend-Press-(male)_Chest__converted.gif","EXERCÍCIOS COM HALTERES","PEITO"
"masculino","Weighted-Plate-Decline-Chest-Press-(male)_Chest__converted","EXERCÍCIOS COM HALTERES/PEITO/Weighted-Plate-Decline-Chest-Press-(male)_Chest__converted.gif","EXERCÍCIOS COM HALTERES","PEITO"
"masculino","Weighted-Plate-Pullover-(male)_Back__converted","EXERCÍCIOS COM HALTERES/PEITO/Weighted-Plate-Pullover-(male)_Back__converted.gif","EXERCÍCIOS COM HALTERES","PEITO"
"masculino","Weighted-Plate-Pullover-on-Stability-Ball-(male)_B_converted","EXERCÍCIOS COM HALTERES/PEITO/Weighted-Plate-Pullover-on-Stability-Ball-(male)_B_converted.gif","EXERCÍCIOS COM HALTERES","PEITO"
"masculino","Weighted-Plate-Push-up-(male)_Chest__converted","EXERCÍCIOS COM HALTERES/PEITO/Weighted-Plate-Push-up-(male)_Chest__converted.gif","EXERCÍCIOS COM HALTERES","PEITO"
"masculino","Weighted-Svend-Press_Chest-FIX__converted","EXERCÍCIOS COM HALTERES/PEITO/Weighted-Svend-Press_Chest-FIX__converted.gif","EXERCÍCIOS COM HALTERES","PEITO"
"masculino","Dumbbell-Assisted-Bulgarian-Split-Squat_Thighs__converted","EXERCÍCIOS COM HALTERES/PERNA/Dumbbell-Assisted-Bulgarian-Split-Squat_Thighs__converted.gif","EXERCÍCIOS COM HALTERES","PERNA"
"masculino","Dumbbell-Banded-Wall-Sit-(male)_Thighs__converted","EXERCÍCIOS COM HALTERES/PERNA/Dumbbell-Banded-Wall-Sit-(male)_Thighs__converted.gif","EXERCÍCIOS COM HALTERES","PERNA"
"masculino","Dumbbell-Bar-Grip-Sumo-Squat-(male)_Hips_converted","EXERCÍCIOS COM HALTERES/PERNA/Dumbbell-Bar-Grip-Sumo-Squat-(male)_Hips_converted.gif","EXERCÍCIOS COM HALTERES","PERNA"
"masculino","Dumbbell-Bench-Squat_Thighs_converted","EXERCÍCIOS COM HALTERES/PERNA/Dumbbell-Bench-Squat_Thighs_converted.gif","EXERCÍCIOS COM HALTERES","PERNA"
"masculino","Dumbbell-Bosu-Ball-Goblet-Squat-(male)_Thighs__converted","EXERCÍCIOS COM HALTERES/PERNA/Dumbbell-Bosu-Ball-Goblet-Squat-(male)_Thighs__converted.gif","EXERCÍCIOS COM HALTERES","PERNA"
"masculino","Dumbbell-Bulgarian-Split-Squat-with-Support-(male)_converted","EXERCÍCIOS COM HALTERES/PERNA/Dumbbell-Bulgarian-Split-Squat-with-Support-(male)_converted.gif","EXERCÍCIOS COM HALTERES","PERNA"
"masculino","Dumbbell-Change-Plyo-Side-Lunge-(male)_Thighs__converted","EXERCÍCIOS COM HALTERES/PERNA/Dumbbell-Change-Plyo-Side-Lunge-(male)_Thighs__converted.gif","EXERCÍCIOS COM HALTERES","PERNA"
"masculino","Dumbbell-Clean_Thighs__converted","EXERCÍCIOS COM HALTERES/PERNA/Dumbbell-Clean_Thighs__converted.gif","EXERCÍCIOS COM HALTERES","PERNA"
"masculino","Dumbbell-Clean-and-Press_Weightlifting-FIX__converted","EXERCÍCIOS COM HALTERES/PERNA/Dumbbell-Clean-and-Press_Weightlifting-FIX__converted.gif","EXERCÍCIOS COM HALTERES","PERNA"
"masculino","Dumbbell-Cossack-Squats-(VERSION-2)-(male)_Thighs__converted","EXERCÍCIOS COM HALTERES/PERNA/Dumbbell-Cossack-Squats-(VERSION-2)-(male)_Thighs__converted.gif","EXERCÍCIOS COM HALTERES","PERNA"
"masculino","Dumbbell-Curtsey-Lunge-(male)_Thighs__converted","EXERCÍCIOS COM HALTERES/PERNA/Dumbbell-Curtsey-Lunge-(male)_Thighs__converted.gif","EXERCÍCIOS COM HALTERES","PERNA"
"masculino","Dumbbell-Deadlift_Hips_converted","EXERCÍCIOS COM HALTERES/PERNA/Dumbbell-Deadlift_Hips_converted.gif","EXERCÍCIOS COM HALTERES","PERNA"
"masculino","Dumbbell-Decline-Lying-Leg-Curl_Thighs__converted","EXERCÍCIOS COM HALTERES/PERNA/Dumbbell-Decline-Lying-Leg-Curl_Thighs__converted.gif","EXERCÍCIOS COM HALTERES","PERNA"
"masculino","Dumbbell-Frog-Hip-Thrust-(male)_Hips__converted","EXERCÍCIOS COM HALTERES/PERNA/Dumbbell-Frog-Hip-Thrust-(male)_Hips__converted.gif","EXERCÍCIOS COM HALTERES","PERNA"
"masculino","Dumbbell-Front-Rack-Lunge_Thighs_converted","EXERCÍCIOS COM HALTERES/PERNA/Dumbbell-Front-Rack-Lunge_Thighs_converted.gif","EXERCÍCIOS COM HALTERES","PERNA"
"masculino","Dumbbell-Front-Squat_Thighs-FIX__converted","EXERCÍCIOS COM HALTERES/PERNA/Dumbbell-Front-Squat_Thighs-FIX__converted.gif","EXERCÍCIOS COM HALTERES","PERNA"
"masculino","Dumbbell-Full-Swing_Hips_converted","EXERCÍCIOS COM HALTERES/PERNA/Dumbbell-Full-Swing_Hips_converted.gif","EXERCÍCIOS COM HALTERES","PERNA"
"masculino","Dumbbell-Glute-Bridge_Hip_converted","EXERCÍCIOS COM HALTERES/PERNA/Dumbbell-Glute-Bridge_Hip_converted.gif","EXERCÍCIOS COM HALTERES","PERNA"
"masculino","Dumbbell-Gobelt-Curtsey-Lunge_Thighs__converted","EXERCÍCIOS COM HALTERES/PERNA/Dumbbell-Gobelt-Curtsey-Lunge_Thighs__converted.gif","EXERCÍCIOS COM HALTERES","PERNA"
"masculino","Dumbbell-Goblet-2-sec-Hold-Squat_Thighs__converted","EXERCÍCIOS COM HALTERES/PERNA/Dumbbell-Goblet-2-sec-Hold-Squat_Thighs__converted.gif","EXERCÍCIOS COM HALTERES","PERNA"
"masculino","Dumbbell-Goblet-Bulgarian-Split-Squat_Thighs__converted","EXERCÍCIOS COM HALTERES/PERNA/Dumbbell-Goblet-Bulgarian-Split-Squat_Thighs__converted.gif","EXERCÍCIOS COM HALTERES","PERNA"
"masculino","Dumbbell-Goblet-Lunge_Thighs__converted","EXERCÍCIOS COM HALTERES/PERNA/Dumbbell-Goblet-Lunge_Thighs__converted.gif","EXERCÍCIOS COM HALTERES","PERNA"
"masculino","Dumbbell-Goblet-Side-Lunge-Stretch-(VERSION-2)-(ma_converted","EXERCÍCIOS COM HALTERES/PERNA/Dumbbell-Goblet-Side-Lunge-Stretch-(VERSION-2)-(ma_converted.gif","EXERCÍCIOS COM HALTERES","PERNA"
"masculino","Dumbbell-Goblet-Split-Squat_Thighs__converted","EXERCÍCIOS COM HALTERES/PERNA/Dumbbell-Goblet-Split-Squat_Thighs__converted.gif","EXERCÍCIOS COM HALTERES","PERNA"
"masculino","Dumbbell-Goblet-Split-Squat-Front-Foot-Elevanted_T_converted","EXERCÍCIOS COM HALTERES/PERNA/Dumbbell-Goblet-Split-Squat-Front-Foot-Elevanted_T_converted.gif","EXERCÍCIOS COM HALTERES","PERNA"
"masculino","Dumbbell-Goblet-Squat_Thighs-FIX__converted","EXERCÍCIOS COM HALTERES/PERNA/Dumbbell-Goblet-Squat_Thighs-FIX__converted.gif","EXERCÍCIOS COM HALTERES","PERNA"
"masculino","Dumbbell-Goblet-Squat-Side-Shuffle-(male)_Plyometr_converted","EXERCÍCIOS COM HALTERES/PERNA/Dumbbell-Goblet-Squat-Side-Shuffle-(male)_Plyometr_converted.gif","EXERCÍCIOS COM HALTERES","PERNA"
"masculino","Dumbbell-Goblet-Squat-with-Calf-Raise_Thighs__converted","EXERCÍCIOS COM HALTERES/PERNA/Dumbbell-Goblet-Squat-with-Calf-Raise_Thighs__converted.gif","EXERCÍCIOS COM HALTERES","PERNA"
"masculino","Dumbbell-Goblet-Sumo-Squat-(male)_Thighs__converted","EXERCÍCIOS COM HALTERES/PERNA/Dumbbell-Goblet-Sumo-Squat-(male)_Thighs__converted.gif","EXERCÍCIOS COM HALTERES","PERNA"
"masculino","Dumbbell-Goblet-Walking-Lunge_Thighs__converted","EXERCÍCIOS COM HALTERES/PERNA/Dumbbell-Goblet-Walking-Lunge_Thighs__converted.gif","EXERCÍCIOS COM HALTERES","PERNA"
"masculino","Dumbbell-Goblet-Wall-Sit-(male)_Thighs__converted","EXERCÍCIOS COM HALTERES/PERNA/Dumbbell-Goblet-Wall-Sit-(male)_Thighs__converted.gif","EXERCÍCIOS COM HALTERES","PERNA"
"masculino","Dumbbell-Good-Morning-(male)_Hips__converted","EXERCÍCIOS COM HALTERES/PERNA/Dumbbell-Good-Morning-(male)_Hips__converted.gif","EXERCÍCIOS COM HALTERES","PERNA"
"masculino","Dumbbell-Hack-Squat_Hips__converted","EXERCÍCIOS COM HALTERES/PERNA/Dumbbell-Hack-Squat_Hips__converted.gif","EXERCÍCIOS COM HALTERES","PERNA"
"masculino","Dumbbell-Hang-Clean-and-Press-(male)_Weightlifting_converted","EXERCÍCIOS COM HALTERES/PERNA/Dumbbell-Hang-Clean-and-Press-(male)_Weightlifting_converted.gif","EXERCÍCIOS COM HALTERES","PERNA"
"masculino","Dumbbell-Hang-Power-Clean_Weightlifting__converted","EXERCÍCIOS COM HALTERES/PERNA/Dumbbell-Hang-Power-Clean_Weightlifting__converted.gif","EXERCÍCIOS COM HALTERES","PERNA"
"masculino","Dumbbell-Hip-Thrust_Hips__converted","EXERCÍCIOS COM HALTERES/PERNA/Dumbbell-Hip-Thrust_Hips__converted.gif","EXERCÍCIOS COM HALTERES","PERNA"
"masculino","Dumbbell-Hip-Thrust-(VERSION-2)_Hips__converted","EXERCÍCIOS COM HALTERES/PERNA/Dumbbell-Hip-Thrust-(VERSION-2)_Hips__converted.gif","EXERCÍCIOS COM HALTERES","PERNA"
"masculino","Dumbbell-Hyperextension-(male)_Hips__converted","EXERCÍCIOS COM HALTERES/PERNA/Dumbbell-Hyperextension-(male)_Hips__converted.gif","EXERCÍCIOS COM HALTERES","PERNA"
"masculino","Dumbbell-Hyperextension-(male)_Hips-FIX__converted","EXERCÍCIOS COM HALTERES/PERNA/Dumbbell-Hyperextension-(male)_Hips-FIX__converted.gif","EXERCÍCIOS COM HALTERES","PERNA"
"masculino","Dumbbell-Hyperextension-(VERSION-2)-(male)_Hips__converted","EXERCÍCIOS COM HALTERES/PERNA/Dumbbell-Hyperextension-(VERSION-2)-(male)_Hips__converted.gif","EXERCÍCIOS COM HALTERES","PERNA"
"masculino","Dumbbell-Ipsilateral-Single-Leg-Stiff-Leg-Deadlift_converted","EXERCÍCIOS COM HALTERES/PERNA/Dumbbell-Ipsilateral-Single-Leg-Stiff-Leg-Deadlift_converted.gif","EXERCÍCIOS COM HALTERES","PERNA"
"masculino","Dumbbell-Iron-Cross_Shoulders_converted","EXERCÍCIOS COM HALTERES/PERNA/Dumbbell-Iron-Cross_Shoulders_converted.gif","EXERCÍCIOS COM HALTERES","PERNA"
"masculino","Dumbbell-Jefferson-Curl-(male)_Hips__converted","EXERCÍCIOS COM HALTERES/PERNA/Dumbbell-Jefferson-Curl-(male)_Hips__converted.gif","EXERCÍCIOS COM HALTERES","PERNA"
"masculino","Dumbbell-Jumping-Squat_Plyometric__converted","EXERCÍCIOS COM HALTERES/PERNA/Dumbbell-Jumping-Squat_Plyometric__converted.gif","EXERCÍCIOS COM HALTERES","PERNA"
"masculino","Dumbbell-Kneeling-Hold-to-Stand_Thighs__converted","EXERCÍCIOS COM HALTERES/PERNA/Dumbbell-Kneeling-Hold-to-Stand_Thighs__converted.gif","EXERCÍCIOS COM HALTERES","PERNA"
"masculino","Dumbbell-Kneeling-Hold-to-Stand-Clean-grip_Thighs__converted","EXERCÍCIOS COM HALTERES/PERNA/Dumbbell-Kneeling-Hold-to-Stand-Clean-grip_Thighs__converted.gif","EXERCÍCIOS COM HALTERES","PERNA"
"masculino","Dumbbell-Lateral-Step-up-(male)_Thighs__converted","EXERCÍCIOS COM HALTERES/PERNA/Dumbbell-Lateral-Step-up-(male)_Thighs__converted.gif","EXERCÍCIOS COM HALTERES","PERNA"
"masculino","Dumbbell-Lateral-Walk-(male)_Hips__converted","EXERCÍCIOS COM HALTERES/PERNA/Dumbbell-Lateral-Walk-(male)_Hips__converted.gif","EXERCÍCIOS COM HALTERES","PERNA"
"masculino","Dumbbell-Low-Split-Squat-(male)_Thighs__converted","EXERCÍCIOS COM HALTERES/PERNA/Dumbbell-Low-Split-Squat-(male)_Thighs__converted.gif","EXERCÍCIOS COM HALTERES","PERNA"
"masculino","Dumbbell-Low-Windmill_Waist__converted","EXERCÍCIOS COM HALTERES/PERNA/Dumbbell-Low-Windmill_Waist__converted.gif","EXERCÍCIOS COM HALTERES","PERNA"
"masculino","Dumbbell-Lunge_Hips-FIX2__converted","EXERCÍCIOS COM HALTERES/PERNA/Dumbbell-Lunge_Hips-FIX2__converted.gif","EXERCÍCIOS COM HALTERES","PERNA"
"masculino","Dumbbell-Lying-Femoral_Thighs_converted","EXERCÍCIOS COM HALTERES/PERNA/Dumbbell-Lying-Femoral_Thighs_converted.gif","EXERCÍCIOS COM HALTERES","PERNA"
"masculino","Dumbbell-Lying-Hamstring-Curl_Thighs_converted","EXERCÍCIOS COM HALTERES/PERNA/Dumbbell-Lying-Hamstring-Curl_Thighs_converted.gif","EXERCÍCIOS COM HALTERES","PERNA"
"masculino","Dumbbell-Lying-Leg-Curl-(male)_Thighs__converted","EXERCÍCIOS COM HALTERES/PERNA/Dumbbell-Lying-Leg-Curl-(male)_Thighs__converted.gif","EXERCÍCIOS COM HALTERES","PERNA"
"masculino","Dumbbell-Narrow-Squat-(male)_Thighs__converted","EXERCÍCIOS COM HALTERES/PERNA/Dumbbell-Narrow-Squat-(male)_Thighs__converted.gif","EXERCÍCIOS COM HALTERES","PERNA"
"masculino","Dumbbell-One-Arm-Snatch_Weightlifting__converted","EXERCÍCIOS COM HALTERES/PERNA/Dumbbell-One-Arm-Snatch_Weightlifting__converted.gif","EXERCÍCIOS COM HALTERES","PERNA"
"masculino","Dumbbell-One-Arm-Swing_Weightlifts__converted","EXERCÍCIOS COM HALTERES/PERNA/Dumbbell-One-Arm-Swing_Weightlifts__converted.gif","EXERCÍCIOS COM HALTERES","PERNA"
"masculino","Dumbbell-Overhead-Lunge_Thighs__converted","EXERCÍCIOS COM HALTERES/PERNA/Dumbbell-Overhead-Lunge_Thighs__converted.gif","EXERCÍCIOS COM HALTERES","PERNA"
"masculino","Dumbbell-Overhead-Squat_Thighs_converted","EXERCÍCIOS COM HALTERES/PERNA/Dumbbell-Overhead-Squat_Thighs_converted.gif","EXERCÍCIOS COM HALTERES","PERNA"
"masculino","Dumbbell-Plyo-Squat_thighs_converted","EXERCÍCIOS COM HALTERES/PERNA/Dumbbell-Plyo-Squat_thighs_converted.gif","EXERCÍCIOS COM HALTERES","PERNA"
"masculino","Dumbbell-Power-Clean_Weightlifting__converted","EXERCÍCIOS COM HALTERES/PERNA/Dumbbell-Power-Clean_Weightlifting__converted.gif","EXERCÍCIOS COM HALTERES","PERNA"
"masculino","Dumbbell-Press-Squat_Thighs_Chest_converted","EXERCÍCIOS COM HALTERES/PERNA/Dumbbell-Press-Squat_Thighs_Chest_converted.gif","EXERCÍCIOS COM HALTERES","PERNA"
"masculino","Dumbbell-Push-Jerk_Weightlifting__converted","EXERCÍCIOS COM HALTERES/PERNA/Dumbbell-Push-Jerk_Weightlifting__converted.gif","EXERCÍCIOS COM HALTERES","PERNA"
"masculino","Dumbbell-Push-Press_Shoulders__converted","EXERCÍCIOS COM HALTERES/PERNA/Dumbbell-Push-Press_Shoulders__converted.gif","EXERCÍCIOS COM HALTERES","PERNA"
"masculino","Dumbbell-Rear-Lunge_Thighs-FIX__converted","EXERCÍCIOS COM HALTERES/PERNA/Dumbbell-Rear-Lunge_Thighs-FIX__converted.gif","EXERCÍCIOS COM HALTERES","PERNA"
"masculino","Dumbbell-Reverse-Hyperextension-on-Bench_Hips__converted","EXERCÍCIOS COM HALTERES/PERNA/Dumbbell-Reverse-Hyperextension-on-Bench_Hips__converted.gif","EXERCÍCIOS COM HALTERES","PERNA"
"masculino","Dumbbell-Reverse-Lunge-from-Deficit-(male)_Thighs__converted","EXERCÍCIOS COM HALTERES/PERNA/Dumbbell-Reverse-Lunge-from-Deficit-(male)_Thighs__converted.gif","EXERCÍCIOS COM HALTERES","PERNA"
"masculino","Dumbbell-Romanian-Deadlift_Hips-FIX__converted","EXERCÍCIOS COM HALTERES/PERNA/Dumbbell-Romanian-Deadlift_Hips-FIX__converted.gif","EXERCÍCIOS COM HALTERES","PERNA"
"masculino","Dumbbell-Romanian-Deadlift-to-Squat-(male)_Thighs__converted","EXERCÍCIOS COM HALTERES/PERNA/Dumbbell-Romanian-Deadlift-to-Squat-(male)_Thighs__converted.gif","EXERCÍCIOS COM HALTERES","PERNA"
"masculino","Dumbbell-Side-Lunge-(VERSION-3)_Thighs-FIX__converted","EXERCÍCIOS COM HALTERES/PERNA/Dumbbell-Side-Lunge-(VERSION-3)_Thighs-FIX__converted.gif","EXERCÍCIOS COM HALTERES","PERNA"
"masculino","Dumbbell-Side-Squat_Thighs__converted","EXERCÍCIOS COM HALTERES/PERNA/Dumbbell-Side-Squat_Thighs__converted.gif","EXERCÍCIOS COM HALTERES","PERNA"
"masculino","Dumbbell-Single-Arm-Clean-and-Press-(male)_Weightl_converted","EXERCÍCIOS COM HALTERES/PERNA/Dumbbell-Single-Arm-Clean-and-Press-(male)_Weightl_converted.gif","EXERCÍCIOS COM HALTERES","PERNA"
"masculino","Dumbbell-Single-Arm-Deadlift_Hips__converted","EXERCÍCIOS COM HALTERES/PERNA/Dumbbell-Single-Arm-Deadlift_Hips__converted.gif","EXERCÍCIOS COM HALTERES","PERNA"
"masculino","Dumbbell-Single-Arm-Overhead-Carry_Weightlifting__converted","EXERCÍCIOS COM HALTERES/PERNA/Dumbbell-Single-Arm-Overhead-Carry_Weightlifting__converted.gif","EXERCÍCIOS COM HALTERES","PERNA"
"masculino","Dumbbell-Single-Arm-Overhead-Lunge_Thighs__converted","EXERCÍCIOS COM HALTERES/PERNA/Dumbbell-Single-Arm-Overhead-Lunge_Thighs__converted.gif","EXERCÍCIOS COM HALTERES","PERNA"
"masculino","Dumbbell-Single-Leg-Deadlift_Hips_converted","EXERCÍCIOS COM HALTERES/PERNA/Dumbbell-Single-Leg-Deadlift_Hips_converted.gif","EXERCÍCIOS COM HALTERES","PERNA"
"masculino","Dumbbell-Single-Leg-Deadlift-(male)_Hips__converted","EXERCÍCIOS COM HALTERES/PERNA/Dumbbell-Single-Leg-Deadlift-(male)_Hips__converted.gif","EXERCÍCIOS COM HALTERES","PERNA"
"masculino","Dumbbell-Single-Leg-Glute-Bridge_Hip_converted","EXERCÍCIOS COM HALTERES/PERNA/Dumbbell-Single-Leg-Glute-Bridge_Hip_converted.gif","EXERCÍCIOS COM HALTERES","PERNA"
"masculino","Dumbbell-Single-Leg-Hip-Thrust_Hips__converted","EXERCÍCIOS COM HALTERES/PERNA/Dumbbell-Single-Leg-Hip-Thrust_Hips__converted.gif","EXERCÍCIOS COM HALTERES","PERNA"
"masculino","Dumbbell-Single-Leg-Split-Squat_Thighs__converted","EXERCÍCIOS COM HALTERES/PERNA/Dumbbell-Single-Leg-Split-Squat_Thighs__converted.gif","EXERCÍCIOS COM HALTERES","PERNA"
"masculino","Dumbbell-Single-Leg-Split-Squat-with-Low-Box_Thighs__converted","EXERCÍCIOS COM HALTERES/PERNA/Dumbbell-Single-Leg-Split-Squat-with-Low-Box_Thighs__converted.gif","EXERCÍCIOS COM HALTERES","PERNA"
"masculino","Dumbbell-Single-Leg-Squat_Hips_converted","EXERCÍCIOS COM HALTERES/PERNA/Dumbbell-Single-Leg-Squat_Hips_converted.gif","EXERCÍCIOS COM HALTERES","PERNA"
"masculino","Dumbbell-Single-Leg-Squat-with-Support-(pistol)_Th_converted","EXERCÍCIOS COM HALTERES/PERNA/Dumbbell-Single-Leg-Squat-with-Support-(pistol)_Th_converted.gif","EXERCÍCIOS COM HALTERES","PERNA"
"masculino","Dumbbell-Single-Leg-Standing-Shoulder-Press-(male)_converted","EXERCÍCIOS COM HALTERES/PERNA/Dumbbell-Single-Leg-Standing-Shoulder-Press-(male)_converted.gif","EXERCÍCIOS COM HALTERES","PERNA"
"masculino","Dumbbell-Single-Leg-Step-Up_Thighs_converted","EXERCÍCIOS COM HALTERES/PERNA/Dumbbell-Single-Leg-Step-Up_Thighs_converted.gif","EXERCÍCIOS COM HALTERES","PERNA"
"masculino","Dumbbell-Single-Power-Clean_Weightlifting__converted","EXERCÍCIOS COM HALTERES/PERNA/Dumbbell-Single-Power-Clean_Weightlifting__converted.gif","EXERCÍCIOS COM HALTERES","PERNA"
"masculino","Dumbbell-Single-Power-Clean-and-Jerk_Weightlifting_converted","EXERCÍCIOS COM HALTERES/PERNA/Dumbbell-Single-Power-Clean-and-Jerk_Weightlifting_converted.gif","EXERCÍCIOS COM HALTERES","PERNA"
"masculino","Dumbbell-Sitting-Good-Morning-(male)_Hips__converted","EXERCÍCIOS COM HALTERES/PERNA/Dumbbell-Sitting-Good-Morning-(male)_Hips__converted.gif","EXERCÍCIOS COM HALTERES","PERNA"
"masculino","Dumbbell-Sitting-Leg-Extension-(male)_Thighs__converted","EXERCÍCIOS COM HALTERES/PERNA/Dumbbell-Sitting-Leg-Extension-(male)_Thighs__converted.gif","EXERCÍCIOS COM HALTERES","PERNA"
"masculino","Dumbbell-Split-Squat_Thighs__converted","EXERCÍCIOS COM HALTERES/PERNA/Dumbbell-Split-Squat_Thighs__converted.gif","EXERCÍCIOS COM HALTERES","PERNA"
"masculino","Dumbbell-Split-Squat-Front-Foot-Elevanted_Thighs__converted","EXERCÍCIOS COM HALTERES/PERNA/Dumbbell-Split-Squat-Front-Foot-Elevanted_Thighs__converted.gif","EXERCÍCIOS COM HALTERES","PERNA"
"masculino","Dumbbell-Squat_Hips__converted","EXERCÍCIOS COM HALTERES/PERNA/Dumbbell-Squat_Hips__converted.gif","EXERCÍCIOS COM HALTERES","PERNA"
"masculino","Dumbbell-Squat_Thighs_converted","EXERCÍCIOS COM HALTERES/PERNA/Dumbbell-Squat_Thighs_converted.gif","EXERCÍCIOS COM HALTERES","PERNA"
"masculino","Dumbbell-Squat-Hold-Calf-Raise_Calves__converted","EXERCÍCIOS COM HALTERES/PERNA/Dumbbell-Squat-Hold-Calf-Raise_Calves__converted.gif","EXERCÍCIOS COM HALTERES","PERNA"
"masculino","Dumbbell-Squat-Lunges-Jump-Complex_Thighs__converted","EXERCÍCIOS COM HALTERES/PERNA/Dumbbell-Squat-Lunges-Jump-Complex_Thighs__converted.gif","EXERCÍCIOS COM HALTERES","PERNA"
"masculino","Dumbbell-Squat-to-Overhead-Press_Thighs__converted","EXERCÍCIOS COM HALTERES/PERNA/Dumbbell-Squat-to-Overhead-Press_Thighs__converted.gif","EXERCÍCIOS COM HALTERES","PERNA"
"masculino","Dumbbell-Static-Lunge_Thighs_converted","EXERCÍCIOS COM HALTERES/PERNA/Dumbbell-Static-Lunge_Thighs_converted.gif","EXERCÍCIOS COM HALTERES","PERNA"
"masculino","Dumbbell-Step-up_Hips__converted","EXERCÍCIOS COM HALTERES/PERNA/Dumbbell-Step-up_Hips__converted.gif","EXERCÍCIOS COM HALTERES","PERNA"
"masculino","Dumbbell-Step-up-(VERSION-2)-(male)_Thighs__converted","EXERCÍCIOS COM HALTERES/PERNA/Dumbbell-Step-up-(VERSION-2)-(male)_Thighs__converted.gif","EXERCÍCIOS COM HALTERES","PERNA"
"masculino","Dumbbell-Step-up-with-Knee-Raise_Hips__converted","EXERCÍCIOS COM HALTERES/PERNA/Dumbbell-Step-up-with-Knee-Raise_Hips__converted.gif","EXERCÍCIOS COM HALTERES","PERNA"
"masculino","Dumbbell-Stiff-Leg-Deadlift_Hips_converted","EXERCÍCIOS COM HALTERES/PERNA/Dumbbell-Stiff-Leg-Deadlift_Hips_converted.gif","EXERCÍCIOS COM HALTERES","PERNA"
"masculino","Dumbbell-Stiff-Leg-Deadlift_Waist_converted","EXERCÍCIOS COM HALTERES/PERNA/Dumbbell-Stiff-Leg-Deadlift_Waist_converted.gif","EXERCÍCIOS COM HALTERES","PERNA"
"masculino","Dumbbell-Straight-Leg-Deadlift_Hips__converted","EXERCÍCIOS COM HALTERES/PERNA/Dumbbell-Straight-Leg-Deadlift_Hips__converted.gif","EXERCÍCIOS COM HALTERES","PERNA"
"masculino","Dumbbell-Straight-Legs-Deadlift_Hips_converted","EXERCÍCIOS COM HALTERES/PERNA/Dumbbell-Straight-Legs-Deadlift_Hips_converted.gif","EXERCÍCIOS COM HALTERES","PERNA"
"masculino","Dumbbell-Suitcase-Carry_Thighs__converted","EXERCÍCIOS COM HALTERES/PERNA/Dumbbell-Suitcase-Carry_Thighs__converted.gif","EXERCÍCIOS COM HALTERES","PERNA"
"masculino","Dumbbell-Sumo-Deadlift-(male)_Hips__converted","EXERCÍCIOS COM HALTERES/PERNA/Dumbbell-Sumo-Deadlift-(male)_Hips__converted.gif","EXERCÍCIOS COM HALTERES","PERNA"
"masculino","Dumbbell-Sumo-Pull-Through_Hips__converted","EXERCÍCIOS COM HALTERES/PERNA/Dumbbell-Sumo-Pull-Through_Hips__converted.gif","EXERCÍCIOS COM HALTERES","PERNA"
"masculino","Dumbbell-Sumo-Squat-(male)_Thighs__converted","EXERCÍCIOS COM HALTERES/PERNA/Dumbbell-Sumo-Squat-(male)_Thighs__converted.gif","EXERCÍCIOS COM HALTERES","PERNA"
"masculino","Dumbbell-Sumo-Squat-Front-Raise-(male)_Thighs__converted","EXERCÍCIOS COM HALTERES/PERNA/Dumbbell-Sumo-Squat-Front-Raise-(male)_Thighs__converted.gif","EXERCÍCIOS COM HALTERES","PERNA"
"masculino","Dumbbell-Sumo-Squat-Off-Benches-(male)_Hips__converted","EXERCÍCIOS COM HALTERES/PERNA/Dumbbell-Sumo-Squat-Off-Benches-(male)_Hips__converted.gif","EXERCÍCIOS COM HALTERES","PERNA"
"masculino","Dumbbell-Supported-Squat_Thighs__converted","EXERCÍCIOS COM HALTERES/PERNA/Dumbbell-Supported-Squat_Thighs__converted.gif","EXERCÍCIOS COM HALTERES","PERNA"
"masculino","Dumbbell-Swing_Hips_converted","EXERCÍCIOS COM HALTERES/PERNA/Dumbbell-Swing_Hips_converted.gif","EXERCÍCIOS COM HALTERES","PERNA"
"masculino","Dumbbell-Thruster_Thighs_converted","EXERCÍCIOS COM HALTERES/PERNA/Dumbbell-Thruster_Thighs_converted.gif","EXERCÍCIOS COM HALTERES","PERNA"
"masculino","Dumbbell-Walking-Lunges_Thighs__converted","EXERCÍCIOS COM HALTERES/PERNA/Dumbbell-Walking-Lunges_Thighs__converted.gif","EXERCÍCIOS COM HALTERES","PERNA"
"masculino","Dumbbell-Wide-Squat-(male)_Thighs__converted","EXERCÍCIOS COM HALTERES/PERNA/Dumbbell-Wide-Squat-(male)_Thighs__converted.gif","EXERCÍCIOS COM HALTERES","PERNA"
"masculino","Dumbell-Bulgarian-Split-Squat-from-Deficit-(male)__converted","EXERCÍCIOS COM HALTERES/PERNA/Dumbell-Bulgarian-Split-Squat-from-Deficit-(male)__converted.gif","EXERCÍCIOS COM HALTERES","PERNA"
"masculino","Farmers-walk_Cardio-FIX__converted","EXERCÍCIOS COM HALTERES/PERNA/Farmers-walk_Cardio-FIX__converted.gif","EXERCÍCIOS COM HALTERES","PERNA"
"masculino","Single-Arm-Overhead-Dumbbell-Squat_Thighs__converted","EXERCÍCIOS COM HALTERES/PERNA/Single-Arm-Overhead-Dumbbell-Squat_Thighs__converted.gif","EXERCÍCIOS COM HALTERES","PERNA"
"masculino","Weighted-Counterbalanced-Squat-(male)_Thighs__converted","EXERCÍCIOS COM HALTERES/PERNA/Weighted-Counterbalanced-Squat-(male)_Thighs__converted.gif","EXERCÍCIOS COM HALTERES","PERNA"
"masculino","Weighted-Dumbbell-Lying-Knee-Raise-(male)_Hips__converted","EXERCÍCIOS COM HALTERES/PERNA/Weighted-Dumbbell-Lying-Knee-Raise-(male)_Hips__converted.gif","EXERCÍCIOS COM HALTERES","PERNA"
"masculino","Weighted-Hyperextension_Hips__converted","EXERCÍCIOS COM HALTERES/PERNA/Weighted-Hyperextension_Hips__converted.gif","EXERCÍCIOS COM HALTERES","PERNA"
"masculino","Weighted-Lunge-with-Swing_Thighs__converted","EXERCÍCIOS COM HALTERES/PERNA/Weighted-Lunge-with-Swing_Thighs__converted.gif","EXERCÍCIOS COM HALTERES","PERNA"
"masculino","Weighted-Plate-Cossack-Squat-(male)_Thighs__converted","EXERCÍCIOS COM HALTERES/PERNA/Weighted-Plate-Cossack-Squat-(male)_Thighs__converted.gif","EXERCÍCIOS COM HALTERES","PERNA"
"masculino","Weighted-Plate-Side-Twist-from-Squat-(male)_Plyome_converted","EXERCÍCIOS COM HALTERES/PERNA/Weighted-Plate-Side-Twist-from-Squat-(male)_Plyome_converted.gif","EXERCÍCIOS COM HALTERES","PERNA"
"masculino","Weighted-Plates-Bulgarian-Split-Squat_Thighs__converted","EXERCÍCIOS COM HALTERES/PERNA/Weighted-Plates-Bulgarian-Split-Squat_Thighs__converted.gif","EXERCÍCIOS COM HALTERES","PERNA"
"masculino","Weighted-Sissy-Squat_Thighs_converted","EXERCÍCIOS COM HALTERES/PERNA/Weighted-Sissy-Squat_Thighs_converted.gif","EXERCÍCIOS COM HALTERES","PERNA"
"masculino","Weighted-Stretch-Lunge_Thighs_converted","EXERCÍCIOS COM HALTERES/PERNA/Weighted-Stretch-Lunge_Thighs_converted.gif","EXERCÍCIOS COM HALTERES","PERNA"
"masculino","Dumbbell-Behind-Back-Finger-Curl_Forearms_converted","EXERCÍCIOS COM HALTERES/TRAPÉZIO/Dumbbell-Behind-Back-Finger-Curl_Forearms_converted.gif","EXERCÍCIOS COM HALTERES","TRAPÉZIO"
"masculino","Dumbbell-Decline-Shrug_Back-FIX__converted","EXERCÍCIOS COM HALTERES/TRAPÉZIO/Dumbbell-Decline-Shrug_Back-FIX__converted.gif","EXERCÍCIOS COM HALTERES","TRAPÉZIO"
"masculino","Dumbbell-Incline-Shrug_Back_converted","EXERCÍCIOS COM HALTERES/TRAPÉZIO/Dumbbell-Incline-Shrug_Back_converted.gif","EXERCÍCIOS COM HALTERES","TRAPÉZIO"
"masculino","Dumbbell-Rear-Delt-Raise_Shoulders_converted","EXERCÍCIOS COM HALTERES/TRAPÉZIO/Dumbbell-Rear-Delt-Raise_Shoulders_converted.gif","EXERCÍCIOS COM HALTERES","TRAPÉZIO"
"masculino","Dumbbell-Shrug_Back-FIX__converted","EXERCÍCIOS COM HALTERES/TRAPÉZIO/Dumbbell-Shrug_Back-FIX__converted.gif","EXERCÍCIOS COM HALTERES","TRAPÉZIO"
"masculino","Dumbbell-Single-Arm-Shrug_Back__converted","EXERCÍCIOS COM HALTERES/TRAPÉZIO/Dumbbell-Single-Arm-Shrug_Back__converted.gif","EXERCÍCIOS COM HALTERES","TRAPÉZIO"
"masculino","Dumbbell-Upright-Row_Shoulders-FIX_converted","EXERCÍCIOS COM HALTERES/TRAPÉZIO/Dumbbell-Upright-Row_Shoulders-FIX_converted.gif","EXERCÍCIOS COM HALTERES","TRAPÉZIO"
"masculino","Weighted-Lying-Neck-Extension-(with-head-harness)__converted","EXERCÍCIOS COM HALTERES/TRAPÉZIO/Weighted-Lying-Neck-Extension-(with-head-harness)__converted.gif","EXERCÍCIOS COM HALTERES","TRAPÉZIO"
"masculino","Weighted-Lying-Neck-Flexion_neck_converted","EXERCÍCIOS COM HALTERES/TRAPÉZIO/Weighted-Lying-Neck-Flexion_neck_converted.gif","EXERCÍCIOS COM HALTERES","TRAPÉZIO"
"masculino","Weighted-Lying-Neck-Flexion-(with-head-harness)_Ne_converted","EXERCÍCIOS COM HALTERES/TRAPÉZIO/Weighted-Lying-Neck-Flexion-(with-head-harness)_Ne_converted.gif","EXERCÍCIOS COM HALTERES","TRAPÉZIO"
"masculino","Weighted-Lying-Side-Lifting-Head-(with-head-harnes_converted","EXERCÍCIOS COM HALTERES/TRAPÉZIO/Weighted-Lying-Side-Lifting-Head-(with-head-harnes_converted.gif","EXERCÍCIOS COM HALTERES","TRAPÉZIO"
"masculino","Weighted-Seated-Neck-Extension-(with-head-harness)_Neck_converted","EXERCÍCIOS COM HALTERES/TRAPÉZIO/Weighted-Seated-Neck-Extension-(with-head-harness)_Neck_converted.gif","EXERCÍCIOS COM HALTERES","TRAPÉZIO"
"masculino","Weighted-Standing-Neck-Extension-(with-head-harnes_converted","EXERCÍCIOS COM HALTERES/TRAPÉZIO/Weighted-Standing-Neck-Extension-(with-head-harnes_converted.gif","EXERCÍCIOS COM HALTERES","TRAPÉZIO"
"masculino","Dumbbell-Bench-Dip_Upper-Arms__converted","EXERCÍCIOS COM HALTERES/TRICEPS/Dumbbell-Bench-Dip_Upper-Arms__converted.gif","EXERCÍCIOS COM HALTERES","TRICEPS"
"masculino","Dumbbell-Decline-Triceps-Extension_Upper-Arms_converted","EXERCÍCIOS COM HALTERES/TRICEPS/Dumbbell-Decline-Triceps-Extension_Upper-Arms_converted.gif","EXERCÍCIOS COM HALTERES","TRICEPS"
"masculino","Dumbbell-Glute-Bridge-Skull-Crusher-(male)_Upper-A_converted","EXERCÍCIOS COM HALTERES/TRICEPS/Dumbbell-Glute-Bridge-Skull-Crusher-(male)_Upper-A_converted.gif","EXERCÍCIOS COM HALTERES","TRICEPS"
"masculino","Dumbbell-Incline-Triceps-Extension_Upper-Arms-FIX__converted","EXERCÍCIOS COM HALTERES/TRICEPS/Dumbbell-Incline-Triceps-Extension_Upper-Arms-FIX__converted.gif","EXERCÍCIOS COM HALTERES","TRICEPS"
"masculino","Dumbbell-Incline-Triceps-Kickback-(male)_Upper-Arm_converted","EXERCÍCIOS COM HALTERES/TRICEPS/Dumbbell-Incline-Triceps-Kickback-(male)_Upper-Arm_converted.gif","EXERCÍCIOS COM HALTERES","TRICEPS"
"masculino","Dumbbell-Incline-Two-Arm-Extension_Upper-Arms_converted","EXERCÍCIOS COM HALTERES/TRICEPS/Dumbbell-Incline-Two-Arm-Extension_Upper-Arms_converted.gif","EXERCÍCIOS COM HALTERES","TRICEPS"
"masculino","Dumbbell-Kickback_Upper-Arms_converted","EXERCÍCIOS COM HALTERES/TRICEPS/Dumbbell-Kickback_Upper-Arms_converted.gif","EXERCÍCIOS COM HALTERES","TRICEPS"
"masculino","Dumbbell-Kickbacks-on-Exercise-Ball_Upper-Arms__converted","EXERCÍCIOS COM HALTERES/TRICEPS/Dumbbell-Kickbacks-on-Exercise-Ball_Upper-Arms__converted.gif","EXERCÍCIOS COM HALTERES","TRICEPS"
"masculino","Dumbbell-Lying-Alternate-Extension_Upper-Arms-FIX__converted","EXERCÍCIOS COM HALTERES/TRICEPS/Dumbbell-Lying-Alternate-Extension_Upper-Arms-FIX__converted.gif","EXERCÍCIOS COM HALTERES","TRICEPS"
"masculino","Dumbbell-Lying-Extension-(across-face)_Upper-Arms_converted","EXERCÍCIOS COM HALTERES/TRICEPS/Dumbbell-Lying-Extension-(across-face)_Upper-Arms_converted.gif","EXERCÍCIOS COM HALTERES","TRICEPS"
"masculino","Dumbbell-Lying-Floor-Skullcrusher_Upper-Arms_converted","EXERCÍCIOS COM HALTERES/TRICEPS/Dumbbell-Lying-Floor-Skullcrusher_Upper-Arms_converted.gif","EXERCÍCIOS COM HALTERES","TRICEPS"
"masculino","Dumbbell-Lying-One-Arm-Pronated-Triceps-Extension_Upper-Arms_converted","EXERCÍCIOS COM HALTERES/TRICEPS/Dumbbell-Lying-One-Arm-Pronated-Triceps-Extension_Upper-Arms_converted.gif","EXERCÍCIOS COM HALTERES","TRICEPS"
"masculino","Dumbbell-Lying-One-Arm-Supinated-Triceps-Extension_Upper-Arms_converted","EXERCÍCIOS COM HALTERES/TRICEPS/Dumbbell-Lying-One-Arm-Supinated-Triceps-Extension_Upper-Arms_converted.gif","EXERCÍCIOS COM HALTERES","TRICEPS"
"masculino","Dumbbell-Lying-Single-Extension_Upper-Arms_converted","EXERCÍCIOS COM HALTERES/TRICEPS/Dumbbell-Lying-Single-Extension_Upper-Arms_converted.gif","EXERCÍCIOS COM HALTERES","TRICEPS"
"masculino","Dumbbell-Lying-Triceps-Extension_Upper-Arms-FIX__converted","EXERCÍCIOS COM HALTERES/TRICEPS/Dumbbell-Lying-Triceps-Extension_Upper-Arms-FIX__converted.gif","EXERCÍCIOS COM HALTERES","TRICEPS"
"masculino","Dumbbell-One-Arm-Kickback_Upper-Arms__converted","EXERCÍCIOS COM HALTERES/TRICEPS/Dumbbell-One-Arm-Kickback_Upper-Arms__converted.gif","EXERCÍCIOS COM HALTERES","TRICEPS"
"masculino","Dumbbell-One-Arm-Triceps-Extension-(on-bench)_Upper-Arms_converted","EXERCÍCIOS COM HALTERES/TRICEPS/Dumbbell-One-Arm-Triceps-Extension-(on-bench)_Upper-Arms_converted.gif","EXERCÍCIOS COM HALTERES","TRICEPS"
"masculino","Dumbbell-Pronate-grip-Triceps-Extension_Upper-Arms_converted","EXERCÍCIOS COM HALTERES/TRICEPS/Dumbbell-Pronate-grip-Triceps-Extension_Upper-Arms_converted.gif","EXERCÍCIOS COM HALTERES","TRICEPS"
"masculino","Dumbbell-Prone-Triceps-Kickback_Upper-Arms__converted","EXERCÍCIOS COM HALTERES/TRICEPS/Dumbbell-Prone-Triceps-Kickback_Upper-Arms__converted.gif","EXERCÍCIOS COM HALTERES","TRICEPS"
"masculino","Dumbbell-Seated-Alternate-Overhead-Triceps-Extensi_converted","EXERCÍCIOS COM HALTERES/TRICEPS/Dumbbell-Seated-Alternate-Overhead-Triceps-Extensi_converted.gif","EXERCÍCIOS COM HALTERES","TRICEPS"
"masculino","Dumbbell-Seated-Bench-Extension_Upper-Arms__converted","EXERCÍCIOS COM HALTERES/TRICEPS/Dumbbell-Seated-Bench-Extension_Upper-Arms__converted.gif","EXERCÍCIOS COM HALTERES","TRICEPS"
"masculino","Dumbbell-Seated-Kickback_Upper-Arms_converted","EXERCÍCIOS COM HALTERES/TRICEPS/Dumbbell-Seated-Kickback_Upper-Arms_converted.gif","EXERCÍCIOS COM HALTERES","TRICEPS"
"masculino","Dumbbell-Seated-Single-Arm-Overhead-Triceps-Extens 1_converted","EXERCÍCIOS COM HALTERES/TRICEPS/Dumbbell-Seated-Single-Arm-Overhead-Triceps-Extens 1_converted.gif","EXERCÍCIOS COM HALTERES","TRICEPS"
"masculino","Dumbbell-Seated-Single-Arm-Overhead-Triceps-Extens_converted","EXERCÍCIOS COM HALTERES/TRICEPS/Dumbbell-Seated-Single-Arm-Overhead-Triceps-Extens_converted.gif","EXERCÍCIOS COM HALTERES","TRICEPS"
"masculino","Dumbbell-Seated-Triceps-Extension_Upper-Arms_converted","EXERCÍCIOS COM HALTERES/TRICEPS/Dumbbell-Seated-Triceps-Extension_Upper-Arms_converted.gif","EXERCÍCIOS COM HALTERES","TRICEPS"
"masculino","Dumbbell-Standing-French-Press_Upper-Arms__converted","EXERCÍCIOS COM HALTERES/TRICEPS/Dumbbell-Standing-French-Press_Upper-Arms__converted.gif","EXERCÍCIOS COM HALTERES","TRICEPS"
"masculino","Dumbbell-Standing-One-Arm-Extension_Upper-Arms__converted","EXERCÍCIOS COM HALTERES/TRICEPS/Dumbbell-Standing-One-Arm-Extension_Upper-Arms__converted.gif","EXERCÍCIOS COM HALTERES","TRICEPS"
"masculino","Dumbbell-Standing-Triceps-Extension_Upper-Arms_converted","EXERCÍCIOS COM HALTERES/TRICEPS/Dumbbell-Standing-Triceps-Extension_Upper-Arms_converted.gif","EXERCÍCIOS COM HALTERES","TRICEPS"
"masculino","Dumbbell-Tate-Press_Triceps_converted","EXERCÍCIOS COM HALTERES/TRICEPS/Dumbbell-Tate-Press_Triceps_converted.gif","EXERCÍCIOS COM HALTERES","TRICEPS"
"masculino","Dumbbells-Seated-Triceps-Extension_Upper-Arms__converted","EXERCÍCIOS COM HALTERES/TRICEPS/Dumbbells-Seated-Triceps-Extension_Upper-Arms__converted.gif","EXERCÍCIOS COM HALTERES","TRICEPS"
"masculino","Weighted-Plate-Incline-Triceps-Extension_Upper-Arm_converted","EXERCÍCIOS COM HALTERES/TRICEPS/Weighted-Plate-Incline-Triceps-Extension_Upper-Arm_converted.gif","EXERCÍCIOS COM HALTERES","TRICEPS"
"masculino","Weighted-Three-Bench-Dips_Upper-Arms__converted","EXERCÍCIOS COM HALTERES/TRICEPS/Weighted-Three-Bench-Dips_Upper-Arms__converted.gif","EXERCÍCIOS COM HALTERES","TRICEPS"
"masculino","Weighted-Tricep-Dips_Upper-Arms__converted","EXERCÍCIOS COM HALTERES/TRICEPS/Weighted-Tricep-Dips_Upper-Arms__converted.gif","EXERCÍCIOS COM HALTERES","TRICEPS"
"masculino","45-degree-Bycicle-Twisting-Crunch-(male)_Waist__converted","EXERCÍCIOS NA MAQUINA - HACK - BANCO/ABDOMINAIS/45-degree-Bycicle-Twisting-Crunch-(male)_Waist__converted.gif","EXERCÍCIOS NA MAQUINA - HACK - BANCO","ABDOMINAIS"
"masculino","45-degree-Side-Bend_Waist-FIX__converted","EXERCÍCIOS NA MAQUINA - HACK - BANCO/ABDOMINAIS/45-degree-Side-Bend_Waist-FIX__converted.gif","EXERCÍCIOS NA MAQUINA - HACK - BANCO","ABDOMINAIS"
"masculino","45-degree-Twisting-Hyperextension-(male)_Hips__converted","EXERCÍCIOS NA MAQUINA - HACK - BANCO/ABDOMINAIS/45-degree-Twisting-Hyperextension-(male)_Hips__converted.gif","EXERCÍCIOS NA MAQUINA - HACK - BANCO","ABDOMINAIS"
"masculino","45-degrees-Back-Extension-Scapular-Adduction-(male_converted","EXERCÍCIOS NA MAQUINA - HACK - BANCO/ABDOMINAIS/45-degrees-Back-Extension-Scapular-Adduction-(male_converted.gif","EXERCÍCIOS NA MAQUINA - HACK - BANCO","ABDOMINAIS"
"masculino","Ab-Tuck-(male)_Waist__converted","EXERCÍCIOS NA MAQUINA - HACK - BANCO/ABDOMINAIS/Ab-Tuck-(male)_Waist__converted.gif","EXERCÍCIOS NA MAQUINA - HACK - BANCO","ABDOMINAIS"
"masculino","Arm-slingers-Hanging-Straight-Legs_Waist__converted","EXERCÍCIOS NA MAQUINA - HACK - BANCO/ABDOMINAIS/Arm-slingers-Hanging-Straight-Legs_Waist__converted.gif","EXERCÍCIOS NA MAQUINA - HACK - BANCO","ABDOMINAIS"
"masculino","Back-Bend-Over-Bench-Stretch-(male)_Stretching__converted","EXERCÍCIOS NA MAQUINA - HACK - BANCO/ABDOMINAIS/Back-Bend-Over-Bench-Stretch-(male)_Stretching__converted.gif","EXERCÍCIOS NA MAQUINA - HACK - BANCO","ABDOMINAIS"
"masculino","Captains-chair-leg-raise_Hips_converted","EXERCÍCIOS NA MAQUINA - HACK - BANCO/ABDOMINAIS/Captains-chair-leg-raise_Hips_converted.gif","EXERCÍCIOS NA MAQUINA - HACK - BANCO","ABDOMINAIS"
"masculino","Captains-Chair-Straight-Leg-Raise_Waist-FIX__converted","EXERCÍCIOS NA MAQUINA - HACK - BANCO/ABDOMINAIS/Captains-Chair-Straight-Leg-Raise_Waist-FIX__converted.gif","EXERCÍCIOS NA MAQUINA - HACK - BANCO","ABDOMINAIS"
"masculino","Decline-Bent-Leg-Reverse-Crunch_Waist_converted","EXERCÍCIOS NA MAQUINA - HACK - BANCO/ABDOMINAIS/Decline-Bent-Leg-Reverse-Crunch_Waist_converted.gif","EXERCÍCIOS NA MAQUINA - HACK - BANCO","ABDOMINAIS"
"masculino","Decline-Crunch_Waist_converted","EXERCÍCIOS NA MAQUINA - HACK - BANCO/ABDOMINAIS/Decline-Crunch_Waist_converted.gif","EXERCÍCIOS NA MAQUINA - HACK - BANCO","ABDOMINAIS"
"masculino","Decline-Leg-Hip-Raise_Waist__converted","EXERCÍCIOS NA MAQUINA - HACK - BANCO/ABDOMINAIS/Decline-Leg-Hip-Raise_Waist__converted.gif","EXERCÍCIOS NA MAQUINA - HACK - BANCO","ABDOMINAIS"
"masculino","Front-Lever_Waist__converted","EXERCÍCIOS NA MAQUINA - HACK - BANCO/ABDOMINAIS/Front-Lever_Waist__converted.gif","EXERCÍCIOS NA MAQUINA - HACK - BANCO","ABDOMINAIS"
"masculino","Front-Lever_Waist__converted 2","EXERCÍCIOS NA MAQUINA - HACK - BANCO/ABDOMINAIS/Front-Lever_Waist__converted 2.gif","EXERCÍCIOS NA MAQUINA - HACK - BANCO","ABDOMINAIS"
"masculino","Glute-Ham-Developer-crunch_Waist_converted","EXERCÍCIOS NA MAQUINA - HACK - BANCO/ABDOMINAIS/Glute-Ham-Developer-crunch_Waist_converted.gif","EXERCÍCIOS NA MAQUINA - HACK - BANCO","ABDOMINAIS"
"masculino","Glute-Ham-Twist_Waist__converted","EXERCÍCIOS NA MAQUINA - HACK - BANCO/ABDOMINAIS/Glute-Ham-Twist_Waist__converted.gif","EXERCÍCIOS NA MAQUINA - HACK - BANCO","ABDOMINAIS"
"masculino","Hanging-Advanced-Tucked-Front-Lever-Hold-(male)_Wa_converted","EXERCÍCIOS NA MAQUINA - HACK - BANCO/ABDOMINAIS/Hanging-Advanced-Tucked-Front-Lever-Hold-(male)_Wa_converted.gif","EXERCÍCIOS NA MAQUINA - HACK - BANCO","ABDOMINAIS"
"masculino","Hanging-Deadbug_Hips__converted","EXERCÍCIOS NA MAQUINA - HACK - BANCO/ABDOMINAIS/Hanging-Deadbug_Hips__converted.gif","EXERCÍCIOS NA MAQUINA - HACK - BANCO","ABDOMINAIS"
"masculino","Hanging-Flutter-Kick_Hips__converted","EXERCÍCIOS NA MAQUINA - HACK - BANCO/ABDOMINAIS/Hanging-Flutter-Kick_Hips__converted.gif","EXERCÍCIOS NA MAQUINA - HACK - BANCO","ABDOMINAIS"
"masculino","Hanging-Front-Lever-Hold-(male)_Waist__converted","EXERCÍCIOS NA MAQUINA - HACK - BANCO/ABDOMINAIS/Hanging-Front-Lever-Hold-(male)_Waist__converted.gif","EXERCÍCIOS NA MAQUINA - HACK - BANCO","ABDOMINAIS"
"masculino","Hanging-Front-Lever-Raise-(male)_Waist__converted","EXERCÍCIOS NA MAQUINA - HACK - BANCO/ABDOMINAIS/Hanging-Front-Lever-Raise-(male)_Waist__converted.gif","EXERCÍCIOS NA MAQUINA - HACK - BANCO","ABDOMINAIS"
"masculino","Hanging-Half-Windmill_Waist__converted","EXERCÍCIOS NA MAQUINA - HACK - BANCO/ABDOMINAIS/Hanging-Half-Windmill_Waist__converted.gif","EXERCÍCIOS NA MAQUINA - HACK - BANCO","ABDOMINAIS"
"masculino","Hanging-Knees-to-Elbows_Waist__converted","EXERCÍCIOS NA MAQUINA - HACK - BANCO/ABDOMINAIS/Hanging-Knees-to-Elbows_Waist__converted.gif","EXERCÍCIOS NA MAQUINA - HACK - BANCO","ABDOMINAIS"
"masculino","Hanging-Leg-Hip-Raise_Waist_converted","EXERCÍCIOS NA MAQUINA - HACK - BANCO/ABDOMINAIS/Hanging-Leg-Hip-Raise_Waist_converted.gif","EXERCÍCIOS NA MAQUINA - HACK - BANCO","ABDOMINAIS"
"masculino","Hanging-Leg-Tuck_Waist__converted","EXERCÍCIOS NA MAQUINA - HACK - BANCO/ABDOMINAIS/Hanging-Leg-Tuck_Waist__converted.gif","EXERCÍCIOS NA MAQUINA - HACK - BANCO","ABDOMINAIS"
"masculino","Hanging-Oblique-Knee-Raise_Waist_converted","EXERCÍCIOS NA MAQUINA - HACK - BANCO/ABDOMINAIS/Hanging-Oblique-Knee-Raise_Waist_converted.gif","EXERCÍCIOS NA MAQUINA - HACK - BANCO","ABDOMINAIS"
"masculino","Hanging-Pike_Waist__converted","EXERCÍCIOS NA MAQUINA - HACK - BANCO/ABDOMINAIS/Hanging-Pike_Waist__converted.gif","EXERCÍCIOS NA MAQUINA - HACK - BANCO","ABDOMINAIS"
"masculino","Hanging-Side-Lean-(male)_Waist__converted","EXERCÍCIOS NA MAQUINA - HACK - BANCO/ABDOMINAIS/Hanging-Side-Lean-(male)_Waist__converted.gif","EXERCÍCIOS NA MAQUINA - HACK - BANCO","ABDOMINAIS"
"masculino","Hanging-Straight-Leg-Hip-Raise_Waist_converted","EXERCÍCIOS NA MAQUINA - HACK - BANCO/ABDOMINAIS/Hanging-Straight-Leg-Hip-Raise_Waist_converted.gif","EXERCÍCIOS NA MAQUINA - HACK - BANCO","ABDOMINAIS"
"masculino","Hanging-Straight-Leg-Raise_Hips-FIX__converted","EXERCÍCIOS NA MAQUINA - HACK - BANCO/ABDOMINAIS/Hanging-Straight-Leg-Raise_Hips-FIX__converted.gif","EXERCÍCIOS NA MAQUINA - HACK - BANCO","ABDOMINAIS"
"masculino","Hanging-Toes-to-Bar_Waist__converted","EXERCÍCIOS NA MAQUINA - HACK - BANCO/ABDOMINAIS/Hanging-Toes-to-Bar_Waist__converted.gif","EXERCÍCIOS NA MAQUINA - HACK - BANCO","ABDOMINAIS"
"masculino","Hanging-Tucked-Front-Lever-Hold-(male)_Waist__converted","EXERCÍCIOS NA MAQUINA - HACK - BANCO/ABDOMINAIS/Hanging-Tucked-Front-Lever-Hold-(male)_Waist__converted.gif","EXERCÍCIOS NA MAQUINA - HACK - BANCO","ABDOMINAIS"
"masculino","Lever-Ab-Coaster-Crunch-(male)_Waist__converted","EXERCÍCIOS NA MAQUINA - HACK - BANCO/ABDOMINAIS/Lever-Ab-Coaster-Crunch-(male)_Waist__converted.gif","EXERCÍCIOS NA MAQUINA - HACK - BANCO","ABDOMINAIS"
"masculino","Lever-Ab-Swing-(male)_Waist__converted","EXERCÍCIOS NA MAQUINA - HACK - BANCO/ABDOMINAIS/Lever-Ab-Swing-(male)_Waist__converted.gif","EXERCÍCIOS NA MAQUINA - HACK - BANCO","ABDOMINAIS"
"masculino","Lever-Abdominal-Leg-Raise-(male)_Waist__converted","EXERCÍCIOS NA MAQUINA - HACK - BANCO/ABDOMINAIS/Lever-Abdominal-Leg-Raise-(male)_Waist__converted.gif","EXERCÍCIOS NA MAQUINA - HACK - BANCO","ABDOMINAIS"
"masculino","Lever-Back-Extension_Waist_converted","EXERCÍCIOS NA MAQUINA - HACK - BANCO/ABDOMINAIS/Lever-Back-Extension_Waist_converted.gif","EXERCÍCIOS NA MAQUINA - HACK - BANCO","ABDOMINAIS"
"masculino","Lever-Back-Extension-(version-2)_Back_converted","EXERCÍCIOS NA MAQUINA - HACK - BANCO/ABDOMINAIS/Lever-Back-Extension-(version-2)_Back_converted.gif","EXERCÍCIOS NA MAQUINA - HACK - BANCO","ABDOMINAIS"
"masculino","Lever-Banded-Abdominal-Leg-Raise-(male)_Waist__converted","EXERCÍCIOS NA MAQUINA - HACK - BANCO/ABDOMINAIS/Lever-Banded-Abdominal-Leg-Raise-(male)_Waist__converted.gif","EXERCÍCIOS NA MAQUINA - HACK - BANCO","ABDOMINAIS"
"masculino","Lever-Lying-Crunch_Waist_converted","EXERCÍCIOS NA MAQUINA - HACK - BANCO/ABDOMINAIS/Lever-Lying-Crunch_Waist_converted.gif","EXERCÍCIOS NA MAQUINA - HACK - BANCO","ABDOMINAIS"
"masculino","Lever-Lying-Leg-Raise-Bent-Knee_Hips-FIX__converted","EXERCÍCIOS NA MAQUINA - HACK - BANCO/ABDOMINAIS/Lever-Lying-Leg-Raise-Bent-Knee_Hips-FIX__converted.gif","EXERCÍCIOS NA MAQUINA - HACK - BANCO","ABDOMINAIS"
"masculino","Lever-Outdoor-Side-Surf_Waist__converted","EXERCÍCIOS NA MAQUINA - HACK - BANCO/ABDOMINAIS/Lever-Outdoor-Side-Surf_Waist__converted.gif","EXERCÍCIOS NA MAQUINA - HACK - BANCO","ABDOMINAIS"
"masculino","Lever-Seated-Crunch_Waist_converted","EXERCÍCIOS NA MAQUINA - HACK - BANCO/ABDOMINAIS/Lever-Seated-Crunch_Waist_converted.gif","EXERCÍCIOS NA MAQUINA - HACK - BANCO","ABDOMINAIS"
"masculino","Lever-Seated-Crunch-(chest-pad)_converted","EXERCÍCIOS NA MAQUINA - HACK - BANCO/ABDOMINAIS/Lever-Seated-Crunch-(chest-pad)_converted.gif","EXERCÍCIOS NA MAQUINA - HACK - BANCO","ABDOMINAIS"
"masculino","Lever-Seated-Crunch-(hands-pad)_Waist_converted","EXERCÍCIOS NA MAQUINA - HACK - BANCO/ABDOMINAIS/Lever-Seated-Crunch-(hands-pad)_Waist_converted.gif","EXERCÍCIOS NA MAQUINA - HACK - BANCO","ABDOMINAIS"
"masculino","Lever-Seated-Leg-Raise-Crunch-(plate-loaded)_Waist_converted","EXERCÍCIOS NA MAQUINA - HACK - BANCO/ABDOMINAIS/Lever-Seated-Leg-Raise-Crunch-(plate-loaded)_Waist_converted.gif","EXERCÍCIOS NA MAQUINA - HACK - BANCO","ABDOMINAIS"
"masculino","Lever-Seated-Twist_Waist-FIX__converted","EXERCÍCIOS NA MAQUINA - HACK - BANCO/ABDOMINAIS/Lever-Seated-Twist_Waist-FIX__converted.gif","EXERCÍCIOS NA MAQUINA - HACK - BANCO","ABDOMINAIS"
"masculino","Lever-Total-Abdominal-Crunch_Waist_converted","EXERCÍCIOS NA MAQUINA - HACK - BANCO/ABDOMINAIS/Lever-Total-Abdominal-Crunch_Waist_converted.gif","EXERCÍCIOS NA MAQUINA - HACK - BANCO","ABDOMINAIS"
"masculino","Lever-Trunk-Rotation_Waist__converted","EXERCÍCIOS NA MAQUINA - HACK - BANCO/ABDOMINAIS/Lever-Trunk-Rotation_Waist__converted.gif","EXERCÍCIOS NA MAQUINA - HACK - BANCO","ABDOMINAIS"
"masculino","Scapular-Pull-Up_Back__converted","EXERCÍCIOS NA MAQUINA - HACK - BANCO/ABDOMINAIS/Scapular-Pull-Up_Back__converted.gif","EXERCÍCIOS NA MAQUINA - HACK - BANCO","ABDOMINAIS"
"masculino","Side-Hip-(on-parallel-bars)_Waist-FIX__converted","EXERCÍCIOS NA MAQUINA - HACK - BANCO/ABDOMINAIS/Side-Hip-(on-parallel-bars)_Waist-FIX__converted.gif","EXERCÍCIOS NA MAQUINA - HACK - BANCO","ABDOMINAIS"
"masculino","Smith-Hip-Raise_waist_converted","EXERCÍCIOS NA MAQUINA - HACK - BANCO/ABDOMINAIS/Smith-Hip-Raise_waist_converted.gif","EXERCÍCIOS NA MAQUINA - HACK - BANCO","ABDOMINAIS"
"masculino","Twist-Turn-Lift-(male)_Waist__converted","EXERCÍCIOS NA MAQUINA - HACK - BANCO/ABDOMINAIS/Twist-Turn-Lift-(male)_Waist__converted.gif","EXERCÍCIOS NA MAQUINA - HACK - BANCO","ABDOMINAIS"
"masculino","Twisted-Leg-Raise_Waist__converted","EXERCÍCIOS NA MAQUINA - HACK - BANCO/ABDOMINAIS/Twisted-Leg-Raise_Waist__converted.gif","EXERCÍCIOS NA MAQUINA - HACK - BANCO","ABDOMINAIS"
"masculino","Vertical-Leg-Raise-(on-parallel-bars)_Hips__converted","EXERCÍCIOS NA MAQUINA - HACK - BANCO/ABDOMINAIS/Vertical-Leg-Raise-(on-parallel-bars)_Hips__converted.gif","EXERCÍCIOS NA MAQUINA - HACK - BANCO","ABDOMINAIS"
"masculino","Vertical-Sit-Up-(male)_Waist__converted","EXERCÍCIOS NA MAQUINA - HACK - BANCO/ABDOMINAIS/Vertical-Sit-Up-(male)_Waist__converted.gif","EXERCÍCIOS NA MAQUINA - HACK - BANCO","ABDOMINAIS"
"masculino","Weighted-Captains-chair-leg-raise_Hips_converted","EXERCÍCIOS NA MAQUINA - HACK - BANCO/ABDOMINAIS/Weighted-Captains-chair-leg-raise_Hips_converted.gif","EXERCÍCIOS NA MAQUINA - HACK - BANCO","ABDOMINAIS"
"masculino","Lever-Gripper-Hands-(plate-loaded)_Hands__converted","EXERCÍCIOS NA MAQUINA - HACK - BANCO/ANTEBRAÇO/Lever-Gripper-Hands-(plate-loaded)_Hands__converted.gif","EXERCÍCIOS NA MAQUINA - HACK - BANCO","ANTEBRAÇO"
"masculino","Bar-Biceps-Curl_Upper-Arms__converted","EXERCÍCIOS NA MAQUINA - HACK - BANCO/BICEPS/Bar-Biceps-Curl_Upper-Arms__converted.gif","EXERCÍCIOS NA MAQUINA - HACK - BANCO","BICEPS"
"masculino","Lever-Alternate-Biceps-Curl_Upper-Arms__converted","EXERCÍCIOS NA MAQUINA - HACK - BANCO/BICEPS/Lever-Alternate-Biceps-Curl_Upper-Arms__converted.gif","EXERCÍCIOS NA MAQUINA - HACK - BANCO","BICEPS"
"masculino","Lever-Bicep-Curl_Upper-Arms__converted","EXERCÍCIOS NA MAQUINA - HACK - BANCO/BICEPS/Lever-Bicep-Curl_Upper-Arms__converted.gif","EXERCÍCIOS NA MAQUINA - HACK - BANCO","BICEPS"
"masculino","Lever-Biceps-Curl_Upper-Arms__converted","EXERCÍCIOS NA MAQUINA - HACK - BANCO/BICEPS/Lever-Biceps-Curl_Upper-Arms__converted.gif","EXERCÍCIOS NA MAQUINA - HACK - BANCO","BICEPS"
"masculino","Lever-Hammer-Grip-Preacher-Curl_Upper-Arms__converted","EXERCÍCIOS NA MAQUINA - HACK - BANCO/BICEPS/Lever-Hammer-Grip-Preacher-Curl_Upper-Arms__converted.gif","EXERCÍCIOS NA MAQUINA - HACK - BANCO","BICEPS"
"masculino","Lever-Preacher-Curl_Upper-Arms-FIX__converted","EXERCÍCIOS NA MAQUINA - HACK - BANCO/BICEPS/Lever-Preacher-Curl_Upper-Arms-FIX__converted.gif","EXERCÍCIOS NA MAQUINA - HACK - BANCO","BICEPS"
"masculino","Lever-Preacher-Curl-(plate-loaded)_converted","EXERCÍCIOS NA MAQUINA - HACK - BANCO/BICEPS/Lever-Preacher-Curl-(plate-loaded)_converted.gif","EXERCÍCIOS NA MAQUINA - HACK - BANCO","BICEPS"
"masculino","Lever-Preacher-Curl-(plate-loaded)_Upper-Arms_converted","EXERCÍCIOS NA MAQUINA - HACK - BANCO/BICEPS/Lever-Preacher-Curl-(plate-loaded)_Upper-Arms_converted.gif","EXERCÍCIOS NA MAQUINA - HACK - BANCO","BICEPS"
"masculino","Lever-Preacher-Curl-(Turned-Torso)_Upper-Arms__converted","EXERCÍCIOS NA MAQUINA - HACK - BANCO/BICEPS/Lever-Preacher-Curl-(Turned-Torso)_Upper-Arms__converted.gif","EXERCÍCIOS NA MAQUINA - HACK - BANCO","BICEPS"
"masculino","Lever-Preacher-Curl-(version 2)_Upper-Arms_converted","EXERCÍCIOS NA MAQUINA - HACK - BANCO/BICEPS/Lever-Preacher-Curl-(version 2)_Upper-Arms_converted.gif","EXERCÍCIOS NA MAQUINA - HACK - BANCO","BICEPS"
"masculino","Smith-Machine-Bicep-Curl_Upper-Arms_converted","EXERCÍCIOS NA MAQUINA - HACK - BANCO/BICEPS/Smith-Machine-Bicep-Curl_Upper-Arms_converted.gif","EXERCÍCIOS NA MAQUINA - HACK - BANCO","BICEPS"
"masculino","Archer-Pull-up_Back__converted","EXERCÍCIOS NA MAQUINA - HACK - BANCO/COSTAS/Archer-Pull-up_Back__converted.gif","EXERCÍCIOS NA MAQUINA - HACK - BANCO","COSTAS"
"masculino","Assisted-Chin-Up-on-a-bench-(male)_Back__converted","EXERCÍCIOS NA MAQUINA - HACK - BANCO/COSTAS/Assisted-Chin-Up-on-a-bench-(male)_Back__converted.gif","EXERCÍCIOS NA MAQUINA - HACK - BANCO","COSTAS"
"masculino","Assisted-Parallel-Close-Grip-Pull-up_Back-FIX__converted","EXERCÍCIOS NA MAQUINA - HACK - BANCO/COSTAS/Assisted-Parallel-Close-Grip-Pull-up_Back-FIX__converted.gif","EXERCÍCIOS NA MAQUINA - HACK - BANCO","COSTAS"
"masculino","Assisted-Pull-up_Back_converted","EXERCÍCIOS NA MAQUINA - HACK - BANCO/COSTAS/Assisted-Pull-up_Back_converted.gif","EXERCÍCIOS NA MAQUINA - HACK - BANCO","COSTAS"
"masculino","Assisted-Single-Arm-Pull-up-(male)_Back__converted","EXERCÍCIOS NA MAQUINA - HACK - BANCO/COSTAS/Assisted-Single-Arm-Pull-up-(male)_Back__converted.gif","EXERCÍCIOS NA MAQUINA - HACK - BANCO","COSTAS"
"masculino","Butterfly-Pull-Up_Back__converted","EXERCÍCIOS NA MAQUINA - HACK - BANCO/COSTAS/Butterfly-Pull-Up_Back__converted.gif","EXERCÍCIOS NA MAQUINA - HACK - BANCO","COSTAS"
"masculino","Chin-Up_Back-FIX__converted","EXERCÍCIOS NA MAQUINA - HACK - BANCO/COSTAS/Chin-Up_Back-FIX__converted.gif","EXERCÍCIOS NA MAQUINA - HACK - BANCO","COSTAS"
"masculino","Chin-up-(izometric-and-negative)_Back__converted","EXERCÍCIOS NA MAQUINA - HACK - BANCO/COSTAS/Chin-up-(izometric-and-negative)_Back__converted.gif","EXERCÍCIOS NA MAQUINA - HACK - BANCO","COSTAS"
"masculino","Chin-ups-(narrow-parallel-grip)_Back_converted","EXERCÍCIOS NA MAQUINA - HACK - BANCO/COSTAS/Chin-ups-(narrow-parallel-grip)_Back_converted.gif","EXERCÍCIOS NA MAQUINA - HACK - BANCO","COSTAS"
"masculino","Close-Grip-Chin-Up_Back_converted","EXERCÍCIOS NA MAQUINA - HACK - BANCO/COSTAS/Close-Grip-Chin-Up_Back_converted.gif","EXERCÍCIOS NA MAQUINA - HACK - BANCO","COSTAS"
"masculino","Close-Grip-Pull-Up_Back__converted","EXERCÍCIOS NA MAQUINA - HACK - BANCO/COSTAS/Close-Grip-Pull-Up_Back__converted.gif","EXERCÍCIOS NA MAQUINA - HACK - BANCO","COSTAS"
"masculino","Commando-Pull-up_Back__converted","EXERCÍCIOS NA MAQUINA - HACK - BANCO/COSTAS/Commando-Pull-up_Back__converted.gif","EXERCÍCIOS NA MAQUINA - HACK - BANCO","COSTAS"
"masculino","Corn-Cob-(Side-to-Side)-Pull-up-(male)_Back__converted","EXERCÍCIOS NA MAQUINA - HACK - BANCO/COSTAS/Corn-Cob-(Side-to-Side)-Pull-up-(male)_Back__converted.gif","EXERCÍCIOS NA MAQUINA - HACK - BANCO","COSTAS"
"masculino","Dead-Hang-Stretch_Stretching__converted","EXERCÍCIOS NA MAQUINA - HACK - BANCO/COSTAS/Dead-Hang-Stretch_Stretching__converted.gif","EXERCÍCIOS NA MAQUINA - HACK - BANCO","COSTAS"
"masculino","Hammer-Grip-Pull-up-on-Dip-Cage_Back_converted","EXERCÍCIOS NA MAQUINA - HACK - BANCO/COSTAS/Hammer-Grip-Pull-up-on-Dip-Cage_Back_converted.gif","EXERCÍCIOS NA MAQUINA - HACK - BANCO","COSTAS"
"masculino","Hangback-Bar-Stretch_Stretching__converted","EXERCÍCIOS NA MAQUINA - HACK - BANCO/COSTAS/Hangback-Bar-Stretch_Stretching__converted.gif","EXERCÍCIOS NA MAQUINA - HACK - BANCO","COSTAS"
"masculino","Inverted-Row_Back-FIX__converted","EXERCÍCIOS NA MAQUINA - HACK - BANCO/COSTAS/Inverted-Row_Back-FIX__converted.gif","EXERCÍCIOS NA MAQUINA - HACK - BANCO","COSTAS"
"masculino","Inverted-Row-Bent-Knees_Back_converted","EXERCÍCIOS NA MAQUINA - HACK - BANCO/COSTAS/Inverted-Row-Bent-Knees_Back_converted.gif","EXERCÍCIOS NA MAQUINA - HACK - BANCO","COSTAS"
"masculino","Inverted-Row-on-Bench_Back__converted","EXERCÍCIOS NA MAQUINA - HACK - BANCO/COSTAS/Inverted-Row-on-Bench_Back__converted.gif","EXERCÍCIOS NA MAQUINA - HACK - BANCO","COSTAS"
"masculino","Inverted-Row-with-Straps_Back_converted","EXERCÍCIOS NA MAQUINA - HACK - BANCO/COSTAS/Inverted-Row-with-Straps_Back_converted.gif","EXERCÍCIOS NA MAQUINA - HACK - BANCO","COSTAS"
"masculino","Jumping-Pull-up_Back-FIX__converted","EXERCÍCIOS NA MAQUINA - HACK - BANCO/COSTAS/Jumping-Pull-up_Back-FIX__converted.gif","EXERCÍCIOS NA MAQUINA - HACK - BANCO","COSTAS"
"masculino","L-Pull-Up_Back_Waist__converted","EXERCÍCIOS NA MAQUINA - HACK - BANCO/COSTAS/L-Pull-Up_Back_Waist__converted.gif","EXERCÍCIOS NA MAQUINA - HACK - BANCO","COSTAS"
"masculino","L-Sit-Chin-up-(male)_Back__converted","EXERCÍCIOS NA MAQUINA - HACK - BANCO/COSTAS/L-Sit-Chin-up-(male)_Back__converted.gif","EXERCÍCIOS NA MAQUINA - HACK - BANCO","COSTAS"
"masculino","L-Sit-Pull-up-(male)_Back__converted","EXERCÍCIOS NA MAQUINA - HACK - BANCO/COSTAS/L-Sit-Pull-up-(male)_Back__converted.gif","EXERCÍCIOS NA MAQUINA - HACK - BANCO","COSTAS"
"masculino","Lever-Assisted-Chin-Up_Back__converted","EXERCÍCIOS NA MAQUINA - HACK - BANCO/COSTAS/Lever-Assisted-Chin-Up_Back__converted.gif","EXERCÍCIOS NA MAQUINA - HACK - BANCO","COSTAS"
"masculino","Lever-Assisted-Neutral-Grip-Chin-Up-(male)_Back__converted","EXERCÍCIOS NA MAQUINA - HACK - BANCO/COSTAS/Lever-Assisted-Neutral-Grip-Chin-Up-(male)_Back__converted.gif","EXERCÍCIOS NA MAQUINA - HACK - BANCO","COSTAS"
"masculino","Lever-Assisted-Standing-Chin-Up_Back__converted","EXERCÍCIOS NA MAQUINA - HACK - BANCO/COSTAS/Lever-Assisted-Standing-Chin-Up_Back__converted.gif","EXERCÍCIOS NA MAQUINA - HACK - BANCO","COSTAS"
"masculino","Lever-Bent-Over-Low-Row-(male)_Back__converted","EXERCÍCIOS NA MAQUINA - HACK - BANCO/COSTAS/Lever-Bent-Over-Low-Row-(male)_Back__converted.gif","EXERCÍCIOS NA MAQUINA - HACK - BANCO","COSTAS"
"masculino","Lever-Bent-Over-Neutral-Grip-Row-(with-chest-support)_Back__converted","EXERCÍCIOS NA MAQUINA - HACK - BANCO/COSTAS/Lever-Bent-Over-Neutral-Grip-Row-(with-chest-support)_Back__converted.gif","EXERCÍCIOS NA MAQUINA - HACK - BANCO","COSTAS"
"masculino","Lever-Cross-Lat-Pulldown-(male)_Back__converted","EXERCÍCIOS NA MAQUINA - HACK - BANCO/COSTAS/Lever-Cross-Lat-Pulldown-(male)_Back__converted.gif","EXERCÍCIOS NA MAQUINA - HACK - BANCO","COSTAS"
"masculino","Lever-Cross-Lat-Pulldown-(VERSION-2)-(male)_Back__converted","EXERCÍCIOS NA MAQUINA - HACK - BANCO/COSTAS/Lever-Cross-Lat-Pulldown-(VERSION-2)-(male)_Back__converted.gif","EXERCÍCIOS NA MAQUINA - HACK - BANCO","COSTAS"
"masculino","Lever-Front-Pulldown_Back_converted","EXERCÍCIOS NA MAQUINA - HACK - BANCO/COSTAS/Lever-Front-Pulldown_Back_converted.gif","EXERCÍCIOS NA MAQUINA - HACK - BANCO","COSTAS"
"masculino","Lever-High-Row-(plate-loaded)_Back_converted","EXERCÍCIOS NA MAQUINA - HACK - BANCO/COSTAS/Lever-High-Row-(plate-loaded)_Back_converted.gif","EXERCÍCIOS NA MAQUINA - HACK - BANCO","COSTAS"
"masculino","Lever-High-Row-(plate-loaded)-(VERSION-2)_Back_converted","EXERCÍCIOS NA MAQUINA - HACK - BANCO/COSTAS/Lever-High-Row-(plate-loaded)-(VERSION-2)_Back_converted.gif","EXERCÍCIOS NA MAQUINA - HACK - BANCO","COSTAS"
"masculino","Lever-High-Row-(plate-loaded)-(VERSION-3)_Back_converted","EXERCÍCIOS NA MAQUINA - HACK - BANCO/COSTAS/Lever-High-Row-(plate-loaded)-(VERSION-3)_Back_converted.gif","EXERCÍCIOS NA MAQUINA - HACK - BANCO","COSTAS"
"masculino","Lever-Lateral-Pulldown-(plate-loaded)_Back_converted","EXERCÍCIOS NA MAQUINA - HACK - BANCO/COSTAS/Lever-Lateral-Pulldown-(plate-loaded)_Back_converted.gif","EXERCÍCIOS NA MAQUINA - HACK - BANCO","COSTAS"
"masculino","Lever-Lateral-Wide-Pulldown_Back_converted","EXERCÍCIOS NA MAQUINA - HACK - BANCO/COSTAS/Lever-Lateral-Wide-Pulldown_Back_converted.gif","EXERCÍCIOS NA MAQUINA - HACK - BANCO","COSTAS"
"masculino","Lever-Low-Row-(plate-loaded)_Back__converted","EXERCÍCIOS NA MAQUINA - HACK - BANCO/COSTAS/Lever-Low-Row-(plate-loaded)_Back__converted.gif","EXERCÍCIOS NA MAQUINA - HACK - BANCO","COSTAS"
"masculino","Lever-Lying-T-bar-Row_Back_converted","EXERCÍCIOS NA MAQUINA - HACK - BANCO/COSTAS/Lever-Lying-T-bar-Row_Back_converted.gif","EXERCÍCIOS NA MAQUINA - HACK - BANCO","COSTAS"
"masculino","Lever-Neutral-Grip-Seated-Row-(plate-loaded)_Back-_converted","EXERCÍCIOS NA MAQUINA - HACK - BANCO/COSTAS/Lever-Neutral-Grip-Seated-Row-(plate-loaded)_Back-_converted.gif","EXERCÍCIOS NA MAQUINA - HACK - BANCO","COSTAS"
"masculino","Lever-One-Arm-Lateral-High-Row_Back__converted","EXERCÍCIOS NA MAQUINA - HACK - BANCO/COSTAS/Lever-One-Arm-Lateral-High-Row_Back__converted.gif","EXERCÍCIOS NA MAQUINA - HACK - BANCO","COSTAS"
"masculino","Lever-One-Arm-Lateral-Wide-Pulldown-(plate-loaded)_Back_converted","EXERCÍCIOS NA MAQUINA - HACK - BANCO/COSTAS/Lever-One-Arm-Lateral-Wide-Pulldown-(plate-loaded)_Back_converted.gif","EXERCÍCIOS NA MAQUINA - HACK - BANCO","COSTAS"
"masculino","Lever-One-Arm-Low-Row-(plate-loaded)_Back__converted","EXERCÍCIOS NA MAQUINA - HACK - BANCO/COSTAS/Lever-One-Arm-Low-Row-(plate-loaded)_Back__converted.gif","EXERCÍCIOS NA MAQUINA - HACK - BANCO","COSTAS"
"masculino","Lever-Outdoor-Seated-Lat-Pulldown_Back__converted","EXERCÍCIOS NA MAQUINA - HACK - BANCO/COSTAS/Lever-Outdoor-Seated-Lat-Pulldown_Back__converted.gif","EXERCÍCIOS NA MAQUINA - HACK - BANCO","COSTAS"
"masculino","Lever-Pronated-Grip-Seated-Row-(plate-loaded)_Back_converted","EXERCÍCIOS NA MAQUINA - HACK - BANCO/COSTAS/Lever-Pronated-Grip-Seated-Row-(plate-loaded)_Back_converted.gif","EXERCÍCIOS NA MAQUINA - HACK - BANCO","COSTAS"
"masculino","Lever-Pronated-Grip-Seated-Scapular-Retraction-Shr_converted","EXERCÍCIOS NA MAQUINA - HACK - BANCO/COSTAS/Lever-Pronated-Grip-Seated-Scapular-Retraction-Shr_converted.gif","EXERCÍCIOS NA MAQUINA - HACK - BANCO","COSTAS"
"masculino","Lever-Reverse-Grip-High-Row-(plate-loaded)_Back__converted","EXERCÍCIOS NA MAQUINA - HACK - BANCO/COSTAS/Lever-Reverse-Grip-High-Row-(plate-loaded)_Back__converted.gif","EXERCÍCIOS NA MAQUINA - HACK - BANCO","COSTAS"
"masculino","Lever-Reverse-grip-Lateral-Pulldown-(plate-loaded)_Back_converted","EXERCÍCIOS NA MAQUINA - HACK - BANCO/COSTAS/Lever-Reverse-grip-Lateral-Pulldown-(plate-loaded)_Back_converted.gif","EXERCÍCIOS NA MAQUINA - HACK - BANCO","COSTAS"
"masculino","Lever-Reverse-T-Bar-Row_Back_converted","EXERCÍCIOS NA MAQUINA - HACK - BANCO/COSTAS/Lever-Reverse-T-Bar-Row_Back_converted.gif","EXERCÍCIOS NA MAQUINA - HACK - BANCO","COSTAS"
"masculino","Lever-Row-(plate-loaded)_Back__converted","EXERCÍCIOS NA MAQUINA - HACK - BANCO/COSTAS/Lever-Row-(plate-loaded)_Back__converted.gif","EXERCÍCIOS NA MAQUINA - HACK - BANCO","COSTAS"
"masculino","Lever-Seated-Reverse-Fly_Shoulders_converted","EXERCÍCIOS NA MAQUINA - HACK - BANCO/COSTAS/Lever-Seated-Reverse-Fly_Shoulders_converted.gif","EXERCÍCIOS NA MAQUINA - HACK - BANCO","COSTAS"
"masculino","Lever-Seated-Reverse-Fly_Shoulders-FIX__converted","EXERCÍCIOS NA MAQUINA - HACK - BANCO/COSTAS/Lever-Seated-Reverse-Fly_Shoulders-FIX__converted.gif","EXERCÍCIOS NA MAQUINA - HACK - BANCO","COSTAS"
"masculino","Lever-Seated-Reverse-Fly-(parallel-grip)_shoulder_converted","EXERCÍCIOS NA MAQUINA - HACK - BANCO/COSTAS/Lever-Seated-Reverse-Fly-(parallel-grip)_shoulder_converted.gif","EXERCÍCIOS NA MAQUINA - HACK - BANCO","COSTAS"
"masculino","Lever-Seated-Reverse-Fly-(parallel-grip)_Shoulders_converted","EXERCÍCIOS NA MAQUINA - HACK - BANCO/COSTAS/Lever-Seated-Reverse-Fly-(parallel-grip)_Shoulders_converted.gif","EXERCÍCIOS NA MAQUINA - HACK - BANCO","COSTAS"
"masculino","Lever-Seated-Row_Back_converted","EXERCÍCIOS NA MAQUINA - HACK - BANCO/COSTAS/Lever-Seated-Row_Back_converted.gif","EXERCÍCIOS NA MAQUINA - HACK - BANCO","COSTAS"
"masculino","Lever-Seated-Row-(plate-loaded)_Back_converted","EXERCÍCIOS NA MAQUINA - HACK - BANCO/COSTAS/Lever-Seated-Row-(plate-loaded)_Back_converted.gif","EXERCÍCIOS NA MAQUINA - HACK - BANCO","COSTAS"
"masculino","Lever-Seated-Row-(version-2)_Back_converted","EXERCÍCIOS NA MAQUINA - HACK - BANCO/COSTAS/Lever-Seated-Row-(version-2)_Back_converted.gif","EXERCÍCIOS NA MAQUINA - HACK - BANCO","COSTAS"
"masculino","Lever-Seated-Single-Arm-Row-(male)_Back__converted","EXERCÍCIOS NA MAQUINA - HACK - BANCO/COSTAS/Lever-Seated-Single-Arm-Row-(male)_Back__converted.gif","EXERCÍCIOS NA MAQUINA - HACK - BANCO","COSTAS"
"masculino","Lever-Seated-Single-Arm-Wide-Lat-Pulldown-(male)_B_converted","EXERCÍCIOS NA MAQUINA - HACK - BANCO/COSTAS/Lever-Seated-Single-Arm-Wide-Lat-Pulldown-(male)_B_converted.gif","EXERCÍCIOS NA MAQUINA - HACK - BANCO","COSTAS"
"masculino","Lever-Seated-Wide-Lat-Pulldown-(male)_Back__converted","EXERCÍCIOS NA MAQUINA - HACK - BANCO/COSTAS/Lever-Seated-Wide-Lat-Pulldown-(male)_Back__converted.gif","EXERCÍCIOS NA MAQUINA - HACK - BANCO","COSTAS"
"masculino","Lever-Seated-Wide-Pulldown-(plate-loaded)-(male)_B_converted","EXERCÍCIOS NA MAQUINA - HACK - BANCO/COSTAS/Lever-Seated-Wide-Pulldown-(plate-loaded)-(male)_B_converted.gif","EXERCÍCIOS NA MAQUINA - HACK - BANCO","COSTAS"
"masculino","Lever-Single-Arm-Neutral-Grip-Seated-Row-(plate-lo_converted","EXERCÍCIOS NA MAQUINA - HACK - BANCO/COSTAS/Lever-Single-Arm-Neutral-Grip-Seated-Row-(plate-lo_converted.gif","EXERCÍCIOS NA MAQUINA - HACK - BANCO","COSTAS"
"masculino","Lever-Single-Arm-Reverse-Grip-High-Row-(plate-load_converted","EXERCÍCIOS NA MAQUINA - HACK - BANCO/COSTAS/Lever-Single-Arm-Reverse-Grip-High-Row-(plate-load_converted.gif","EXERCÍCIOS NA MAQUINA - HACK - BANCO","COSTAS"
"masculino","Lever-Supinated-Grip-Seated-Row-(plate-loaded)_Bac_converted","EXERCÍCIOS NA MAQUINA - HACK - BANCO/COSTAS/Lever-Supinated-Grip-Seated-Row-(plate-loaded)_Bac_converted.gif","EXERCÍCIOS NA MAQUINA - HACK - BANCO","COSTAS"
"masculino","Lever-Unilateral-Row_Back_converted","EXERCÍCIOS NA MAQUINA - HACK - BANCO/COSTAS/Lever-Unilateral-Row_Back_converted.gif","EXERCÍCIOS NA MAQUINA - HACK - BANCO","COSTAS"
"masculino","Mixed-Grip-Chin-up_Back__converted","EXERCÍCIOS NA MAQUINA - HACK - BANCO/COSTAS/Mixed-Grip-Chin-up_Back__converted.gif","EXERCÍCIOS NA MAQUINA - HACK - BANCO","COSTAS"
"masculino","Neutral-Grip-Chin-Up-(male)_Back__converted","EXERCÍCIOS NA MAQUINA - HACK - BANCO/COSTAS/Neutral-Grip-Chin-Up-(male)_Back__converted.gif","EXERCÍCIOS NA MAQUINA - HACK - BANCO","COSTAS"
"masculino","One-Handed-Hang-Stretch_Back__converted","EXERCÍCIOS NA MAQUINA - HACK - BANCO/COSTAS/One-Handed-Hang-Stretch_Back__converted.gif","EXERCÍCIOS NA MAQUINA - HACK - BANCO","COSTAS"
"masculino","Pull-up_Back-FIX2__converted","EXERCÍCIOS NA MAQUINA - HACK - BANCO/COSTAS/Pull-up_Back-FIX2__converted.gif","EXERCÍCIOS NA MAQUINA - HACK - BANCO","COSTAS"
"masculino","Pull-up-(negative)-(male)_Back__converted","EXERCÍCIOS NA MAQUINA - HACK - BANCO/COSTAS/Pull-up-(negative)-(male)_Back__converted.gif","EXERCÍCIOS NA MAQUINA - HACK - BANCO","COSTAS"
"masculino","Pull-up-(wide-grip)_Back-FIX__converted","EXERCÍCIOS NA MAQUINA - HACK - BANCO/COSTAS/Pull-up-(wide-grip)_Back-FIX__converted.gif","EXERCÍCIOS NA MAQUINA - HACK - BANCO","COSTAS"
"masculino","Rear-Pull-up_Back__converted","EXERCÍCIOS NA MAQUINA - HACK - BANCO/COSTAS/Rear-Pull-up_Back__converted.gif","EXERCÍCIOS NA MAQUINA - HACK - BANCO","COSTAS"
"masculino","reverse-grip-machine-lat-pulldown_Back_converted","EXERCÍCIOS NA MAQUINA - HACK - BANCO/COSTAS/reverse-grip-machine-lat-pulldown_Back_converted.gif","EXERCÍCIOS NA MAQUINA - HACK - BANCO","COSTAS"
"masculino","Reverse-grip-Pull-up_Back-FIX__converted","EXERCÍCIOS NA MAQUINA - HACK - BANCO/COSTAS/Reverse-grip-Pull-up_Back-FIX__converted.gif","EXERCÍCIOS NA MAQUINA - HACK - BANCO","COSTAS"
"masculino","Rocky-Pull-Up-Pulldown_Back__converted","EXERCÍCIOS NA MAQUINA - HACK - BANCO/COSTAS/Rocky-Pull-Up-Pulldown_Back__converted.gif","EXERCÍCIOS NA MAQUINA - HACK - BANCO","COSTAS"
"masculino","Seated-Chin-up_Back__converted","EXERCÍCIOS NA MAQUINA - HACK - BANCO/COSTAS/Seated-Chin-up_Back__converted.gif","EXERCÍCIOS NA MAQUINA - HACK - BANCO","COSTAS"
"masculino","Seated-Chin-Up-(legs-elevated)_Back__converted","EXERCÍCIOS NA MAQUINA - HACK - BANCO/COSTAS/Seated-Chin-Up-(legs-elevated)_Back__converted.gif","EXERCÍCIOS NA MAQUINA - HACK - BANCO","COSTAS"
"masculino","Seated-Isometric-Hold-Pull-up_Back__converted","EXERCÍCIOS NA MAQUINA - HACK - BANCO/COSTAS/Seated-Isometric-Hold-Pull-up_Back__converted.gif","EXERCÍCIOS NA MAQUINA - HACK - BANCO","COSTAS"
"masculino","Seated-Pull-up_Back__converted","EXERCÍCIOS NA MAQUINA - HACK - BANCO/COSTAS/Seated-Pull-up_Back__converted.gif","EXERCÍCIOS NA MAQUINA - HACK - BANCO","COSTAS"
"masculino","Seated-Pull-up-(legs-elevated)_Back__converted","EXERCÍCIOS NA MAQUINA - HACK - BANCO/COSTAS/Seated-Pull-up-(legs-elevated)_Back__converted.gif","EXERCÍCIOS NA MAQUINA - HACK - BANCO","COSTAS"
"masculino","Single-Arm-Pull-up-(male)_Back__converted","EXERCÍCIOS NA MAQUINA - HACK - BANCO/COSTAS/Single-Arm-Pull-up-(male)_Back__converted.gif","EXERCÍCIOS NA MAQUINA - HACK - BANCO","COSTAS"
"masculino","Single-Arm-Side-Straight-Arm-Lat-Pulldown-(male)_Back__converted","EXERCÍCIOS NA MAQUINA - HACK - BANCO/COSTAS/Single-Arm-Side-Straight-Arm-Lat-Pulldown-(male)_Back__converted.gif","EXERCÍCIOS NA MAQUINA - HACK - BANCO","COSTAS"
"masculino","Ski-Ergometer_Cardio__converted","EXERCÍCIOS NA MAQUINA - HACK - BANCO/COSTAS/Ski-Ergometer_Cardio__converted.gif","EXERCÍCIOS NA MAQUINA - HACK - BANCO","COSTAS"
"masculino","Smith-Bent-Over-Row-(VERSION-2)_Back__converted","EXERCÍCIOS NA MAQUINA - HACK - BANCO/COSTAS/Smith-Bent-Over-Row-(VERSION-2)_Back__converted.gif","EXERCÍCIOS NA MAQUINA - HACK - BANCO","COSTAS"
"masculino","Smith-Narrow-Row_Back_converted","EXERCÍCIOS NA MAQUINA - HACK - BANCO/COSTAS/Smith-Narrow-Row_Back_converted.gif","EXERCÍCIOS NA MAQUINA - HACK - BANCO","COSTAS"
"masculino","Smith-Single-Arm-Bent-Over-Row_Back__converted","EXERCÍCIOS NA MAQUINA - HACK - BANCO/COSTAS/Smith-Single-Arm-Bent-Over-Row_Back__converted.gif","EXERCÍCIOS NA MAQUINA - HACK - BANCO","COSTAS"
"masculino","Supination-Bar-Suspension-Stretch_Upper-Arms__converted","EXERCÍCIOS NA MAQUINA - HACK - BANCO/COSTAS/Supination-Bar-Suspension-Stretch_Upper-Arms__converted.gif","EXERCÍCIOS NA MAQUINA - HACK - BANCO","COSTAS"
"masculino","Underhand-Grip-Inverted-Back-Row_Back__converted","EXERCÍCIOS NA MAQUINA - HACK - BANCO/COSTAS/Underhand-Grip-Inverted-Back-Row_Back__converted.gif","EXERCÍCIOS NA MAQUINA - HACK - BANCO","COSTAS"
"masculino","Uneven-Pull-up-(male)_Back__converted","EXERCÍCIOS NA MAQUINA - HACK - BANCO/COSTAS/Uneven-Pull-up-(male)_Back__converted.gif","EXERCÍCIOS NA MAQUINA - HACK - BANCO","COSTAS"
"masculino","Weighted-Chin-Up-(male)_Back__converted","EXERCÍCIOS NA MAQUINA - HACK - BANCO/COSTAS/Weighted-Chin-Up-(male)_Back__converted.gif","EXERCÍCIOS NA MAQUINA - HACK - BANCO","COSTAS"
"masculino","Weighted-Hammer-Grip-Pull-up-on-Dip-Cage_Back__converted","EXERCÍCIOS NA MAQUINA - HACK - BANCO/COSTAS/Weighted-Hammer-Grip-Pull-up-on-Dip-Cage_Back__converted.gif","EXERCÍCIOS NA MAQUINA - HACK - BANCO","COSTAS"
"masculino","Weighted-Hang-Chin-Up_Back__converted","EXERCÍCIOS NA MAQUINA - HACK - BANCO/COSTAS/Weighted-Hang-Chin-Up_Back__converted.gif","EXERCÍCIOS NA MAQUINA - HACK - BANCO","COSTAS"
"masculino","Weighted-Inverted-Row_Back__converted","EXERCÍCIOS NA MAQUINA - HACK - BANCO/COSTAS/Weighted-Inverted-Row_Back__converted.gif","EXERCÍCIOS NA MAQUINA - HACK - BANCO","COSTAS"
"masculino","Weighted-Neutral-Grip-Chin-Up-(male)_Back__converted","EXERCÍCIOS NA MAQUINA - HACK - BANCO/COSTAS/Weighted-Neutral-Grip-Chin-Up-(male)_Back__converted.gif","EXERCÍCIOS NA MAQUINA - HACK - BANCO","COSTAS"
"masculino","Weighted-Pull-Up_Back__converted","EXERCÍCIOS NA MAQUINA - HACK - BANCO/COSTAS/Weighted-Pull-Up_Back__converted.gif","EXERCÍCIOS NA MAQUINA - HACK - BANCO","COSTAS"
"masculino","Wide-Chin-Up-(male)_Back__converted","EXERCÍCIOS NA MAQUINA - HACK - BANCO/COSTAS/Wide-Chin-Up-(male)_Back__converted.gif","EXERCÍCIOS NA MAQUINA - HACK - BANCO","COSTAS"
"masculino","Wide-Grip-Pull-Up_Back_converted","EXERCÍCIOS NA MAQUINA - HACK - BANCO/COSTAS/Wide-Grip-Pull-Up_Back_converted.gif","EXERCÍCIOS NA MAQUINA - HACK - BANCO","COSTAS"
"masculino","Wide-Grip-Rear-Pull-Up_Back_converted","EXERCÍCIOS NA MAQUINA - HACK - BANCO/COSTAS/Wide-Grip-Rear-Pull-Up_Back_converted.gif","EXERCÍCIOS NA MAQUINA - HACK - BANCO","COSTAS"
"masculino","Decline-Diamond-Pike-Push-Up_Shoulders__converted","EXERCÍCIOS NA MAQUINA - HACK - BANCO/OMBRO/Decline-Diamond-Pike-Push-Up_Shoulders__converted.gif","EXERCÍCIOS NA MAQUINA - HACK - BANCO","OMBRO"
"masculino","Lever-Lateral-Raise_shoulder_converted","EXERCÍCIOS NA MAQUINA - HACK - BANCO/OMBRO/Lever-Lateral-Raise_shoulder_converted.gif","EXERCÍCIOS NA MAQUINA - HACK - BANCO","OMBRO"
"masculino","Lever-Lateral-Raise-(plate-loaded)_Shoulders_converted","EXERCÍCIOS NA MAQUINA - HACK - BANCO/OMBRO/Lever-Lateral-Raise-(plate-loaded)_Shoulders_converted.gif","EXERCÍCIOS NA MAQUINA - HACK - BANCO","OMBRO"
"masculino","Lever-Lateral-Raise-(VERSION-2)_converted","EXERCÍCIOS NA MAQUINA - HACK - BANCO/OMBRO/Lever-Lateral-Raise-(VERSION-2)_converted.gif","EXERCÍCIOS NA MAQUINA - HACK - BANCO","OMBRO"
"masculino","Lever-Lateral-Raise-with-Chest-Support-(male)_Shoulders__converted","EXERCÍCIOS NA MAQUINA - HACK - BANCO/OMBRO/Lever-Lateral-Raise-with-Chest-Support-(male)_Shoulders__converted.gif","EXERCÍCIOS NA MAQUINA - HACK - BANCO","OMBRO"
"masculino","Lever-Military-Press-(plate-loaded)_shoulder_converted","EXERCÍCIOS NA MAQUINA - HACK - BANCO/OMBRO/Lever-Military-Press-(plate-loaded)_shoulder_converted.gif","EXERCÍCIOS NA MAQUINA - HACK - BANCO","OMBRO"
"masculino","Lever-One-Arm-Shoulder-Press-(plate-loaded)_Should_converted","EXERCÍCIOS NA MAQUINA - HACK - BANCO/OMBRO/Lever-One-Arm-Shoulder-Press-(plate-loaded)_Should_converted.gif","EXERCÍCIOS NA MAQUINA - HACK - BANCO","OMBRO"
"masculino","Lever-Reverse-Seated-Shoulder-Press_Shoulders__converted","EXERCÍCIOS NA MAQUINA - HACK - BANCO/OMBRO/Lever-Reverse-Seated-Shoulder-Press_Shoulders__converted.gif","EXERCÍCIOS NA MAQUINA - HACK - BANCO","OMBRO"
"masculino","Lever-Seated-Bent-Over-Rear-Delt-Fly_Shoulders__converted","EXERCÍCIOS NA MAQUINA - HACK - BANCO/OMBRO/Lever-Seated-Bent-Over-Rear-Delt-Fly_Shoulders__converted.gif","EXERCÍCIOS NA MAQUINA - HACK - BANCO","OMBRO"
"masculino","Lever-Seated-Hammer-Grip-Shoulder-Press_Shoulder-F_converted","EXERCÍCIOS NA MAQUINA - HACK - BANCO/OMBRO/Lever-Seated-Hammer-Grip-Shoulder-Press_Shoulder-F_converted.gif","EXERCÍCIOS NA MAQUINA - HACK - BANCO","OMBRO"
"masculino","Lever-Seated-Shoulder-Press_Shoulders-FIX__converted","EXERCÍCIOS NA MAQUINA - HACK - BANCO/OMBRO/Lever-Seated-Shoulder-Press_Shoulders-FIX__converted.gif","EXERCÍCIOS NA MAQUINA - HACK - BANCO","OMBRO"
"masculino","Lever-Seated-Single-Arm-Shoulder-Press_Shoulders__converted","EXERCÍCIOS NA MAQUINA - HACK - BANCO/OMBRO/Lever-Seated-Single-Arm-Shoulder-Press_Shoulders__converted.gif","EXERCÍCIOS NA MAQUINA - HACK - BANCO","OMBRO"
"masculino","Lever-Shoulder-Press-(plate-loaded)-(VERSION-2)_Shoulders__converted","EXERCÍCIOS NA MAQUINA - HACK - BANCO/OMBRO/Lever-Shoulder-Press-(plate-loaded)-(VERSION-2)_Shoulders__converted.gif","EXERCÍCIOS NA MAQUINA - HACK - BANCO","OMBRO"
"masculino","Lever-Shoulder-Press-(plate-loaded)-version-3_Shoulders_converted","EXERCÍCIOS NA MAQUINA - HACK - BANCO/OMBRO/Lever-Shoulder-Press-(plate-loaded)-version-3_Shoulders_converted.gif","EXERCÍCIOS NA MAQUINA - HACK - BANCO","OMBRO"
"masculino","Lever-Side-Seated-Single-Arm-Rear-Delt-Fly-(male)__converted","EXERCÍCIOS NA MAQUINA - HACK - BANCO/OMBRO/Lever-Side-Seated-Single-Arm-Rear-Delt-Fly-(male)__converted.gif","EXERCÍCIOS NA MAQUINA - HACK - BANCO","OMBRO"
"masculino","Lever-Single-Arm-Shoulder-Press-(plate-loaded)-(VE_converted","EXERCÍCIOS NA MAQUINA - HACK - BANCO/OMBRO/Lever-Single-Arm-Shoulder-Press-(plate-loaded)-(VE_converted.gif","EXERCÍCIOS NA MAQUINA - HACK - BANCO","OMBRO"
"masculino","Lever-Standing-Lateral-Raise-(male)_Shoulders__converted","EXERCÍCIOS NA MAQUINA - HACK - BANCO/OMBRO/Lever-Standing-Lateral-Raise-(male)_Shoulders__converted.gif","EXERCÍCIOS NA MAQUINA - HACK - BANCO","OMBRO"
"masculino","Lever-Standing-Viking-Press-(male)_Shoulders__converted","EXERCÍCIOS NA MAQUINA - HACK - BANCO/OMBRO/Lever-Standing-Viking-Press-(male)_Shoulders__converted.gif","EXERCÍCIOS NA MAQUINA - HACK - BANCO","OMBRO"
"masculino","Smith-Behind-Neck-Press_Shoulders__converted","EXERCÍCIOS NA MAQUINA - HACK - BANCO/OMBRO/Smith-Behind-Neck-Press_Shoulders__converted.gif","EXERCÍCIOS NA MAQUINA - HACK - BANCO","OMBRO"
"masculino","Smith-High-Pull-(male)_Shoulders__converted","EXERCÍCIOS NA MAQUINA - HACK - BANCO/OMBRO/Smith-High-Pull-(male)_Shoulders__converted.gif","EXERCÍCIOS NA MAQUINA - HACK - BANCO","OMBRO"
"masculino","Smith-Seated-Shoulder-Press_Shoulders_converted","EXERCÍCIOS NA MAQUINA - HACK - BANCO/OMBRO/Smith-Seated-Shoulder-Press_Shoulders_converted.gif","EXERCÍCIOS NA MAQUINA - HACK - BANCO","OMBRO"
"masculino","Smith-Shoulder-Press_shoulder_converted","EXERCÍCIOS NA MAQUINA - HACK - BANCO/OMBRO/Smith-Shoulder-Press_shoulder_converted.gif","EXERCÍCIOS NA MAQUINA - HACK - BANCO","OMBRO"
"masculino","Smith-Standing-Military-Press_Shoulders__converted","EXERCÍCIOS NA MAQUINA - HACK - BANCO/OMBRO/Smith-Standing-Military-Press_Shoulders__converted.gif","EXERCÍCIOS NA MAQUINA - HACK - BANCO","OMBRO"
"masculino","Smith-Standing-Shoulder-Press_Shoulders_converted","EXERCÍCIOS NA MAQUINA - HACK - BANCO/OMBRO/Smith-Standing-Shoulder-Press_Shoulders_converted.gif","EXERCÍCIOS NA MAQUINA - HACK - BANCO","OMBRO"
"masculino","Smith-Upright-Row_Shoulders__converted","EXERCÍCIOS NA MAQUINA - HACK - BANCO/OMBRO/Smith-Upright-Row_Shoulders__converted.gif","EXERCÍCIOS NA MAQUINA - HACK - BANCO","OMBRO"
"masculino","Hack-Calf-Raise_Calves__converted","EXERCÍCIOS NA MAQUINA - HACK - BANCO/PANTURRILHA/Hack-Calf-Raise_Calves__converted.gif","EXERCÍCIOS NA MAQUINA - HACK - BANCO","PANTURRILHA"
"masculino","Lever-Rotary-Calf_Calves_converted","EXERCÍCIOS NA MAQUINA - HACK - BANCO/PANTURRILHA/Lever-Rotary-Calf_Calves_converted.gif","EXERCÍCIOS NA MAQUINA - HACK - BANCO","PANTURRILHA"
"masculino","Lever-Seated-Calf-Press_Calves_converted","EXERCÍCIOS NA MAQUINA - HACK - BANCO/PANTURRILHA/Lever-Seated-Calf-Press_Calves_converted.gif","EXERCÍCIOS NA MAQUINA - HACK - BANCO","PANTURRILHA"
"masculino","Lever-Seated-Calf-Press-(VERSION-2)-(male)_Calves__converted","EXERCÍCIOS NA MAQUINA - HACK - BANCO/PANTURRILHA/Lever-Seated-Calf-Press-(VERSION-2)-(male)_Calves__converted.gif","EXERCÍCIOS NA MAQUINA - HACK - BANCO","PANTURRILHA"
"masculino","Lever-Seated-Calf-Raise-(plate-loaded)_converted","EXERCÍCIOS NA MAQUINA - HACK - BANCO/PANTURRILHA/Lever-Seated-Calf-Raise-(plate-loaded)_converted.gif","EXERCÍCIOS NA MAQUINA - HACK - BANCO","PANTURRILHA"
"masculino","Lever-Seated-Calf-Raise-(plate-loaded)-(VERSION-2)_converted","EXERCÍCIOS NA MAQUINA - HACK - BANCO/PANTURRILHA/Lever-Seated-Calf-Raise-(plate-loaded)-(VERSION-2)_converted.gif","EXERCÍCIOS NA MAQUINA - HACK - BANCO","PANTURRILHA"
"masculino","Lever-Sitting-Toe-Raise-(male)_Calves__converted","EXERCÍCIOS NA MAQUINA - HACK - BANCO/PANTURRILHA/Lever-Sitting-Toe-Raise-(male)_Calves__converted.gif","EXERCÍCIOS NA MAQUINA - HACK - BANCO","PANTURRILHA"
"masculino","Lever-Standing-Calf-Raise_Calf-FIX__converted","EXERCÍCIOS NA MAQUINA - HACK - BANCO/PANTURRILHA/Lever-Standing-Calf-Raise_Calf-FIX__converted.gif","EXERCÍCIOS NA MAQUINA - HACK - BANCO","PANTURRILHA"
"masculino","Sled-45-Calf-Press_Calves-FIX__converted","EXERCÍCIOS NA MAQUINA - HACK - BANCO/PANTURRILHA/Sled-45-Calf-Press_Calves-FIX__converted.gif","EXERCÍCIOS NA MAQUINA - HACK - BANCO","PANTURRILHA"
"masculino","Sled-Backward-Angled-Calf-Raise_Calves__converted","EXERCÍCIOS NA MAQUINA - HACK - BANCO/PANTURRILHA/Sled-Backward-Angled-Calf-Raise_Calves__converted.gif","EXERCÍCIOS NA MAQUINA - HACK - BANCO","PANTURRILHA"
"masculino","Sled-Calf-Press-On-Leg-Press_Calves-FIX__converted","EXERCÍCIOS NA MAQUINA - HACK - BANCO/PANTURRILHA/Sled-Calf-Press-On-Leg-Press_Calves-FIX__converted.gif","EXERCÍCIOS NA MAQUINA - HACK - BANCO","PANTURRILHA"
"masculino","Smith-Calf-Raise-(version-2)_Calves-FIX__converted","EXERCÍCIOS NA MAQUINA - HACK - BANCO/PANTURRILHA/Smith-Calf-Raise-(version-2)_Calves-FIX__converted.gif","EXERCÍCIOS NA MAQUINA - HACK - BANCO","PANTURRILHA"
"masculino","Smith-One-Leg-Floor-Calf-Raise_Calves_converted","EXERCÍCIOS NA MAQUINA - HACK - BANCO/PANTURRILHA/Smith-One-Leg-Floor-Calf-Raise_Calves_converted.gif","EXERCÍCIOS NA MAQUINA - HACK - BANCO","PANTURRILHA"
"masculino","Smith-Reverse-Calf-Raises_Calves_converted","EXERCÍCIOS NA MAQUINA - HACK - BANCO/PANTURRILHA/Smith-Reverse-Calf-Raises_Calves_converted.gif","EXERCÍCIOS NA MAQUINA - HACK - BANCO","PANTURRILHA"
"masculino","Smith-Seated-Calf-Raise_Calves__converted","EXERCÍCIOS NA MAQUINA - HACK - BANCO/PANTURRILHA/Smith-Seated-Calf-Raise_Calves__converted.gif","EXERCÍCIOS NA MAQUINA - HACK - BANCO","PANTURRILHA"
"masculino","Smith-Standing-Leg-Calf-Raise_Calves__converted","EXERCÍCIOS NA MAQUINA - HACK - BANCO/PANTURRILHA/Smith-Standing-Leg-Calf-Raise_Calves__converted.gif","EXERCÍCIOS NA MAQUINA - HACK - BANCO","PANTURRILHA"
"masculino","Weighted-Plate-Tibialis-Anterior-Curl-(male)_Calve_converted","EXERCÍCIOS NA MAQUINA - HACK - BANCO/PANTURRILHA/Weighted-Plate-Tibialis-Anterior-Curl-(male)_Calve_converted.gif","EXERCÍCIOS NA MAQUINA - HACK - BANCO","PANTURRILHA"
"masculino","Arms-Stretch-On-a-Support_Upper-Arms__converted","EXERCÍCIOS NA MAQUINA - HACK - BANCO/PEITO/Arms-Stretch-On-a-Support_Upper-Arms__converted.gif","EXERCÍCIOS NA MAQUINA - HACK - BANCO","PEITO"
"masculino","Back-lever_Back__converted","EXERCÍCIOS NA MAQUINA - HACK - BANCO/PEITO/Back-lever_Back__converted.gif","EXERCÍCIOS NA MAQUINA - HACK - BANCO","PEITO"
"masculino","Back-Pec-Stretch_Back_converted","EXERCÍCIOS NA MAQUINA - HACK - BANCO/PEITO/Back-Pec-Stretch_Back_converted.gif","EXERCÍCIOS NA MAQUINA - HACK - BANCO","PEITO"
"masculino","Incline-Push-up-on-a-Smith-Bar-(male)_Chest__converted","EXERCÍCIOS NA MAQUINA - HACK - BANCO/PEITO/Incline-Push-up-on-a-Smith-Bar-(male)_Chest__converted.gif","EXERCÍCIOS NA MAQUINA - HACK - BANCO","PEITO"
"masculino","Lever-Alternating-Pullover-(plate-loaded)_Back__converted","EXERCÍCIOS NA MAQUINA - HACK - BANCO/PEITO/Lever-Alternating-Pullover-(plate-loaded)_Back__converted.gif","EXERCÍCIOS NA MAQUINA - HACK - BANCO","PEITO"
"masculino","Lever-Chest-Press_Chest_converted","EXERCÍCIOS NA MAQUINA - HACK - BANCO/PEITO/Lever-Chest-Press_Chest_converted.gif","EXERCÍCIOS NA MAQUINA - HACK - BANCO","PEITO"
"masculino","Lever-Chest-Press_Chest-FIX__converted","EXERCÍCIOS NA MAQUINA - HACK - BANCO/PEITO/Lever-Chest-Press_Chest-FIX__converted.gif","EXERCÍCIOS NA MAQUINA - HACK - BANCO","PEITO"
"masculino","Lever-Chest-Press-(plate-loaded)_Chest-FIX__converted","EXERCÍCIOS NA MAQUINA - HACK - BANCO/PEITO/Lever-Chest-Press-(plate-loaded)_Chest-FIX__converted.gif","EXERCÍCIOS NA MAQUINA - HACK - BANCO","PEITO"
"masculino","Lever-Chest-Press-(VERSION-3)_Chest+_converted","EXERCÍCIOS NA MAQUINA - HACK - BANCO/PEITO/Lever-Chest-Press-(VERSION-3)_Chest+_converted.gif","EXERCÍCIOS NA MAQUINA - HACK - BANCO","PEITO"
"masculino","Lever-Chest-Press-(VERSION-4)_converted","EXERCÍCIOS NA MAQUINA - HACK - BANCO/PEITO/Lever-Chest-Press-(VERSION-4)_converted.gif","EXERCÍCIOS NA MAQUINA - HACK - BANCO","PEITO"
"masculino","Lever-Chest-Press-(VERSION-5)_Chest_converted","EXERCÍCIOS NA MAQUINA - HACK - BANCO/PEITO/Lever-Chest-Press-(VERSION-5)_Chest_converted.gif","EXERCÍCIOS NA MAQUINA - HACK - BANCO","PEITO"
"masculino","Lever-Crossovers_converted","EXERCÍCIOS NA MAQUINA - HACK - BANCO/PEITO/Lever-Crossovers_converted.gif","EXERCÍCIOS NA MAQUINA - HACK - BANCO","PEITO"
"masculino","Lever-Decline-Chest-Press_Chest-FIX__converted","EXERCÍCIOS NA MAQUINA - HACK - BANCO/PEITO/Lever-Decline-Chest-Press_Chest-FIX__converted.gif","EXERCÍCIOS NA MAQUINA - HACK - BANCO","PEITO"
"masculino","Lever-Decline-Chest-Press-(VERSION-2)_Chest_converted","EXERCÍCIOS NA MAQUINA - HACK - BANCO/PEITO/Lever-Decline-Chest-Press-(VERSION-2)_Chest_converted.gif","EXERCÍCIOS NA MAQUINA - HACK - BANCO","PEITO"
"masculino","Lever-Decline-Single-Arm-Chest-Press_Chest__converted","EXERCÍCIOS NA MAQUINA - HACK - BANCO/PEITO/Lever-Decline-Single-Arm-Chest-Press_Chest__converted.gif","EXERCÍCIOS NA MAQUINA - HACK - BANCO","PEITO"
"masculino","Lever-Incline-Chest-Press_Chest_converted","EXERCÍCIOS NA MAQUINA - HACK - BANCO/PEITO/Lever-Incline-Chest-Press_Chest_converted.gif","EXERCÍCIOS NA MAQUINA - HACK - BANCO","PEITO"
"masculino","Lever-Incline-Chest-Press_Chest-FIX2__converted","EXERCÍCIOS NA MAQUINA - HACK - BANCO/PEITO/Lever-Incline-Chest-Press_Chest-FIX2__converted.gif","EXERCÍCIOS NA MAQUINA - HACK - BANCO","PEITO"
"masculino","Lever-Incline-Chest-Press-(plate-loaded)_converted","EXERCÍCIOS NA MAQUINA - HACK - BANCO/PEITO/Lever-Incline-Chest-Press-(plate-loaded)_converted.gif","EXERCÍCIOS NA MAQUINA - HACK - BANCO","PEITO"
"masculino","Lever-Incline-Fly-(male)_Chest__converted","EXERCÍCIOS NA MAQUINA - HACK - BANCO/PEITO/Lever-Incline-Fly-(male)_Chest__converted.gif","EXERCÍCIOS NA MAQUINA - HACK - BANCO","PEITO"
"masculino","Lever-Incline-Hammer-Chest-Press_Chest_converted","EXERCÍCIOS NA MAQUINA - HACK - BANCO/PEITO/Lever-Incline-Hammer-Chest-Press_Chest_converted.gif","EXERCÍCIOS NA MAQUINA - HACK - BANCO","PEITO"
"masculino","Lever-Incline-Single-Arm-Chest-Press_Chest__converted","EXERCÍCIOS NA MAQUINA - HACK - BANCO/PEITO/Lever-Incline-Single-Arm-Chest-Press_Chest__converted.gif","EXERCÍCIOS NA MAQUINA - HACK - BANCO","PEITO"
"masculino","Lever-Lying-Chest-Press-(plate-loaded)_Chest-FIX__converted","EXERCÍCIOS NA MAQUINA - HACK - BANCO/PEITO/Lever-Lying-Chest-Press-(plate-loaded)_Chest-FIX__converted.gif","EXERCÍCIOS NA MAQUINA - HACK - BANCO","PEITO"
"masculino","Lever-Lying-Decline-Chest-Press-(plate-loaded)_Che_converted","EXERCÍCIOS NA MAQUINA - HACK - BANCO/PEITO/Lever-Lying-Decline-Chest-Press-(plate-loaded)_Che_converted.gif","EXERCÍCIOS NA MAQUINA - HACK - BANCO","PEITO"
"masculino","Lever-Lying-Single-Arm-Full-Chest-Press-(plate-loa_converted","EXERCÍCIOS NA MAQUINA - HACK - BANCO/PEITO/Lever-Lying-Single-Arm-Full-Chest-Press-(plate-loa_converted.gif","EXERCÍCIOS NA MAQUINA - HACK - BANCO","PEITO"
"masculino","Lever-One-Arm-Incline-Chest-Press-(plate-loaded)_Chest__converted","EXERCÍCIOS NA MAQUINA - HACK - BANCO/PEITO/Lever-One-Arm-Incline-Chest-Press-(plate-loaded)_Chest__converted.gif","EXERCÍCIOS NA MAQUINA - HACK - BANCO","PEITO"
"masculino","Lever-Outdoor-Seated-Chest-Press_Chest__converted","EXERCÍCIOS NA MAQUINA - HACK - BANCO/PEITO/Lever-Outdoor-Seated-Chest-Press_Chest__converted.gif","EXERCÍCIOS NA MAQUINA - HACK - BANCO","PEITO"
"masculino","Lever-Parallel-Chest-Press_Chest__converted","EXERCÍCIOS NA MAQUINA - HACK - BANCO/PEITO/Lever-Parallel-Chest-Press_Chest__converted.gif","EXERCÍCIOS NA MAQUINA - HACK - BANCO","PEITO"
"masculino","Lever-Pec-Deck-Fly_Chest__converted","EXERCÍCIOS NA MAQUINA - HACK - BANCO/PEITO/Lever-Pec-Deck-Fly_Chest__converted.gif","EXERCÍCIOS NA MAQUINA - HACK - BANCO","PEITO"
"masculino","Lever-Pullover-(plate-loaded)_Back__converted","EXERCÍCIOS NA MAQUINA - HACK - BANCO/PEITO/Lever-Pullover-(plate-loaded)_Back__converted.gif","EXERCÍCIOS NA MAQUINA - HACK - BANCO","PEITO"
"masculino","Lever-Seated-Fly_Chest-FIX__converted","EXERCÍCIOS NA MAQUINA - HACK - BANCO/PEITO/Lever-Seated-Fly_Chest-FIX__converted.gif","EXERCÍCIOS NA MAQUINA - HACK - BANCO","PEITO"
"masculino","Lever-Seated-Fly-(VERSION-2)-(male)_Chest__converted","EXERCÍCIOS NA MAQUINA - HACK - BANCO/PEITO/Lever-Seated-Fly-(VERSION-2)-(male)_Chest__converted.gif","EXERCÍCIOS NA MAQUINA - HACK - BANCO","PEITO"
"masculino","Lever-Single-Arm-Chest-Press-(plate-loaded)_Chest__converted","EXERCÍCIOS NA MAQUINA - HACK - BANCO/PEITO/Lever-Single-Arm-Chest-Press-(plate-loaded)_Chest__converted.gif","EXERCÍCIOS NA MAQUINA - HACK - BANCO","PEITO"
"masculino","Lever-Standing-Pec-Fly-(male)_Chest__converted","EXERCÍCIOS NA MAQUINA - HACK - BANCO/PEITO/Lever-Standing-Pec-Fly-(male)_Chest__converted.gif","EXERCÍCIOS NA MAQUINA - HACK - BANCO","PEITO"
"masculino","Smith-Bench-Press_Chest-FIX__converted","EXERCÍCIOS NA MAQUINA - HACK - BANCO/PEITO/Smith-Bench-Press_Chest-FIX__converted.gif","EXERCÍCIOS NA MAQUINA - HACK - BANCO","PEITO"
"masculino","Smith-Close-Grip-Bench-Press_Upper-Arms_ copy_converted","EXERCÍCIOS NA MAQUINA - HACK - BANCO/PEITO/Smith-Close-Grip-Bench-Press_Upper-Arms_ copy_converted.gif","EXERCÍCIOS NA MAQUINA - HACK - BANCO","PEITO"
"masculino","Smith-Close-Grip-Bench-Press_Upper-Arms_ copy_converted 2","EXERCÍCIOS NA MAQUINA - HACK - BANCO/PEITO/Smith-Close-Grip-Bench-Press_Upper-Arms_ copy_converted 2.gif","EXERCÍCIOS NA MAQUINA - HACK - BANCO","PEITO"
"masculino","Smith-Close-Grip-Bench-Press_Upper-Arms__converted","EXERCÍCIOS NA MAQUINA - HACK - BANCO/PEITO/Smith-Close-Grip-Bench-Press_Upper-Arms__converted.gif","EXERCÍCIOS NA MAQUINA - HACK - BANCO","PEITO"
"masculino","Smith-Close-Grip-Bench-Press_Upper-Arms__converted 2","EXERCÍCIOS NA MAQUINA - HACK - BANCO/PEITO/Smith-Close-Grip-Bench-Press_Upper-Arms__converted 2.gif","EXERCÍCIOS NA MAQUINA - HACK - BANCO","PEITO"
"masculino","Smith-Decline-Bench-Press_Chest-FIX__converted","EXERCÍCIOS NA MAQUINA - HACK - BANCO/PEITO/Smith-Decline-Bench-Press_Chest-FIX__converted.gif","EXERCÍCIOS NA MAQUINA - HACK - BANCO","PEITO"
"masculino","Smith-Decline-Close-Grip-Bench-Press-(male)_Upper-_converted","EXERCÍCIOS NA MAQUINA - HACK - BANCO/PEITO/Smith-Decline-Close-Grip-Bench-Press-(male)_Upper-_converted.gif","EXERCÍCIOS NA MAQUINA - HACK - BANCO","PEITO"
"masculino","Smith-Hex-Press_Chest_converted","EXERCÍCIOS NA MAQUINA - HACK - BANCO/PEITO/Smith-Hex-Press_Chest_converted.gif","EXERCÍCIOS NA MAQUINA - HACK - BANCO","PEITO"
"masculino","Smith-Incline-Bench-Press_Chest-FIX__converted","EXERCÍCIOS NA MAQUINA - HACK - BANCO/PEITO/Smith-Incline-Bench-Press_Chest-FIX__converted.gif","EXERCÍCIOS NA MAQUINA - HACK - BANCO","PEITO"
"masculino","Smith-JM-Bench-Press_Upper-Arms__converted","EXERCÍCIOS NA MAQUINA - HACK - BANCO/PEITO/Smith-JM-Bench-Press_Upper-Arms__converted.gif","EXERCÍCIOS NA MAQUINA - HACK - BANCO","PEITO"
"masculino","45-degree-Hyperextension-(arms-in-front-of-chest)-_converted","EXERCÍCIOS NA MAQUINA - HACK - BANCO/PERNA/45-degree-Hyperextension-(arms-in-front-of-chest)-_converted.gif","EXERCÍCIOS NA MAQUINA - HACK - BANCO","PERNA"
"masculino","45-degrees-Reverse-Hyperextension_Hips__converted","EXERCÍCIOS NA MAQUINA - HACK - BANCO/PERNA/45-degrees-Reverse-Hyperextension_Hips__converted.gif","EXERCÍCIOS NA MAQUINA - HACK - BANCO","PERNA"
"masculino","45-degrees-Single-Leg-Reverse-Hyperextension_Hips__converted","EXERCÍCIOS NA MAQUINA - HACK - BANCO/PERNA/45-degrees-Single-Leg-Reverse-Hyperextension_Hips__converted.gif","EXERCÍCIOS NA MAQUINA - HACK - BANCO","PERNA"
"masculino","Assisted-Bulgarian-Split-Squat_Thighs__converted","EXERCÍCIOS NA MAQUINA - HACK - BANCO/PERNA/Assisted-Bulgarian-Split-Squat_Thighs__converted.gif","EXERCÍCIOS NA MAQUINA - HACK - BANCO","PERNA"
"masculino","Assisted-Single-Leg-Press_Thighs-FIX__converted","EXERCÍCIOS NA MAQUINA - HACK - BANCO/PERNA/Assisted-Single-Leg-Press_Thighs-FIX__converted.gif","EXERCÍCIOS NA MAQUINA - HACK - BANCO","PERNA"
"masculino","Back-Forward-Leg-Swings-(male)_Hips__converted","EXERCÍCIOS NA MAQUINA - HACK - BANCO/PERNA/Back-Forward-Leg-Swings-(male)_Hips__converted.gif","EXERCÍCIOS NA MAQUINA - HACK - BANCO","PERNA"
"masculino","Bodyweight-Standing-Sissy-Squat_Thighs__converted","EXERCÍCIOS NA MAQUINA - HACK - BANCO/PERNA/Bodyweight-Standing-Sissy-Squat_Thighs__converted.gif","EXERCÍCIOS NA MAQUINA - HACK - BANCO","PERNA"
"masculino","Glute-Ham-Developer-Hip-Extension_Hips__converted","EXERCÍCIOS NA MAQUINA - HACK - BANCO/PERNA/Glute-Ham-Developer-Hip-Extension_Hips__converted.gif","EXERCÍCIOS NA MAQUINA - HACK - BANCO","PERNA"
"masculino","Glute-Ham-Raise-(VERSION-2)_Thighs__converted","EXERCÍCIOS NA MAQUINA - HACK - BANCO/PERNA/Glute-Ham-Raise-(VERSION-2)_Thighs__converted.gif","EXERCÍCIOS NA MAQUINA - HACK - BANCO","PERNA"
"masculino","Hyperextension_Hips-FIX__converted","EXERCÍCIOS NA MAQUINA - HACK - BANCO/PERNA/Hyperextension_Hips-FIX__converted.gif","EXERCÍCIOS NA MAQUINA - HACK - BANCO","PERNA"
"masculino","Hyperextension-(VERSION-2)_Hips_converted","EXERCÍCIOS NA MAQUINA - HACK - BANCO/PERNA/Hyperextension-(VERSION-2)_Hips_converted.gif","EXERCÍCIOS NA MAQUINA - HACK - BANCO","PERNA"
"masculino","Inverse-Leg-Curl-with-Bench-Pads_Thighs__converted","EXERCÍCIOS NA MAQUINA - HACK - BANCO/PERNA/Inverse-Leg-Curl-with-Bench-Pads_Thighs__converted.gif","EXERCÍCIOS NA MAQUINA - HACK - BANCO","PERNA"
"masculino","Isometric-Mid-Thighs-Pull-(male)_Thighs__converted","EXERCÍCIOS NA MAQUINA - HACK - BANCO/PERNA/Isometric-Mid-Thighs-Pull-(male)_Thighs__converted.gif","EXERCÍCIOS NA MAQUINA - HACK - BANCO","PERNA"
"masculino","Lever-Abduction-Leg-Raise_Pilates__converted","EXERCÍCIOS NA MAQUINA - HACK - BANCO/PERNA/Lever-Abduction-Leg-Raise_Pilates__converted.gif","EXERCÍCIOS NA MAQUINA - HACK - BANCO","PERNA"
"masculino","Lever-Air-Walk-(male)_Cardio__converted","EXERCÍCIOS NA MAQUINA - HACK - BANCO/PERNA/Lever-Air-Walk-(male)_Cardio__converted.gif","EXERCÍCIOS NA MAQUINA - HACK - BANCO","PERNA"
"masculino","Lever-Alternate-Leg-Extension-(plate-loaded)_Thigh_converted","EXERCÍCIOS NA MAQUINA - HACK - BANCO/PERNA/Lever-Alternate-Leg-Extension-(plate-loaded)_Thigh_converted.gif","EXERCÍCIOS NA MAQUINA - HACK - BANCO","PERNA"
"masculino","Lever-Alternate-Leg-Press-(plate-loaded)_Thighs__converted","EXERCÍCIOS NA MAQUINA - HACK - BANCO/PERNA/Lever-Alternate-Leg-Press-(plate-loaded)_Thighs__converted.gif","EXERCÍCIOS NA MAQUINA - HACK - BANCO","PERNA"
"masculino","Lever-Angled-Leg-Press-(male)_Thighs__converted","EXERCÍCIOS NA MAQUINA - HACK - BANCO/PERNA/Lever-Angled-Leg-Press-(male)_Thighs__converted.gif","EXERCÍCIOS NA MAQUINA - HACK - BANCO","PERNA"
"masculino","Lever-Angled-Single-Leg-Press-(male)_Thighs__converted","EXERCÍCIOS NA MAQUINA - HACK - BANCO/PERNA/Lever-Angled-Single-Leg-Press-(male)_Thighs__converted.gif","EXERCÍCIOS NA MAQUINA - HACK - BANCO","PERNA"
"masculino","Lever-Belt-Romanian-Deadlift_Hips__converted","EXERCÍCIOS NA MAQUINA - HACK - BANCO/PERNA/Lever-Belt-Romanian-Deadlift_Hips__converted.gif","EXERCÍCIOS NA MAQUINA - HACK - BANCO","PERNA"
"masculino","Lever-Belt-Squat_Thighs__converted","EXERCÍCIOS NA MAQUINA - HACK - BANCO/PERNA/Lever-Belt-Squat_Thighs__converted.gif","EXERCÍCIOS NA MAQUINA - HACK - BANCO","PERNA"
"masculino","Lever-Belt-Sumo-Squat_Hips__converted","EXERCÍCIOS NA MAQUINA - HACK - BANCO/PERNA/Lever-Belt-Sumo-Squat_Hips__converted.gif","EXERCÍCIOS NA MAQUINA - HACK - BANCO","PERNA"
"masculino","Lever-Bulgarian-Split-Squat-(plate-loaded)-(male)__converted","EXERCÍCIOS NA MAQUINA - HACK - BANCO/PERNA/Lever-Bulgarian-Split-Squat-(plate-loaded)-(male)__converted.gif","EXERCÍCIOS NA MAQUINA - HACK - BANCO","PERNA"
"masculino","Lever-Deadlift-(plate-loaded)_Thighs_converted","EXERCÍCIOS NA MAQUINA - HACK - BANCO/PERNA/Lever-Deadlift-(plate-loaded)_Thighs_converted.gif","EXERCÍCIOS NA MAQUINA - HACK - BANCO","PERNA"
"masculino","Lever-Elevanted-Squat-(male)_Thighs__converted","EXERCÍCIOS NA MAQUINA - HACK - BANCO/PERNA/Lever-Elevanted-Squat-(male)_Thighs__converted.gif","EXERCÍCIOS NA MAQUINA - HACK - BANCO","PERNA"
"masculino","Lever-Elliptical-Static-Walk_Cardio_converted","EXERCÍCIOS NA MAQUINA - HACK - BANCO/PERNA/Lever-Elliptical-Static-Walk_Cardio_converted.gif","EXERCÍCIOS NA MAQUINA - HACK - BANCO","PERNA"
"masculino","Lever-Glute-Abductors-Press-(male)_Hips__converted","EXERCÍCIOS NA MAQUINA - HACK - BANCO/PERNA/Lever-Glute-Abductors-Press-(male)_Hips__converted.gif","EXERCÍCIOS NA MAQUINA - HACK - BANCO","PERNA"
"masculino","Lever-Glute-Press-(male)_Hips__converted","EXERCÍCIOS NA MAQUINA - HACK - BANCO/PERNA/Lever-Glute-Press-(male)_Hips__converted.gif","EXERCÍCIOS NA MAQUINA - HACK - BANCO","PERNA"
"masculino","Lever-Hip-Extension-(VERSION-2)_Hips__converted","EXERCÍCIOS NA MAQUINA - HACK - BANCO/PERNA/Lever-Hip-Extension-(VERSION-2)_Hips__converted.gif","EXERCÍCIOS NA MAQUINA - HACK - BANCO","PERNA"
"masculino","Lever-Hip-Thrust-(plate-loaded)-(male)_Hips__converted","EXERCÍCIOS NA MAQUINA - HACK - BANCO/PERNA/Lever-Hip-Thrust-(plate-loaded)-(male)_Hips__converted.gif","EXERCÍCIOS NA MAQUINA - HACK - BANCO","PERNA"
"masculino","Lever-Horizontal-Leg-Press_Thighs__converted","EXERCÍCIOS NA MAQUINA - HACK - BANCO/PERNA/Lever-Horizontal-Leg-Press_Thighs__converted.gif","EXERCÍCIOS NA MAQUINA - HACK - BANCO","PERNA"
"masculino","Lever-Horizontal-One-leg-Press_Hips_converted","EXERCÍCIOS NA MAQUINA - HACK - BANCO/PERNA/Lever-Horizontal-One-leg-Press_Hips_converted.gif","EXERCÍCIOS NA MAQUINA - HACK - BANCO","PERNA"
"masculino","Lever-Kneeling-Leg-Curl-(plate-loaded)_Thighs_converted","EXERCÍCIOS NA MAQUINA - HACK - BANCO/PERNA/Lever-Kneeling-Leg-Curl-(plate-loaded)_Thighs_converted.gif","EXERCÍCIOS NA MAQUINA - HACK - BANCO","PERNA"
"masculino","Lever-Kneeling-Twist_Waist-FIX__converted","EXERCÍCIOS NA MAQUINA - HACK - BANCO/PERNA/Lever-Kneeling-Twist_Waist-FIX__converted.gif","EXERCÍCIOS NA MAQUINA - HACK - BANCO","PERNA"
"masculino","Lever-Leg-Extension_Thighs_converted","EXERCÍCIOS NA MAQUINA - HACK - BANCO/PERNA/Lever-Leg-Extension_Thighs_converted.gif","EXERCÍCIOS NA MAQUINA - HACK - BANCO","PERNA"
"masculino","Lever-Leg-Extension-(Inward-Toes)-(male)_Thighs__converted","EXERCÍCIOS NA MAQUINA - HACK - BANCO/PERNA/Lever-Leg-Extension-(Inward-Toes)-(male)_Thighs__converted.gif","EXERCÍCIOS NA MAQUINA - HACK - BANCO","PERNA"
"masculino","Lever-Leg-Extension-(plate-loaded)_Thighs__converted","EXERCÍCIOS NA MAQUINA - HACK - BANCO/PERNA/Lever-Leg-Extension-(plate-loaded)_Thighs__converted.gif","EXERCÍCIOS NA MAQUINA - HACK - BANCO","PERNA"
"masculino","Lever-Leg-Press-(plate-loaded)_Thighs__converted","EXERCÍCIOS NA MAQUINA - HACK - BANCO/PERNA/Lever-Leg-Press-(plate-loaded)_Thighs__converted.gif","EXERCÍCIOS NA MAQUINA - HACK - BANCO","PERNA"
"masculino","Lever-Linear-Hack-Squat-(male)_Thighs__converted","EXERCÍCIOS NA MAQUINA - HACK - BANCO/PERNA/Lever-Linear-Hack-Squat-(male)_Thighs__converted.gif","EXERCÍCIOS NA MAQUINA - HACK - BANCO","PERNA"
"masculino","Lever-Lying-Leg-Curl_Thighs-FIX__converted","EXERCÍCIOS NA MAQUINA - HACK - BANCO/PERNA/Lever-Lying-Leg-Curl_Thighs-FIX__converted.gif","EXERCÍCIOS NA MAQUINA - HACK - BANCO","PERNA"
"masculino","Lever-Lying-Single-Leg-Curl_Thighs__converted","EXERCÍCIOS NA MAQUINA - HACK - BANCO/PERNA/Lever-Lying-Single-Leg-Curl_Thighs__converted.gif","EXERCÍCIOS NA MAQUINA - HACK - BANCO","PERNA"
"masculino","Lever-One-Leg-Extension_Thighs__converted","EXERCÍCIOS NA MAQUINA - HACK - BANCO/PERNA/Lever-One-Leg-Extension_Thighs__converted.gif","EXERCÍCIOS NA MAQUINA - HACK - BANCO","PERNA"
"masculino","Lever-Outdoor-Air-Walking_Hips__converted","EXERCÍCIOS NA MAQUINA - HACK - BANCO/PERNA/Lever-Outdoor-Air-Walking_Hips__converted.gif","EXERCÍCIOS NA MAQUINA - HACK - BANCO","PERNA"
"masculino","Lever-Outdoor-Seated-Leg-Press_Thighs__converted","EXERCÍCIOS NA MAQUINA - HACK - BANCO/PERNA/Lever-Outdoor-Seated-Leg-Press_Thighs__converted.gif","EXERCÍCIOS NA MAQUINA - HACK - BANCO","PERNA"
"masculino","Lever-Pendulum-Squat-(plate-loaded)_Thighs__converted","EXERCÍCIOS NA MAQUINA - HACK - BANCO/PERNA/Lever-Pendulum-Squat-(plate-loaded)_Thighs__converted.gif","EXERCÍCIOS NA MAQUINA - HACK - BANCO","PERNA"
"masculino","Lever-Rear-Foot-Elevanted-Split-Squat-(plate-loade_converted","EXERCÍCIOS NA MAQUINA - HACK - BANCO/PERNA/Lever-Rear-Foot-Elevanted-Split-Squat-(plate-loade_converted.gif","EXERCÍCIOS NA MAQUINA - HACK - BANCO","PERNA"
"masculino","Lever-Reverse-Hyperextension-(plate-loaded)_Hips_converted","EXERCÍCIOS NA MAQUINA - HACK - BANCO/PERNA/Lever-Reverse-Hyperextension-(plate-loaded)_Hips_converted.gif","EXERCÍCIOS NA MAQUINA - HACK - BANCO","PERNA"
"masculino","Lever-Reverse-Vertical-Hack-Squat_Hips__converted","EXERCÍCIOS NA MAQUINA - HACK - BANCO/PERNA/Lever-Reverse-Vertical-Hack-Squat_Hips__converted.gif","EXERCÍCIOS NA MAQUINA - HACK - BANCO","PERNA"
"masculino","Lever-Romanian-Deadlift-(plate-loaded)-(male)_Hips_converted","EXERCÍCIOS NA MAQUINA - HACK - BANCO/PERNA/Lever-Romanian-Deadlift-(plate-loaded)-(male)_Hips_converted.gif","EXERCÍCIOS NA MAQUINA - HACK - BANCO","PERNA"
"masculino","Lever-Seated-Hip-Abduction_Hips-FIX__converted","EXERCÍCIOS NA MAQUINA - HACK - BANCO/PERNA/Lever-Seated-Hip-Abduction_Hips-FIX__converted.gif","EXERCÍCIOS NA MAQUINA - HACK - BANCO","PERNA"
"masculino","Lever-Seated-Hip-Adduction_Thighs_converted","EXERCÍCIOS NA MAQUINA - HACK - BANCO/PERNA/Lever-Seated-Hip-Adduction_Thighs_converted.gif","EXERCÍCIOS NA MAQUINA - HACK - BANCO","PERNA"
"masculino","Lever-Seated-Leg-Curl_Thighs-FIX__converted","EXERCÍCIOS NA MAQUINA - HACK - BANCO/PERNA/Lever-Seated-Leg-Curl_Thighs-FIX__converted.gif","EXERCÍCIOS NA MAQUINA - HACK - BANCO","PERNA"
"masculino","Lever-Seated-Leg-Curl-(plate-loaded)-(male)_Thighs_converted","EXERCÍCIOS NA MAQUINA - HACK - BANCO/PERNA/Lever-Seated-Leg-Curl-(plate-loaded)-(male)_Thighs_converted.gif","EXERCÍCIOS NA MAQUINA - HACK - BANCO","PERNA"
"masculino","Lever-Seated-Leg-Extension-(VERSION-2)_Thighs__converted","EXERCÍCIOS NA MAQUINA - HACK - BANCO/PERNA/Lever-Seated-Leg-Extension-(VERSION-2)_Thighs__converted.gif","EXERCÍCIOS NA MAQUINA - HACK - BANCO","PERNA"
"masculino","Lever-Seated-Leg-Extension-(VERSION-2)_Thighs_converted","EXERCÍCIOS NA MAQUINA - HACK - BANCO/PERNA/Lever-Seated-Leg-Extension-(VERSION-2)_Thighs_converted.gif","EXERCÍCIOS NA MAQUINA - HACK - BANCO","PERNA"
"masculino","Lever-Seated-Leg-Press_Thighs_converted","EXERCÍCIOS NA MAQUINA - HACK - BANCO/PERNA/Lever-Seated-Leg-Press_Thighs_converted.gif","EXERCÍCIOS NA MAQUINA - HACK - BANCO","PERNA"
"masculino","Lever-Seated-Leg-Press-(VERSION-2)_Thighs__converted","EXERCÍCIOS NA MAQUINA - HACK - BANCO/PERNA/Lever-Seated-Leg-Press-(VERSION-2)_Thighs__converted.gif","EXERCÍCIOS NA MAQUINA - HACK - BANCO","PERNA"
"masculino","Lever-Seated-One-Leg-Curl_Thighs__converted","EXERCÍCIOS NA MAQUINA - HACK - BANCO/PERNA/Lever-Seated-One-Leg-Curl_Thighs__converted.gif","EXERCÍCIOS NA MAQUINA - HACK - BANCO","PERNA"
"masculino","Lever-Seated-Single-Leg-Press-(VERSION-2)_Thighs__converted","EXERCÍCIOS NA MAQUINA - HACK - BANCO/PERNA/Lever-Seated-Single-Leg-Press-(VERSION-2)_Thighs__converted.gif","EXERCÍCIOS NA MAQUINA - HACK - BANCO","PERNA"
"masculino","Lever-Seated-Squat-Calf-Raise-on-Leg-Press-Machine_Calves_converted","EXERCÍCIOS NA MAQUINA - HACK - BANCO/PERNA/Lever-Seated-Squat-Calf-Raise-on-Leg-Press-Machine_Calves_converted.gif","EXERCÍCIOS NA MAQUINA - HACK - BANCO","PERNA"
"masculino","Lever-Single-Leg-Extension-(plate-loaded)_Thighs__converted","EXERCÍCIOS NA MAQUINA - HACK - BANCO/PERNA/Lever-Single-Leg-Extension-(plate-loaded)_Thighs__converted.gif","EXERCÍCIOS NA MAQUINA - HACK - BANCO","PERNA"
"masculino","Lever-Squat-(plate-loaded)_Thighs_converted","EXERCÍCIOS NA MAQUINA - HACK - BANCO/PERNA/Lever-Squat-(plate-loaded)_Thighs_converted.gif","EXERCÍCIOS NA MAQUINA - HACK - BANCO","PERNA"
"masculino","Lever-Squat-(plate-loaded)-(male)_Thighs__converted","EXERCÍCIOS NA MAQUINA - HACK - BANCO/PERNA/Lever-Squat-(plate-loaded)-(male)_Thighs__converted.gif","EXERCÍCIOS NA MAQUINA - HACK - BANCO","PERNA"
"masculino","Lever-Standing-Hip-Extension_Hips_converted","EXERCÍCIOS NA MAQUINA - HACK - BANCO/PERNA/Lever-Standing-Hip-Extension_Hips_converted.gif","EXERCÍCIOS NA MAQUINA - HACK - BANCO","PERNA"
"masculino","Lever-Standing-Rear-Kick_Hips_converted","EXERCÍCIOS NA MAQUINA - HACK - BANCO/PERNA/Lever-Standing-Rear-Kick_Hips_converted.gif","EXERCÍCIOS NA MAQUINA - HACK - BANCO","PERNA"
"masculino","Lever-Standing-Single-Leg-Curl-(plate-loaded)_Thig_converted","EXERCÍCIOS NA MAQUINA - HACK - BANCO/PERNA/Lever-Standing-Single-Leg-Curl-(plate-loaded)_Thig_converted.gif","EXERCÍCIOS NA MAQUINA - HACK - BANCO","PERNA"
"masculino","Lever-Stepper-(male)_Cardio__converted","EXERCÍCIOS NA MAQUINA - HACK - BANCO/PERNA/Lever-Stepper-(male)_Cardio__converted.gif","EXERCÍCIOS NA MAQUINA - HACK - BANCO","PERNA"
"masculino","Lever-Vertical-Leg-Press-(male)_Thighs__converted","EXERCÍCIOS NA MAQUINA - HACK - BANCO/PERNA/Lever-Vertical-Leg-Press-(male)_Thighs__converted.gif","EXERCÍCIOS NA MAQUINA - HACK - BANCO","PERNA"
"masculino","Lever-Vertical-Squat_Thighs__converted","EXERCÍCIOS NA MAQUINA - HACK - BANCO/PERNA/Lever-Vertical-Squat_Thighs__converted.gif","EXERCÍCIOS NA MAQUINA - HACK - BANCO","PERNA"
"masculino","Rounded-Back-Extension_Hips__converted","EXERCÍCIOS NA MAQUINA - HACK - BANCO/PERNA/Rounded-Back-Extension_Hips__converted.gif","EXERCÍCIOS NA MAQUINA - HACK - BANCO","PERNA"
"masculino","Rowing-(with-rowing-machine)_Cardio_converted","EXERCÍCIOS NA MAQUINA - HACK - BANCO/PERNA/Rowing-(with-rowing-machine)_Cardio_converted.gif","EXERCÍCIOS NA MAQUINA - HACK - BANCO","PERNA"
"masculino","Side-to-Side-Leg-Swings-(male)_Hips_converted","EXERCÍCIOS NA MAQUINA - HACK - BANCO/PERNA/Side-to-Side-Leg-Swings-(male)_Hips_converted.gif","EXERCÍCIOS NA MAQUINA - HACK - BANCO","PERNA"
"masculino","Single-Leg-Squat-with-Support-(pistol)_Thighs__converted","EXERCÍCIOS NA MAQUINA - HACK - BANCO/PERNA/Single-Leg-Squat-with-Support-(pistol)_Thighs__converted.gif","EXERCÍCIOS NA MAQUINA - HACK - BANCO","PERNA"
"masculino","Sled-45-degrees-Leg-Press_Hips-FIX__converted","EXERCÍCIOS NA MAQUINA - HACK - BANCO/PERNA/Sled-45-degrees-Leg-Press_Hips-FIX__converted.gif","EXERCÍCIOS NA MAQUINA - HACK - BANCO","PERNA"
"masculino","Sled-45-degrees-Leg-Press-(Back-POV)_Hips-FIX__converted","EXERCÍCIOS NA MAQUINA - HACK - BANCO/PERNA/Sled-45-degrees-Leg-Press-(Back-POV)_Hips-FIX__converted.gif","EXERCÍCIOS NA MAQUINA - HACK - BANCO","PERNA"
"masculino","Sled-45-degrees-Leg-Press-(Side-POV)_Hips-FIX__converted","EXERCÍCIOS NA MAQUINA - HACK - BANCO/PERNA/Sled-45-degrees-Leg-Press-(Side-POV)_Hips-FIX__converted.gif","EXERCÍCIOS NA MAQUINA - HACK - BANCO","PERNA"
"masculino","Sled-45-degrees-One-Leg-Press_Hips-FIX__converted","EXERCÍCIOS NA MAQUINA - HACK - BANCO/PERNA/Sled-45-degrees-One-Leg-Press_Hips-FIX__converted.gif","EXERCÍCIOS NA MAQUINA - HACK - BANCO","PERNA"
"masculino","Sled-45-Leg-Wide-Press_Thighs-FIX__converted","EXERCÍCIOS NA MAQUINA - HACK - BANCO/PERNA/Sled-45-Leg-Wide-Press_Thighs-FIX__converted.gif","EXERCÍCIOS NA MAQUINA - HACK - BANCO","PERNA"
"masculino","Sled-45-Narrow-Stance-Leg-Press_Thighs_converted","EXERCÍCIOS NA MAQUINA - HACK - BANCO/PERNA/Sled-45-Narrow-Stance-Leg-Press_Thighs_converted.gif","EXERCÍCIOS NA MAQUINA - HACK - BANCO","PERNA"
"masculino","Sled-Full-Hack-Squat_Thighs__converted","EXERCÍCIOS NA MAQUINA - HACK - BANCO/PERNA/Sled-Full-Hack-Squat_Thighs__converted.gif","EXERCÍCIOS NA MAQUINA - HACK - BANCO","PERNA"
"masculino","Sled-Glute-Dominant-Leg-Press-(male)_Hips__converted","EXERCÍCIOS NA MAQUINA - HACK - BANCO/PERNA/Sled-Glute-Dominant-Leg-Press-(male)_Hips__converted.gif","EXERCÍCIOS NA MAQUINA - HACK - BANCO","PERNA"
"masculino","Sled-Hack-Squat_Hips_converted","EXERCÍCIOS NA MAQUINA - HACK - BANCO/PERNA/Sled-Hack-Squat_Hips_converted.gif","EXERCÍCIOS NA MAQUINA - HACK - BANCO","PERNA"
"masculino","Sled-Lying-Squat_Thighs-FIX__converted","EXERCÍCIOS NA MAQUINA - HACK - BANCO/PERNA/Sled-Lying-Squat_Thighs-FIX__converted.gif","EXERCÍCIOS NA MAQUINA - HACK - BANCO","PERNA"
"masculino","Sled-One-Leg-Hack-Squat_Thighs__converted","EXERCÍCIOS NA MAQUINA - HACK - BANCO/PERNA/Sled-One-Leg-Hack-Squat_Thighs__converted.gif","EXERCÍCIOS NA MAQUINA - HACK - BANCO","PERNA"
"masculino","Sled-Reverse-Hack-Squat_Thighs_converted","EXERCÍCIOS NA MAQUINA - HACK - BANCO/PERNA/Sled-Reverse-Hack-Squat_Thighs_converted.gif","EXERCÍCIOS NA MAQUINA - HACK - BANCO","PERNA"
"masculino","Sled-Side-Leg-Press-(male)_Hips__converted","EXERCÍCIOS NA MAQUINA - HACK - BANCO/PERNA/Sled-Side-Leg-Press-(male)_Hips__converted.gif","EXERCÍCIOS NA MAQUINA - HACK - BANCO","PERNA"
"masculino","Sled-Wide-Hack-Squat-(male)_Thighs-FIX__converted","EXERCÍCIOS NA MAQUINA - HACK - BANCO/PERNA/Sled-Wide-Hack-Squat-(male)_Thighs-FIX__converted.gif","EXERCÍCIOS NA MAQUINA - HACK - BANCO","PERNA"
"masculino","Smith-Bent-Knee-Good-morning_Hips__converted","EXERCÍCIOS NA MAQUINA - HACK - BANCO/PERNA/Smith-Bent-Knee-Good-morning_Hips__converted.gif","EXERCÍCIOS NA MAQUINA - HACK - BANCO","PERNA"
"masculino","Smith-Bent-Over-Pronated-Grip-Row_Back-FIX__converted","EXERCÍCIOS NA MAQUINA - HACK - BANCO/PERNA/Smith-Bent-Over-Pronated-Grip-Row_Back-FIX__converted.gif","EXERCÍCIOS NA MAQUINA - HACK - BANCO","PERNA"
"masculino","Smith-Chair-Squat_Thighs-FIX__converted","EXERCÍCIOS NA MAQUINA - HACK - BANCO/PERNA/Smith-Chair-Squat_Thighs-FIX__converted.gif","EXERCÍCIOS NA MAQUINA - HACK - BANCO","PERNA"
"masculino","Smith-Chair-Squat_Thighs-FIX__converted 2","EXERCÍCIOS NA MAQUINA - HACK - BANCO/PERNA/Smith-Chair-Squat_Thighs-FIX__converted 2.gif","EXERCÍCIOS NA MAQUINA - HACK - BANCO","PERNA"
"masculino","Smith-Curtsey-Lunge-(male)_Thighs__converted","EXERCÍCIOS NA MAQUINA - HACK - BANCO/PERNA/Smith-Curtsey-Lunge-(male)_Thighs__converted.gif","EXERCÍCIOS NA MAQUINA - HACK - BANCO","PERNA"
"masculino","Smith-Deadlift_Hips_converted","EXERCÍCIOS NA MAQUINA - HACK - BANCO/PERNA/Smith-Deadlift_Hips_converted.gif","EXERCÍCIOS NA MAQUINA - HACK - BANCO","PERNA"
"masculino","Smith-Donkey-Kick_Hips__converted","EXERCÍCIOS NA MAQUINA - HACK - BANCO/PERNA/Smith-Donkey-Kick_Hips__converted.gif","EXERCÍCIOS NA MAQUINA - HACK - BANCO","PERNA"
"masculino","Smith-Elevated-Split-Squat-(male)_Thighs__converted","EXERCÍCIOS NA MAQUINA - HACK - BANCO/PERNA/Smith-Elevated-Split-Squat-(male)_Thighs__converted.gif","EXERCÍCIOS NA MAQUINA - HACK - BANCO","PERNA"
"masculino","Smith-Frog-Hip-Thrust-(male)_Hips__converted","EXERCÍCIOS NA MAQUINA - HACK - BANCO/PERNA/Smith-Frog-Hip-Thrust-(male)_Hips__converted.gif","EXERCÍCIOS NA MAQUINA - HACK - BANCO","PERNA"
"masculino","Smith-Front-Leg-Elevated-Split-Squat-(male)_Thighs_converted","EXERCÍCIOS NA MAQUINA - HACK - BANCO/PERNA/Smith-Front-Leg-Elevated-Split-Squat-(male)_Thighs_converted.gif","EXERCÍCIOS NA MAQUINA - HACK - BANCO","PERNA"
"masculino","Smith-Front-Squat_Thighs__converted","EXERCÍCIOS NA MAQUINA - HACK - BANCO/PERNA/Smith-Front-Squat_Thighs__converted.gif","EXERCÍCIOS NA MAQUINA - HACK - BANCO","PERNA"
"masculino","Smith-Front-Squat-(Clean-Grip)_Thighs__converted","EXERCÍCIOS NA MAQUINA - HACK - BANCO/PERNA/Smith-Front-Squat-(Clean-Grip)_Thighs__converted.gif","EXERCÍCIOS NA MAQUINA - HACK - BANCO","PERNA"
"masculino","Smith-Full-Squat_Thighs__converted","EXERCÍCIOS NA MAQUINA - HACK - BANCO/PERNA/Smith-Full-Squat_Thighs__converted.gif","EXERCÍCIOS NA MAQUINA - HACK - BANCO","PERNA"
"masculino","Smith-Hack-Squat_Hips__converted","EXERCÍCIOS NA MAQUINA - HACK - BANCO/PERNA/Smith-Hack-Squat_Hips__converted.gif","EXERCÍCIOS NA MAQUINA - HACK - BANCO","PERNA"
"masculino","Smith-Hang-Clean_Weightlifts__converted","EXERCÍCIOS NA MAQUINA - HACK - BANCO/PERNA/Smith-Hang-Clean_Weightlifts__converted.gif","EXERCÍCIOS NA MAQUINA - HACK - BANCO","PERNA"
"masculino","Smith-Hip-Thrust_Hips_converted","EXERCÍCIOS NA MAQUINA - HACK - BANCO/PERNA/Smith-Hip-Thrust_Hips_converted.gif","EXERCÍCIOS NA MAQUINA - HACK - BANCO","PERNA"
"masculino","Smith-Kneeling-Hip-Thrust_Hips__converted","EXERCÍCIOS NA MAQUINA - HACK - BANCO/PERNA/Smith-Kneeling-Hip-Thrust_Hips__converted.gif","EXERCÍCIOS NA MAQUINA - HACK - BANCO","PERNA"
"masculino","Smith-Lateral-Step-Up-(male)_Thighs__converted","EXERCÍCIOS NA MAQUINA - HACK - BANCO/PERNA/Smith-Lateral-Step-Up-(male)_Thighs__converted.gif","EXERCÍCIOS NA MAQUINA - HACK - BANCO","PERNA"
"masculino","Smith-Leg-Press_Thighs-FIX__converted","EXERCÍCIOS NA MAQUINA - HACK - BANCO/PERNA/Smith-Leg-Press_Thighs-FIX__converted.gif","EXERCÍCIOS NA MAQUINA - HACK - BANCO","PERNA"
"masculino","Smith-Low-Bar-Squat_Thighs-FIX__converted","EXERCÍCIOS NA MAQUINA - HACK - BANCO/PERNA/Smith-Low-Bar-Squat_Thighs-FIX__converted.gif","EXERCÍCIOS NA MAQUINA - HACK - BANCO","PERNA"
"masculino","Smith-Rear-Lunge-(version-2)-(male)_Thighs__converted","EXERCÍCIOS NA MAQUINA - HACK - BANCO/PERNA/Smith-Rear-Lunge-(version-2)-(male)_Thighs__converted.gif","EXERCÍCIOS NA MAQUINA - HACK - BANCO","PERNA"
"masculino","Smith-Rear-Lunge-from-Deficite-(male)_Thighs__converted","EXERCÍCIOS NA MAQUINA - HACK - BANCO/PERNA/Smith-Rear-Lunge-from-Deficite-(male)_Thighs__converted.gif","EXERCÍCIOS NA MAQUINA - HACK - BANCO","PERNA"
"masculino","Smith-Reverse-Hyperextension-(male)_Hips__converted","EXERCÍCIOS NA MAQUINA - HACK - BANCO/PERNA/Smith-Reverse-Hyperextension-(male)_Hips__converted.gif","EXERCÍCIOS NA MAQUINA - HACK - BANCO","PERNA"
"masculino","Smith-Single-Leg-Deadlift_Hips__converted","EXERCÍCIOS NA MAQUINA - HACK - BANCO/PERNA/Smith-Single-Leg-Deadlift_Hips__converted.gif","EXERCÍCIOS NA MAQUINA - HACK - BANCO","PERNA"
"masculino","Smith-Single-Leg-Split-Squat_Thighs__converted","EXERCÍCIOS NA MAQUINA - HACK - BANCO/PERNA/Smith-Single-Leg-Split-Squat_Thighs__converted.gif","EXERCÍCIOS NA MAQUINA - HACK - BANCO","PERNA"
"masculino","Smith-Split-Squat_Thighs__converted","EXERCÍCIOS NA MAQUINA - HACK - BANCO/PERNA/Smith-Split-Squat_Thighs__converted.gif","EXERCÍCIOS NA MAQUINA - HACK - BANCO","PERNA"
"masculino","Smith-Squat_Hips__converted","EXERCÍCIOS NA MAQUINA - HACK - BANCO/PERNA/Smith-Squat_Hips__converted.gif","EXERCÍCIOS NA MAQUINA - HACK - BANCO","PERNA"
"masculino","Smith-Squat-to-Bench_Thighs__converted","EXERCÍCIOS NA MAQUINA - HACK - BANCO/PERNA/Smith-Squat-to-Bench_Thighs__converted.gif","EXERCÍCIOS NA MAQUINA - HACK - BANCO","PERNA"
"masculino","Smith-Stiff-Legged-Deadlift_Hips__converted","EXERCÍCIOS NA MAQUINA - HACK - BANCO/PERNA/Smith-Stiff-Legged-Deadlift_Hips__converted.gif","EXERCÍCIOS NA MAQUINA - HACK - BANCO","PERNA"
"masculino","Smith-Sumo-Chair-Squat-(male)_Hips__converted","EXERCÍCIOS NA MAQUINA - HACK - BANCO/PERNA/Smith-Sumo-Chair-Squat-(male)_Hips__converted.gif","EXERCÍCIOS NA MAQUINA - HACK - BANCO","PERNA"
"masculino","Smith-Sumo-Deadlift_Hips__converted","EXERCÍCIOS NA MAQUINA - HACK - BANCO/PERNA/Smith-Sumo-Deadlift_Hips__converted.gif","EXERCÍCIOS NA MAQUINA - HACK - BANCO","PERNA"
"masculino","Smith-Sumo-Squat_Hips-FIX__converted","EXERCÍCIOS NA MAQUINA - HACK - BANCO/PERNA/Smith-Sumo-Squat_Hips-FIX__converted.gif","EXERCÍCIOS NA MAQUINA - HACK - BANCO","PERNA"
"masculino","Snatch-High-Pull_Weightlifting-FIX__converted","EXERCÍCIOS NA MAQUINA - HACK - BANCO/PERNA/Snatch-High-Pull_Weightlifting-FIX__converted.gif","EXERCÍCIOS NA MAQUINA - HACK - BANCO","PERNA"
"masculino","Snatch-Pull_Weightlifting__converted","EXERCÍCIOS NA MAQUINA - HACK - BANCO/PERNA/Snatch-Pull_Weightlifting__converted.gif","EXERCÍCIOS NA MAQUINA - HACK - BANCO","PERNA"
"masculino","Standing-Single-Leg-High-Knee-to-Butt-Kick-with-Support_Hips_converted","EXERCÍCIOS NA MAQUINA - HACK - BANCO/PERNA/Standing-Single-Leg-High-Knee-to-Butt-Kick-with-Support_Hips_converted.gif","EXERCÍCIOS NA MAQUINA - HACK - BANCO","PERNA"
"masculino","Weighted-Single-Leg-Lift_Thighs__converted","EXERCÍCIOS NA MAQUINA - HACK - BANCO/PERNA/Weighted-Single-Leg-Lift_Thighs__converted.gif","EXERCÍCIOS NA MAQUINA - HACK - BANCO","PERNA"
"masculino","Lever-Gripless-Shrug_Back_converted","EXERCÍCIOS NA MAQUINA - HACK - BANCO/TRAPÉZIO/Lever-Gripless-Shrug_Back_converted.gif","EXERCÍCIOS NA MAQUINA - HACK - BANCO","TRAPÉZIO"
"masculino","Lever-Shrug-(plate-loaded)_Back_converted","EXERCÍCIOS NA MAQUINA - HACK - BANCO/TRAPÉZIO/Lever-Shrug-(plate-loaded)_Back_converted.gif","EXERCÍCIOS NA MAQUINA - HACK - BANCO","TRAPÉZIO"
"masculino","Smith-Back-Shrug_Back_converted","EXERCÍCIOS NA MAQUINA - HACK - BANCO/TRAPÉZIO/Smith-Back-Shrug_Back_converted.gif","EXERCÍCIOS NA MAQUINA - HACK - BANCO","TRAPÉZIO"
"masculino","Smith-Back-Wide-Shrug_Back__converted","EXERCÍCIOS NA MAQUINA - HACK - BANCO/TRAPÉZIO/Smith-Back-Wide-Shrug_Back__converted.gif","EXERCÍCIOS NA MAQUINA - HACK - BANCO","TRAPÉZIO"
"masculino","Smith-Shrug_Back_converted","EXERCÍCIOS NA MAQUINA - HACK - BANCO/TRAPÉZIO/Smith-Shrug_Back_converted.gif","EXERCÍCIOS NA MAQUINA - HACK - BANCO","TRAPÉZIO"
"masculino","Smith-Wide-Shrug_Back__converted","EXERCÍCIOS NA MAQUINA - HACK - BANCO/TRAPÉZIO/Smith-Wide-Shrug_Back__converted.gif","EXERCÍCIOS NA MAQUINA - HACK - BANCO","TRAPÉZIO"
"masculino","Assisted-Chest-Dip-(kneeling)_Chest_converted","EXERCÍCIOS NA MAQUINA - HACK - BANCO/TRICEPS/Assisted-Chest-Dip-(kneeling)_Chest_converted.gif","EXERCÍCIOS NA MAQUINA - HACK - BANCO","TRICEPS"
"masculino","Assisted-Triceps-Dip-(kneeling)_Upper-Arms_converted","EXERCÍCIOS NA MAQUINA - HACK - BANCO/TRICEPS/Assisted-Triceps-Dip-(kneeling)_Upper-Arms_converted.gif","EXERCÍCIOS NA MAQUINA - HACK - BANCO","TRICEPS"
"masculino","Chest-Dip_Chest_converted","EXERCÍCIOS NA MAQUINA - HACK - BANCO/TRICEPS/Chest-Dip_Chest_converted.gif","EXERCÍCIOS NA MAQUINA - HACK - BANCO","TRICEPS"
"masculino","Chest-Dip-(on-dip-pull-up-cage)_Chest-FIX__converted","EXERCÍCIOS NA MAQUINA - HACK - BANCO/TRICEPS/Chest-Dip-(on-dip-pull-up-cage)_Chest-FIX__converted.gif","EXERCÍCIOS NA MAQUINA - HACK - BANCO","TRICEPS"
"masculino","Decline-Diamond-Push-up_Chest__converted","EXERCÍCIOS NA MAQUINA - HACK - BANCO/TRICEPS/Decline-Diamond-Push-up_Chest__converted.gif","EXERCÍCIOS NA MAQUINA - HACK - BANCO","TRICEPS"
"masculino","Lever-Overhead-Triceps-Extension-(male)_Upper-Arms_converted","EXERCÍCIOS NA MAQUINA - HACK - BANCO/TRICEPS/Lever-Overhead-Triceps-Extension-(male)_Upper-Arms_converted.gif","EXERCÍCIOS NA MAQUINA - HACK - BANCO","TRICEPS"
"masculino","Lever-Seated-Dip_Upper-Arms_converted","EXERCÍCIOS NA MAQUINA - HACK - BANCO/TRICEPS/Lever-Seated-Dip_Upper-Arms_converted.gif","EXERCÍCIOS NA MAQUINA - HACK - BANCO","TRICEPS"
"masculino","Lever-Seated-Triceps-Extension-(plate-loaded)-(mal_converted","EXERCÍCIOS NA MAQUINA - HACK - BANCO/TRICEPS/Lever-Seated-Triceps-Extension-(plate-loaded)-(mal_converted.gif","EXERCÍCIOS NA MAQUINA - HACK - BANCO","TRICEPS"
"masculino","Lever-Triceps-Dip-(plate-loaded)_Upper-Arms-FIX__converted","EXERCÍCIOS NA MAQUINA - HACK - BANCO/TRICEPS/Lever-Triceps-Dip-(plate-loaded)_Upper-Arms-FIX__converted.gif","EXERCÍCIOS NA MAQUINA - HACK - BANCO","TRICEPS"
"masculino","Lever-Triceps-Extension_Upper-Arms 1_converted","EXERCÍCIOS NA MAQUINA - HACK - BANCO/TRICEPS/Lever-Triceps-Extension_Upper-Arms 1_converted.gif","EXERCÍCIOS NA MAQUINA - HACK - BANCO","TRICEPS"
"masculino","Lever-Triceps-Extension_Upper-Arms_converted","EXERCÍCIOS NA MAQUINA - HACK - BANCO/TRICEPS/Lever-Triceps-Extension_Upper-Arms_converted.gif","EXERCÍCIOS NA MAQUINA - HACK - BANCO","TRICEPS"
"masculino","Lever-Triceps-Extension-(VERSION-2)_Upper-Arms-FIX_converted","EXERCÍCIOS NA MAQUINA - HACK - BANCO/TRICEPS/Lever-Triceps-Extension-(VERSION-2)_Upper-Arms-FIX_converted.gif","EXERCÍCIOS NA MAQUINA - HACK - BANCO","TRICEPS"
"masculino","Smith-Machine-Incline-Tricep-Extension_Upper-Arms__converted","EXERCÍCIOS NA MAQUINA - HACK - BANCO/TRICEPS/Smith-Machine-Incline-Tricep-Extension_Upper-Arms__converted.gif","EXERCÍCIOS NA MAQUINA - HACK - BANCO","TRICEPS"
"masculino","Triceps-Dip_Upper-Arms-FIX__converted","EXERCÍCIOS NA MAQUINA - HACK - BANCO/TRICEPS/Triceps-Dip_Upper-Arms-FIX__converted.gif","EXERCÍCIOS NA MAQUINA - HACK - BANCO","TRICEPS"
"masculino","Triceps-Press_Upper-Arms__converted","EXERCÍCIOS NA MAQUINA - HACK - BANCO/TRICEPS/Triceps-Press_Upper-Arms__converted.gif","EXERCÍCIOS NA MAQUINA - HACK - BANCO","TRICEPS"
"masculino","Triceps-Press-(low-bar-position)_Upper-Arms__converted","EXERCÍCIOS NA MAQUINA - HACK - BANCO/TRICEPS/Triceps-Press-(low-bar-position)_Upper-Arms__converted.gif","EXERCÍCIOS NA MAQUINA - HACK - BANCO","TRICEPS"
"masculino","Cable-Decline-Crunch-(male)_Waist__converted","EXERCÍCIOS NO CABO  OU POLIA/ABDOMINAIS/Cable-Decline-Crunch-(male)_Waist__converted.gif","EXERCÍCIOS NO CABO  OU POLIA","ABDOMINAIS"
"masculino","Cable-Half-Kneeling-Lift-(male)_Chest__converted","EXERCÍCIOS NO CABO  OU POLIA/ABDOMINAIS/Cable-Half-Kneeling-Lift-(male)_Chest__converted.gif","EXERCÍCIOS NO CABO  OU POLIA","ABDOMINAIS"
"masculino","Cable-Half-Kneeling-Pallof-Press_Waist__converted","EXERCÍCIOS NO CABO  OU POLIA/ABDOMINAIS/Cable-Half-Kneeling-Pallof-Press_Waist__converted.gif","EXERCÍCIOS NO CABO  OU POLIA","ABDOMINAIS"
"masculino","Cable-Hanging-Leg-Raise_Waist__converted","EXERCÍCIOS NO CABO  OU POLIA/ABDOMINAIS/Cable-Hanging-Leg-Raise_Waist__converted.gif","EXERCÍCIOS NO CABO  OU POLIA","ABDOMINAIS"
"masculino","Cable-High-to-Low-Woodchopper-(male)_Waist__converted","EXERCÍCIOS NO CABO  OU POLIA/ABDOMINAIS/Cable-High-to-Low-Woodchopper-(male)_Waist__converted.gif","EXERCÍCIOS NO CABO  OU POLIA","ABDOMINAIS"
"masculino","Cable-horizontal-Pallof-Press_waist_converted","EXERCÍCIOS NO CABO  OU POLIA/ABDOMINAIS/Cable-horizontal-Pallof-Press_waist_converted.gif","EXERCÍCIOS NO CABO  OU POLIA","ABDOMINAIS"
"masculino","Cable-Kneeling-Crunch_Waist-FIX2__converted","EXERCÍCIOS NO CABO  OU POLIA/ABDOMINAIS/Cable-Kneeling-Crunch_Waist-FIX2__converted.gif","EXERCÍCIOS NO CABO  OU POLIA","ABDOMINAIS"
"masculino","Cable-Kneeling-Crunch-(VERSION-2)_Waist__converted","EXERCÍCIOS NO CABO  OU POLIA/ABDOMINAIS/Cable-Kneeling-Crunch-(VERSION-2)_Waist__converted.gif","EXERCÍCIOS NO CABO  OU POLIA","ABDOMINAIS"
"masculino","Cable-Kneeling-High-Low-Anti-Rotation-Chop-(male)__converted","EXERCÍCIOS NO CABO  OU POLIA/ABDOMINAIS/Cable-Kneeling-High-Low-Anti-Rotation-Chop-(male)__converted.gif","EXERCÍCIOS NO CABO  OU POLIA","ABDOMINAIS"
"masculino","Cable-Kneeling-Side-Crunch-(male)_Waist__converted","EXERCÍCIOS NO CABO  OU POLIA/ABDOMINAIS/Cable-Kneeling-Side-Crunch-(male)_Waist__converted.gif","EXERCÍCIOS NO CABO  OU POLIA","ABDOMINAIS"
"masculino","Cable-Lying-Hip-Flexion-(Reverse-Squat)-(male)_Hip_converted","EXERCÍCIOS NO CABO  OU POLIA/ABDOMINAIS/Cable-Lying-Hip-Flexion-(Reverse-Squat)-(male)_Hip_converted.gif","EXERCÍCIOS NO CABO  OU POLIA","ABDOMINAIS"
"masculino","Cable-Lying-Single-Leg-Hip-Flexion-(male)_Hips__converted","EXERCÍCIOS NO CABO  OU POLIA/ABDOMINAIS/Cable-Lying-Single-Leg-Hip-Flexion-(male)_Hips__converted.gif","EXERCÍCIOS NO CABO  OU POLIA","ABDOMINAIS"
"masculino","Cable-Oblique-Twist-(male)_Waist__converted","EXERCÍCIOS NO CABO  OU POLIA/ABDOMINAIS/Cable-Oblique-Twist-(male)_Waist__converted.gif","EXERCÍCIOS NO CABO  OU POLIA","ABDOMINAIS"
"masculino","Cable-Reverse-Crunch_Waist__converted","EXERCÍCIOS NO CABO  OU POLIA/ABDOMINAIS/Cable-Reverse-Crunch_Waist__converted.gif","EXERCÍCIOS NO CABO  OU POLIA","ABDOMINAIS"
"masculino","Cable-Reverse-Woodchop-(male)_Waist__converted","EXERCÍCIOS NO CABO  OU POLIA/ABDOMINAIS/Cable-Reverse-Woodchop-(male)_Waist__converted.gif","EXERCÍCIOS NO CABO  OU POLIA","ABDOMINAIS"
"masculino","Cable-Seated-Crunch_Waist-FIX__converted","EXERCÍCIOS NO CABO  OU POLIA/ABDOMINAIS/Cable-Seated-Crunch_Waist-FIX__converted.gif","EXERCÍCIOS NO CABO  OU POLIA","ABDOMINAIS"
"masculino","Cable-Side-Bend_Waist_converted","EXERCÍCIOS NO CABO  OU POLIA/ABDOMINAIS/Cable-Side-Bend_Waist_converted.gif","EXERCÍCIOS NO CABO  OU POLIA","ABDOMINAIS"
"masculino","Cable-Side-Bend-(VERSION-2)_Waist__converted","EXERCÍCIOS NO CABO  OU POLIA/ABDOMINAIS/Cable-Side-Bend-(VERSION-2)_Waist__converted.gif","EXERCÍCIOS NO CABO  OU POLIA","ABDOMINAIS"
"masculino","Cable-Single-Arm-High-to-Low-Woodchopper-(male)_Wa_converted","EXERCÍCIOS NO CABO  OU POLIA/ABDOMINAIS/Cable-Single-Arm-High-to-Low-Woodchopper-(male)_Wa_converted.gif","EXERCÍCIOS NO CABO  OU POLIA","ABDOMINAIS"
"masculino","Cable-Standing-Backhand-(male)_Waist__converted","EXERCÍCIOS NO CABO  OU POLIA/ABDOMINAIS/Cable-Standing-Backhand-(male)_Waist__converted.gif","EXERCÍCIOS NO CABO  OU POLIA","ABDOMINAIS"
"masculino","Cable-Standing-Crunch-(with-rope-attachment)_Waist_converted","EXERCÍCIOS NO CABO  OU POLIA/ABDOMINAIS/Cable-Standing-Crunch-(with-rope-attachment)_Waist_converted.gif","EXERCÍCIOS NO CABO  OU POLIA","ABDOMINAIS"
"masculino","Cable-Standing-Lift_waist_converted","EXERCÍCIOS NO CABO  OU POLIA/ABDOMINAIS/Cable-Standing-Lift_waist_converted.gif","EXERCÍCIOS NO CABO  OU POLIA","ABDOMINAIS"
"masculino","Cable-Standing-One-Arm-Serratus-(Obliques)-crunch_Waist_converted","EXERCÍCIOS NO CABO  OU POLIA/ABDOMINAIS/Cable-Standing-One-Arm-Serratus-(Obliques)-crunch_Waist_converted.gif","EXERCÍCIOS NO CABO  OU POLIA","ABDOMINAIS"
"masculino","Cable-Standing-Serratus-(Obliques)-crunch_Waist_converted","EXERCÍCIOS NO CABO  OU POLIA/ABDOMINAIS/Cable-Standing-Serratus-(Obliques)-crunch_Waist_converted.gif","EXERCÍCIOS NO CABO  OU POLIA","ABDOMINAIS"
"masculino","Cable-Standing-Wood-Chopper-(male)_Waist__converted","EXERCÍCIOS NO CABO  OU POLIA/ABDOMINAIS/Cable-Standing-Wood-Chopper-(male)_Waist__converted.gif","EXERCÍCIOS NO CABO  OU POLIA","ABDOMINAIS"
"masculino","Cable-Tuck-Reverse-Crunch_waist_converted","EXERCÍCIOS NO CABO  OU POLIA/ABDOMINAIS/Cable-Tuck-Reverse-Crunch_waist_converted.gif","EXERCÍCIOS NO CABO  OU POLIA","ABDOMINAIS"
"masculino","Cable-Twist_Waist__converted","EXERCÍCIOS NO CABO  OU POLIA/ABDOMINAIS/Cable-Twist_Waist__converted.gif","EXERCÍCIOS NO CABO  OU POLIA","ABDOMINAIS"
"masculino","Cable-twist-(up-down)_Waist_converted","EXERCÍCIOS NO CABO  OU POLIA/ABDOMINAIS/Cable-twist-(up-down)_Waist_converted.gif","EXERCÍCIOS NO CABO  OU POLIA","ABDOMINAIS"
"masculino","Cable-twisting-overhead-press_shoulders_converted","EXERCÍCIOS NO CABO  OU POLIA/ABDOMINAIS/Cable-twisting-overhead-press_shoulders_converted.gif","EXERCÍCIOS NO CABO  OU POLIA","ABDOMINAIS"
"masculino","Cable-Forearm-Pronation-(male)_Forearms__converted","EXERCÍCIOS NO CABO  OU POLIA/ANDEBRAÇO/Cable-Forearm-Pronation-(male)_Forearms__converted.gif","EXERCÍCIOS NO CABO  OU POLIA","ANDEBRAÇO"
"masculino","Cable-Forearm-Pronation-(male)_Forearms-FIX__converted","EXERCÍCIOS NO CABO  OU POLIA/ANDEBRAÇO/Cable-Forearm-Pronation-(male)_Forearms-FIX__converted.gif","EXERCÍCIOS NO CABO  OU POLIA","ANDEBRAÇO"
"masculino","Cable-Reverse-One-Arm-Curl_Forearms__converted","EXERCÍCIOS NO CABO  OU POLIA/ANDEBRAÇO/Cable-Reverse-One-Arm-Curl_Forearms__converted.gif","EXERCÍCIOS NO CABO  OU POLIA","ANDEBRAÇO"
"masculino","Cable-Reverse-Preacher-Curl_Forearms__converted","EXERCÍCIOS NO CABO  OU POLIA/ANDEBRAÇO/Cable-Reverse-Preacher-Curl_Forearms__converted.gif","EXERCÍCIOS NO CABO  OU POLIA","ANDEBRAÇO"
"masculino","Cable-Reverse-Wrist-Curl_Forearms__converted","EXERCÍCIOS NO CABO  OU POLIA/ANDEBRAÇO/Cable-Reverse-Wrist-Curl_Forearms__converted.gif","EXERCÍCIOS NO CABO  OU POLIA","ANDEBRAÇO"
"masculino","Cable-Standing-Back-Wrist-Curl_Forearms__converted","EXERCÍCIOS NO CABO  OU POLIA/ANDEBRAÇO/Cable-Standing-Back-Wrist-Curl_Forearms__converted.gif","EXERCÍCIOS NO CABO  OU POLIA","ANDEBRAÇO"
"masculino","Cable-Standing-Reverse-Curl-(SZ-bar)_Upper-arms__converted","EXERCÍCIOS NO CABO  OU POLIA/ANDEBRAÇO/Cable-Standing-Reverse-Curl-(SZ-bar)_Upper-arms__converted.gif","EXERCÍCIOS NO CABO  OU POLIA","ANDEBRAÇO"
"masculino","Cable-Standing-Reverse-Grip-Curl-(Straight-bar)_Fo_converted","EXERCÍCIOS NO CABO  OU POLIA/ANDEBRAÇO/Cable-Standing-Reverse-Grip-Curl-(Straight-bar)_Fo_converted.gif","EXERCÍCIOS NO CABO  OU POLIA","ANDEBRAÇO"
"masculino","Cable-Standing-Wrist-Curl_Forearms__converted","EXERCÍCIOS NO CABO  OU POLIA/ANDEBRAÇO/Cable-Standing-Wrist-Curl_Forearms__converted.gif","EXERCÍCIOS NO CABO  OU POLIA","ANDEBRAÇO"
"masculino","Cable-Standing-Wrist-Reverse-Curl_Forearms__converted","EXERCÍCIOS NO CABO  OU POLIA/ANDEBRAÇO/Cable-Standing-Wrist-Reverse-Curl_Forearms__converted.gif","EXERCÍCIOS NO CABO  OU POLIA","ANDEBRAÇO"
"masculino","Cable-Standing-Wrist-Roll_Forearms__converted","EXERCÍCIOS NO CABO  OU POLIA/ANDEBRAÇO/Cable-Standing-Wrist-Roll_Forearms__converted.gif","EXERCÍCIOS NO CABO  OU POLIA","ANDEBRAÇO"
"masculino","Cable-Wrist-Curl_Forearms-FIX__converted","EXERCÍCIOS NO CABO  OU POLIA/ANDEBRAÇO/Cable-Wrist-Curl_Forearms-FIX__converted.gif","EXERCÍCIOS NO CABO  OU POLIA","ANDEBRAÇO"
"masculino","Cable-Biceps-Curl-(SZ-bar)_Upper-arms_converted","EXERCÍCIOS NO CABO  OU POLIA/BICEPS/Cable-Biceps-Curl-(SZ-bar)_Upper-arms_converted.gif","EXERCÍCIOS NO CABO  OU POLIA","BICEPS"
"masculino","Cable-Close-Grip-Curl_Upper-Arms__converted","EXERCÍCIOS NO CABO  OU POLIA/BICEPS/Cable-Close-Grip-Curl_Upper-Arms__converted.gif","EXERCÍCIOS NO CABO  OU POLIA","BICEPS"
"masculino","Cable-Cross-Body-Hammer-Curl-(male)_Upper-Arms__converted","EXERCÍCIOS NO CABO  OU POLIA/BICEPS/Cable-Cross-Body-Hammer-Curl-(male)_Upper-Arms__converted.gif","EXERCÍCIOS NO CABO  OU POLIA","BICEPS"
"masculino","Cable-Curl-(male)_Upper-Arms-FIX__converted","EXERCÍCIOS NO CABO  OU POLIA/BICEPS/Cable-Curl-(male)_Upper-Arms-FIX__converted.gif","EXERCÍCIOS NO CABO  OU POLIA","BICEPS"
"masculino","Cable-Curl-with-Multipurpose-V-bar_Forearms__converted","EXERCÍCIOS NO CABO  OU POLIA/BICEPS/Cable-Curl-with-Multipurpose-V-bar_Forearms__converted.gif","EXERCÍCIOS NO CABO  OU POLIA","BICEPS"
"masculino","Cable-Drag-Curl_Upper-Arms__converted","EXERCÍCIOS NO CABO  OU POLIA/BICEPS/Cable-Drag-Curl_Upper-Arms__converted.gif","EXERCÍCIOS NO CABO  OU POLIA","BICEPS"
"masculino","Cable-Hammer-Curl-(with-rope)-(male)_Forearms__converted","EXERCÍCIOS NO CABO  OU POLIA/BICEPS/Cable-Hammer-Curl-(with-rope)-(male)_Forearms__converted.gif","EXERCÍCIOS NO CABO  OU POLIA","BICEPS"
"masculino","Cable-Incline-Biceps-Curl_Upper-Arms__converted","EXERCÍCIOS NO CABO  OU POLIA/BICEPS/Cable-Incline-Biceps-Curl_Upper-Arms__converted.gif","EXERCÍCIOS NO CABO  OU POLIA","BICEPS"
"masculino","Cable-Incline-Inner-Biceps-Curl_Upper-Arms__converted","EXERCÍCIOS NO CABO  OU POLIA/BICEPS/Cable-Incline-Inner-Biceps-Curl_Upper-Arms__converted.gif","EXERCÍCIOS NO CABO  OU POLIA","BICEPS"
"masculino","Cable-Lying-Bicep-Curl_Upper-Arms__converted","EXERCÍCIOS NO CABO  OU POLIA/BICEPS/Cable-Lying-Bicep-Curl_Upper-Arms__converted.gif","EXERCÍCIOS NO CABO  OU POLIA","BICEPS"
"masculino","Cable-Lying-Biceps-Curl-(VERSION-2)_Upper-Arms__converted","EXERCÍCIOS NO CABO  OU POLIA/BICEPS/Cable-Lying-Biceps-Curl-(VERSION-2)_Upper-Arms__converted.gif","EXERCÍCIOS NO CABO  OU POLIA","BICEPS"
"masculino","Cable-Neutral-Grip-Biceps-Curl_Upper-Arms__converted","EXERCÍCIOS NO CABO  OU POLIA/BICEPS/Cable-Neutral-Grip-Biceps-Curl_Upper-Arms__converted.gif","EXERCÍCIOS NO CABO  OU POLIA","BICEPS"
"masculino","Cable-One-Arm-Biceps-Curl-(VERSION-2)_Upper-Arms__converted","EXERCÍCIOS NO CABO  OU POLIA/BICEPS/Cable-One-Arm-Biceps-Curl-(VERSION-2)_Upper-Arms__converted.gif","EXERCÍCIOS NO CABO  OU POLIA","BICEPS"
"masculino","Cable-One-Arm-Curl_Upper-Arms_converted","EXERCÍCIOS NO CABO  OU POLIA/BICEPS/Cable-One-Arm-Curl_Upper-Arms_converted.gif","EXERCÍCIOS NO CABO  OU POLIA","BICEPS"
"masculino","Cable-One-Arm-Inner-Biceps-Curl_Upper-Arms__converted","EXERCÍCIOS NO CABO  OU POLIA/BICEPS/Cable-One-Arm-Inner-Biceps-Curl_Upper-Arms__converted.gif","EXERCÍCIOS NO CABO  OU POLIA","BICEPS"
"masculino","Cable-One-Arm-Neutral-Grip-Biceps-Curl_Upper-Arms__converted","EXERCÍCIOS NO CABO  OU POLIA/BICEPS/Cable-One-Arm-Neutral-Grip-Biceps-Curl_Upper-Arms__converted.gif","EXERCÍCIOS NO CABO  OU POLIA","BICEPS"
"masculino","Cable-One-Arm-Preacher-Curl_Upper-Arms__converted","EXERCÍCIOS NO CABO  OU POLIA/BICEPS/Cable-One-Arm-Preacher-Curl_Upper-Arms__converted.gif","EXERCÍCIOS NO CABO  OU POLIA","BICEPS"
"masculino","Cable-Overhead-Curl_Upper-Arms_converted","EXERCÍCIOS NO CABO  OU POLIA/BICEPS/Cable-Overhead-Curl_Upper-Arms_converted.gif","EXERCÍCIOS NO CABO  OU POLIA","BICEPS"
"masculino","Cable-Preacher-Curl_Upper-Arms__converted","EXERCÍCIOS NO CABO  OU POLIA/BICEPS/Cable-Preacher-Curl_Upper-Arms__converted.gif","EXERCÍCIOS NO CABO  OU POLIA","BICEPS"
"masculino","Cable-Preacher-Curl-(rope-attachment)_Upper-Arms__converted","EXERCÍCIOS NO CABO  OU POLIA/BICEPS/Cable-Preacher-Curl-(rope-attachment)_Upper-Arms__converted.gif","EXERCÍCIOS NO CABO  OU POLIA","BICEPS"
"masculino","Cable-Rope-Hammer-Preacher-Curl_Upper-Arms__converted","EXERCÍCIOS NO CABO  OU POLIA/BICEPS/Cable-Rope-Hammer-Preacher-Curl_Upper-Arms__converted.gif","EXERCÍCIOS NO CABO  OU POLIA","BICEPS"
"masculino","Cable-Seated-One-Arm-Concentration-Curl_Upper-Arms_converted","EXERCÍCIOS NO CABO  OU POLIA/BICEPS/Cable-Seated-One-Arm-Concentration-Curl_Upper-Arms_converted.gif","EXERCÍCIOS NO CABO  OU POLIA","BICEPS"
"masculino","Cable-Seated-Overhead-Curl_Upper-Arms__converted","EXERCÍCIOS NO CABO  OU POLIA/BICEPS/Cable-Seated-Overhead-Curl_Upper-Arms__converted.gif","EXERCÍCIOS NO CABO  OU POLIA","BICEPS"
"masculino","Cable-Seated-Overhead-Curl-(SZ-Bar)_Upper-Arms__converted","EXERCÍCIOS NO CABO  OU POLIA/BICEPS/Cable-Seated-Overhead-Curl-(SZ-Bar)_Upper-Arms__converted.gif","EXERCÍCIOS NO CABO  OU POLIA","BICEPS"
"masculino","Cable-Seated-Single-Arm-Unilateral-Bicep-Curl_Uppe_converted","EXERCÍCIOS NO CABO  OU POLIA/BICEPS/Cable-Seated-Single-Arm-Unilateral-Bicep-Curl_Uppe_converted.gif","EXERCÍCIOS NO CABO  OU POLIA","BICEPS"
"masculino","Cable-Seated-Unilateral-Bicep-Curl_Upper-Arms__converted","EXERCÍCIOS NO CABO  OU POLIA/BICEPS/Cable-Seated-Unilateral-Bicep-Curl_Upper-Arms__converted.gif","EXERCÍCIOS NO CABO  OU POLIA","BICEPS"
"masculino","Cable-Squatting-Curl_Upper-Arms_converted","EXERCÍCIOS NO CABO  OU POLIA/BICEPS/Cable-Squatting-Curl_Upper-Arms_converted.gif","EXERCÍCIOS NO CABO  OU POLIA","BICEPS"
"masculino","Cable-Standing-Inner-Curl_Upper-Arms_converted","EXERCÍCIOS NO CABO  OU POLIA/BICEPS/Cable-Standing-Inner-Curl_Upper-Arms_converted.gif","EXERCÍCIOS NO CABO  OU POLIA","BICEPS"
"masculino","Cable-Standing-Pulldown-(with-rope)_Forearms__converted","EXERCÍCIOS NO CABO  OU POLIA/BICEPS/Cable-Standing-Pulldown-(with-rope)_Forearms__converted.gif","EXERCÍCIOS NO CABO  OU POLIA","BICEPS"
"masculino","Cable-Standing-Single-Arm-Preacher-Curl-(male)_Upp_converted","EXERCÍCIOS NO CABO  OU POLIA/BICEPS/Cable-Standing-Single-Arm-Preacher-Curl-(male)_Upp_converted.gif","EXERCÍCIOS NO CABO  OU POLIA","BICEPS"
"masculino","Cable-SZ-bar-Close-Grip-Curl_Upper-Arms__converted","EXERCÍCIOS NO CABO  OU POLIA/BICEPS/Cable-SZ-bar-Close-Grip-Curl_Upper-Arms__converted.gif","EXERCÍCIOS NO CABO  OU POLIA","BICEPS"
"masculino","Cable-Unilateral-Bicep-Curl_Upper-Arms__converted","EXERCÍCIOS NO CABO  OU POLIA/BICEPS/Cable-Unilateral-Bicep-Curl_Upper-Arms__converted.gif","EXERCÍCIOS NO CABO  OU POLIA","BICEPS"
"masculino","Cable-45-degrees-Reverse-Fly-(male)_Shoulders__converted","EXERCÍCIOS NO CABO  OU POLIA/COSTAS/Cable-45-degrees-Reverse-Fly-(male)_Shoulders__converted.gif","EXERCÍCIOS NO CABO  OU POLIA","COSTAS"
"masculino","Cable-Bar-Lateral-Pulldown_Back_converted","EXERCÍCIOS NO CABO  OU POLIA/COSTAS/Cable-Bar-Lateral-Pulldown_Back_converted.gif","EXERCÍCIOS NO CABO  OU POLIA","COSTAS"
"masculino","Cable-Bent-Over-Neutral-Grip-Kickback-with-Rope-Attachment_Upper-Arms__converted","EXERCÍCIOS NO CABO  OU POLIA/COSTAS/Cable-Bent-Over-Neutral-Grip-Kickback-with-Rope-Attachment_Upper-Arms__converted.gif","EXERCÍCIOS NO CABO  OU POLIA","COSTAS"
"masculino","Cable-Bent-Over-One-Arm-Lateral-Raise_Shoulders__converted","EXERCÍCIOS NO CABO  OU POLIA/COSTAS/Cable-Bent-Over-One-Arm-Lateral-Raise_Shoulders__converted.gif","EXERCÍCIOS NO CABO  OU POLIA","COSTAS"
"masculino","Cable-Bent-Over-Reverse-Grip-Row_Back__converted","EXERCÍCIOS NO CABO  OU POLIA/COSTAS/Cable-Bent-Over-Reverse-Grip-Row_Back__converted.gif","EXERCÍCIOS NO CABO  OU POLIA","COSTAS"
"masculino","Cable-Bent-Over-Row_Back__converted","EXERCÍCIOS NO CABO  OU POLIA/COSTAS/Cable-Bent-Over-Row_Back__converted.gif","EXERCÍCIOS NO CABO  OU POLIA","COSTAS"
"masculino","Cable-Close-Grip-Front-Lat-Pulldown_Back_converted","EXERCÍCIOS NO CABO  OU POLIA/COSTAS/Cable-Close-Grip-Front-Lat-Pulldown_Back_converted.gif","EXERCÍCIOS NO CABO  OU POLIA","COSTAS"
"masculino","Cable-Cross-over-Lateral-Pulldown_Back_converted","EXERCÍCIOS NO CABO  OU POLIA/COSTAS/Cable-Cross-over-Lateral-Pulldown_Back_converted.gif","EXERCÍCIOS NO CABO  OU POLIA","COSTAS"
"masculino","Cable-Cross-over-Revers-Fly_Shoulders_converted","EXERCÍCIOS NO CABO  OU POLIA/COSTAS/Cable-Cross-over-Revers-Fly_Shoulders_converted.gif","EXERCÍCIOS NO CABO  OU POLIA","COSTAS"
"masculino","Cable-Decline-Seated-Wide-grip-Row_Back_converted","EXERCÍCIOS NO CABO  OU POLIA/COSTAS/Cable-Decline-Seated-Wide-grip-Row_Back_converted.gif","EXERCÍCIOS NO CABO  OU POLIA","COSTAS"
"masculino","Cable-Elevated-Row_Back__converted","EXERCÍCIOS NO CABO  OU POLIA/COSTAS/Cable-Elevated-Row_Back__converted.gif","EXERCÍCIOS NO CABO  OU POLIA","COSTAS"
"masculino","Cable-Front-Seated-Row-(male)_Back__converted","EXERCÍCIOS NO CABO  OU POLIA/COSTAS/Cable-Front-Seated-Row-(male)_Back__converted.gif","EXERCÍCIOS NO CABO  OU POLIA","COSTAS"
"masculino","Cable-Half-Kneeling-External-Rotation-Press-(male)_converted","EXERCÍCIOS NO CABO  OU POLIA/COSTAS/Cable-Half-Kneeling-External-Rotation-Press-(male)_converted.gif","EXERCÍCIOS NO CABO  OU POLIA","COSTAS"
"masculino","Cable-Half-Kneeling-Face-Pull_Shoulders__converted","EXERCÍCIOS NO CABO  OU POLIA/COSTAS/Cable-Half-Kneeling-Face-Pull_Shoulders__converted.gif","EXERCÍCIOS NO CABO  OU POLIA","COSTAS"
"masculino","Cable-Half-Kneeling-Single-Arm-Row-(male)_Back__converted","EXERCÍCIOS NO CABO  OU POLIA/COSTAS/Cable-Half-Kneeling-Single-Arm-Row-(male)_Back__converted.gif","EXERCÍCIOS NO CABO  OU POLIA","COSTAS"
"masculino","Cable-Half-Kneeling-Single-Arm-Row-(VERSION-2)-(ma_converted","EXERCÍCIOS NO CABO  OU POLIA/COSTAS/Cable-Half-Kneeling-Single-Arm-Row-(VERSION-2)-(ma_converted.gif","EXERCÍCIOS NO CABO  OU POLIA","COSTAS"
"masculino","Cable-High-Row_Back__converted","EXERCÍCIOS NO CABO  OU POLIA/COSTAS/Cable-High-Row_Back__converted.gif","EXERCÍCIOS NO CABO  OU POLIA","COSTAS"
"masculino","Cable-High-Row-with-Chest-Support_Back__converted","EXERCÍCIOS NO CABO  OU POLIA/COSTAS/Cable-High-Row-with-Chest-Support_Back__converted.gif","EXERCÍCIOS NO CABO  OU POLIA","COSTAS"
"masculino","Cable-Incline-Pushdown_Back__converted","EXERCÍCIOS NO CABO  OU POLIA/COSTAS/Cable-Incline-Pushdown_Back__converted.gif","EXERCÍCIOS NO CABO  OU POLIA","COSTAS"
"masculino","Cable-Incline-Rear-Delt-Fly-with-Back-Support-(mal_converted","EXERCÍCIOS NO CABO  OU POLIA/COSTAS/Cable-Incline-Rear-Delt-Fly-with-Back-Support-(mal_converted.gif","EXERCÍCIOS NO CABO  OU POLIA","COSTAS"
"masculino","Cable-Incline-Single-Arm-Lat-Pulldown-(male)_Back__converted","EXERCÍCIOS NO CABO  OU POLIA/COSTAS/Cable-Incline-Single-Arm-Lat-Pulldown-(male)_Back__converted.gif","EXERCÍCIOS NO CABO  OU POLIA","COSTAS"
"masculino","Cable-Kneeling-One-Arm-Lat-Pulldown_Back__converted","EXERCÍCIOS NO CABO  OU POLIA/COSTAS/Cable-Kneeling-One-Arm-Lat-Pulldown_Back__converted.gif","EXERCÍCIOS NO CABO  OU POLIA","COSTAS"
"masculino","Cable-Kneeling-Rear-Delt-Row-(with-rope)-(male)_Sh_converted","EXERCÍCIOS NO CABO  OU POLIA/COSTAS/Cable-Kneeling-Rear-Delt-Row-(with-rope)-(male)_Sh_converted.gif","EXERCÍCIOS NO CABO  OU POLIA","COSTAS"
"masculino","Cable-Kneeling-Shoulder-External-Rotation-(male)_B_converted","EXERCÍCIOS NO CABO  OU POLIA/COSTAS/Cable-Kneeling-Shoulder-External-Rotation-(male)_B_converted.gif","EXERCÍCIOS NO CABO  OU POLIA","COSTAS"
"masculino","Cable-Kneeling-Shoulder-Internal-Rotation-(male)_B_converted","EXERCÍCIOS NO CABO  OU POLIA/COSTAS/Cable-Kneeling-Shoulder-Internal-Rotation-(male)_B_converted.gif","EXERCÍCIOS NO CABO  OU POLIA","COSTAS"
"masculino","Cable-Lat-Pulldown-Full-Range-Of-Motion_Back__converted","EXERCÍCIOS NO CABO  OU POLIA/COSTAS/Cable-Lat-Pulldown-Full-Range-Of-Motion_Back__converted.gif","EXERCÍCIOS NO CABO  OU POLIA","COSTAS"
"masculino","Cable-Lateral-Pulldown-(with-rope-attachment)_Back_converted","EXERCÍCIOS NO CABO  OU POLIA/COSTAS/Cable-Lateral-Pulldown-(with-rope-attachment)_Back_converted.gif","EXERCÍCIOS NO CABO  OU POLIA","COSTAS"
"masculino","Cable-Lateral-Pulldown-with-Mag-Grip_Back__converted","EXERCÍCIOS NO CABO  OU POLIA/COSTAS/Cable-Lateral-Pulldown-with-Mag-Grip_Back__converted.gif","EXERCÍCIOS NO CABO  OU POLIA","COSTAS"
"masculino","Cable-Lateral-Pulldown-with-V-bar_Back__converted","EXERCÍCIOS NO CABO  OU POLIA/COSTAS/Cable-Lateral-Pulldown-with-V-bar_Back__converted.gif","EXERCÍCIOS NO CABO  OU POLIA","COSTAS"
"masculino","Cable-Low-Seated-Row_Back_converted","EXERCÍCIOS NO CABO  OU POLIA/COSTAS/Cable-Low-Seated-Row_Back_converted.gif","EXERCÍCIOS NO CABO  OU POLIA","COSTAS"
"masculino","Cable-Lying-Face-Pull-(male)_Shoulders__converted","EXERCÍCIOS NO CABO  OU POLIA/COSTAS/Cable-Lying-Face-Pull-(male)_Shoulders__converted.gif","EXERCÍCIOS NO CABO  OU POLIA","COSTAS"
"masculino","Cable-Neutral-Grip-Lat-Pulldown-(male)_Back__converted","EXERCÍCIOS NO CABO  OU POLIA/COSTAS/Cable-Neutral-Grip-Lat-Pulldown-(male)_Back__converted.gif","EXERCÍCIOS NO CABO  OU POLIA","COSTAS"
"masculino","Cable-Neutral-Grip-Wide-Pulldown-(VERSION-2)_Back__converted","EXERCÍCIOS NO CABO  OU POLIA/COSTAS/Cable-Neutral-Grip-Wide-Pulldown-(VERSION-2)_Back__converted.gif","EXERCÍCIOS NO CABO  OU POLIA","COSTAS"
"masculino","Cable-Neutral-Grip-Wide-Pulldown-(VERSION-3)_Back__converted","EXERCÍCIOS NO CABO  OU POLIA/COSTAS/Cable-Neutral-Grip-Wide-Pulldown-(VERSION-3)_Back__converted.gif","EXERCÍCIOS NO CABO  OU POLIA","COSTAS"
"masculino","Cable-One-Arm-Bent-over-Row_Back__converted","EXERCÍCIOS NO CABO  OU POLIA/COSTAS/Cable-One-Arm-Bent-over-Row_Back__converted.gif","EXERCÍCIOS NO CABO  OU POLIA","COSTAS"
"masculino","Cable-one-arm-lat-pulldown_back_converted","EXERCÍCIOS NO CABO  OU POLIA/COSTAS/Cable-one-arm-lat-pulldown_back_converted.gif","EXERCÍCIOS NO CABO  OU POLIA","COSTAS"
"masculino","Cable-One-Arm-Pulldown_Back__converted","EXERCÍCIOS NO CABO  OU POLIA/COSTAS/Cable-One-Arm-Pulldown_Back__converted.gif","EXERCÍCIOS NO CABO  OU POLIA","COSTAS"
"masculino","Cable-One-Arm-Reverse-Fly-(male)_Shoulders__converted","EXERCÍCIOS NO CABO  OU POLIA/COSTAS/Cable-One-Arm-Reverse-Fly-(male)_Shoulders__converted.gif","EXERCÍCIOS NO CABO  OU POLIA","COSTAS"
"masculino","Cable-one-arm-twisting-seated-row_back_converted","EXERCÍCIOS NO CABO  OU POLIA/COSTAS/Cable-one-arm-twisting-seated-row_back_converted.gif","EXERCÍCIOS NO CABO  OU POLIA","COSTAS"
"masculino","Cable-Palm-Rotational-Row_Back_converted","EXERCÍCIOS NO CABO  OU POLIA/COSTAS/Cable-Palm-Rotational-Row_Back_converted.gif","EXERCÍCIOS NO CABO  OU POLIA","COSTAS"
"masculino","Cable-Parallel-Grip-Lat-Pulldown-on-Floor_Back__converted","EXERCÍCIOS NO CABO  OU POLIA/COSTAS/Cable-Parallel-Grip-Lat-Pulldown-on-Floor_Back__converted.gif","EXERCÍCIOS NO CABO  OU POLIA","COSTAS"
"masculino","Cable-Pulldown_Back__converted","EXERCÍCIOS NO CABO  OU POLIA/COSTAS/Cable-Pulldown_Back__converted.gif","EXERCÍCIOS NO CABO  OU POLIA","COSTAS"
"masculino","Cable-Pulldown-(pro-lat-bar)_Back__converted","EXERCÍCIOS NO CABO  OU POLIA/COSTAS/Cable-Pulldown-(pro-lat-bar)_Back__converted.gif","EXERCÍCIOS NO CABO  OU POLIA","COSTAS"
"masculino","Cable-Pushdown-(straight-arm)-(VERSION-2)_Back__converted","EXERCÍCIOS NO CABO  OU POLIA/COSTAS/Cable-Pushdown-(straight-arm)-(VERSION-2)_Back__converted.gif","EXERCÍCIOS NO CABO  OU POLIA","COSTAS"
"masculino","Cable-Rear-Delt-Row_Shoulders__converted","EXERCÍCIOS NO CABO  OU POLIA/COSTAS/Cable-Rear-Delt-Row_Shoulders__converted.gif","EXERCÍCIOS NO CABO  OU POLIA","COSTAS"
"masculino","Cable-Rear-Delt-Row-(parallel-bar)_Shoulders__converted","EXERCÍCIOS NO CABO  OU POLIA/COSTAS/Cable-Rear-Delt-Row-(parallel-bar)_Shoulders__converted.gif","EXERCÍCIOS NO CABO  OU POLIA","COSTAS"
"masculino","Cable-Rear-Delt-Row-(with-rope)_Shoulders_converted","EXERCÍCIOS NO CABO  OU POLIA/COSTAS/Cable-Rear-Delt-Row-(with-rope)_Shoulders_converted.gif","EXERCÍCIOS NO CABO  OU POLIA","COSTAS"
"masculino","Cable-Rear-Drive_Upper-Arms__converted","EXERCÍCIOS NO CABO  OU POLIA/COSTAS/Cable-Rear-Drive_Upper-Arms__converted.gif","EXERCÍCIOS NO CABO  OU POLIA","COSTAS"
"masculino","Cable-Rear-Pulldown_Back_converted","EXERCÍCIOS NO CABO  OU POLIA/COSTAS/Cable-Rear-Pulldown_Back_converted.gif","EXERCÍCIOS NO CABO  OU POLIA","COSTAS"
"masculino","Cable-Reverse-Grip-Pulldown_Back__converted","EXERCÍCIOS NO CABO  OU POLIA/COSTAS/Cable-Reverse-Grip-Pulldown_Back__converted.gif","EXERCÍCIOS NO CABO  OU POLIA","COSTAS"
"masculino","Cable-Reverse-grip-Straight-Back-Seated-High-Row_Back_converted","EXERCÍCIOS NO CABO  OU POLIA/COSTAS/Cable-Reverse-grip-Straight-Back-Seated-High-Row_Back_converted.gif","EXERCÍCIOS NO CABO  OU POLIA","COSTAS"
"masculino","Cable-Rope-Crossover-Seated-Row_Back__converted","EXERCÍCIOS NO CABO  OU POLIA/COSTAS/Cable-Rope-Crossover-Seated-Row_Back__converted.gif","EXERCÍCIOS NO CABO  OU POLIA","COSTAS"
"masculino","Cable-Rope-Seated-Row_Back__converted","EXERCÍCIOS NO CABO  OU POLIA/COSTAS/Cable-Rope-Seated-Row_Back__converted.gif","EXERCÍCIOS NO CABO  OU POLIA","COSTAS"
"masculino","Cable-Seated-Face-Pull-(with-rope)-(male)_Shoulder_converted","EXERCÍCIOS NO CABO  OU POLIA/COSTAS/Cable-Seated-Face-Pull-(with-rope)-(male)_Shoulder_converted.gif","EXERCÍCIOS NO CABO  OU POLIA","COSTAS"
"masculino","Cable-Seated-High-Row-(V-bar)_Back_converted","EXERCÍCIOS NO CABO  OU POLIA/COSTAS/Cable-Seated-High-Row-(V-bar)_Back_converted.gif","EXERCÍCIOS NO CABO  OU POLIA","COSTAS"
"masculino","Cable-Seated-Lats-Focused-Row_Back__converted","EXERCÍCIOS NO CABO  OU POLIA/COSTAS/Cable-Seated-Lats-Focused-Row_Back__converted.gif","EXERCÍCIOS NO CABO  OU POLIA","COSTAS"
"masculino","Cable-Seated-on-Floor-Row-with-Rope_Back__converted","EXERCÍCIOS NO CABO  OU POLIA/COSTAS/Cable-Seated-on-Floor-Row-with-Rope_Back__converted.gif","EXERCÍCIOS NO CABO  OU POLIA","COSTAS"
"masculino","Cable-Seated-One-Arm-Alternate-Row_Back_converted","EXERCÍCIOS NO CABO  OU POLIA/COSTAS/Cable-Seated-One-Arm-Alternate-Row_Back_converted.gif","EXERCÍCIOS NO CABO  OU POLIA","COSTAS"
"masculino","Cable-Seated-Rear-Lateral-Raise_Shoulders_converted","EXERCÍCIOS NO CABO  OU POLIA/COSTAS/Cable-Seated-Rear-Lateral-Raise_Shoulders_converted.gif","EXERCÍCIOS NO CABO  OU POLIA","COSTAS"
"masculino","Cable-Seated-Reverse-Shrug-(male)_Back__converted","EXERCÍCIOS NO CABO  OU POLIA/COSTAS/Cable-Seated-Reverse-Shrug-(male)_Back__converted.gif","EXERCÍCIOS NO CABO  OU POLIA","COSTAS"
"masculino","Cable-Seated-Row_Back-FIX__converted","EXERCÍCIOS NO CABO  OU POLIA/COSTAS/Cable-Seated-Row_Back-FIX__converted.gif","EXERCÍCIOS NO CABO  OU POLIA","COSTAS"
"masculino","Cable-Seated-Row-with-V-bar_Back-FIX__converted","EXERCÍCIOS NO CABO  OU POLIA/COSTAS/Cable-Seated-Row-with-V-bar_Back-FIX__converted.gif","EXERCÍCIOS NO CABO  OU POLIA","COSTAS"
"masculino","Cable-Seated-Supine-grip-Row-(male)_Back__converted","EXERCÍCIOS NO CABO  OU POLIA/COSTAS/Cable-Seated-Supine-grip-Row-(male)_Back__converted.gif","EXERCÍCIOS NO CABO  OU POLIA","COSTAS"
"masculino","Cable-Seated-Wide-grip-Row_Back-FIX__converted","EXERCÍCIOS NO CABO  OU POLIA/COSTAS/Cable-Seated-Wide-grip-Row_Back-FIX__converted.gif","EXERCÍCIOS NO CABO  OU POLIA","COSTAS"
"masculino","Cable-Shoulder-90-degrees-External-Rotation_Back__converted","EXERCÍCIOS NO CABO  OU POLIA/COSTAS/Cable-Shoulder-90-degrees-External-Rotation_Back__converted.gif","EXERCÍCIOS NO CABO  OU POLIA","COSTAS"
"masculino","Cable-Single-Arm-High-Row_Back__converted","EXERCÍCIOS NO CABO  OU POLIA/COSTAS/Cable-Single-Arm-High-Row_Back__converted.gif","EXERCÍCIOS NO CABO  OU POLIA","COSTAS"
"masculino","Cable-Single-Arm-High-Row-with-Chest-Support_Back__converted","EXERCÍCIOS NO CABO  OU POLIA/COSTAS/Cable-Single-Arm-High-Row-with-Chest-Support_Back__converted.gif","EXERCÍCIOS NO CABO  OU POLIA","COSTAS"
"masculino","Cable-Single-Arm-High-Scapular-Row_Back__converted","EXERCÍCIOS NO CABO  OU POLIA/COSTAS/Cable-Single-Arm-High-Scapular-Row_Back__converted.gif","EXERCÍCIOS NO CABO  OU POLIA","COSTAS"
"masculino","Cable-Single-Arm-Low-Scapular-Row_Back__converted","EXERCÍCIOS NO CABO  OU POLIA/COSTAS/Cable-Single-Arm-Low-Scapular-Row_Back__converted.gif","EXERCÍCIOS NO CABO  OU POLIA","COSTAS"
"masculino","Cable-Split-Stance-Single-Arm-Row-(male)_Back__converted","EXERCÍCIOS NO CABO  OU POLIA/COSTAS/Cable-Split-Stance-Single-Arm-Row-(male)_Back__converted.gif","EXERCÍCIOS NO CABO  OU POLIA","COSTAS"
"masculino","Cable-Standing-Close-Grip-Row_Back__converted","EXERCÍCIOS NO CABO  OU POLIA/COSTAS/Cable-Standing-Close-Grip-Row_Back__converted.gif","EXERCÍCIOS NO CABO  OU POLIA","COSTAS"
"masculino","Cable-Standing-Cross-over-High-Reverse-Fly_Shoulders__converted","EXERCÍCIOS NO CABO  OU POLIA/COSTAS/Cable-Standing-Cross-over-High-Reverse-Fly_Shoulders__converted.gif","EXERCÍCIOS NO CABO  OU POLIA","COSTAS"
"masculino","Cable-Standing-Face-Pull_Shoulders__converted","EXERCÍCIOS NO CABO  OU POLIA/COSTAS/Cable-Standing-Face-Pull_Shoulders__converted.gif","EXERCÍCIOS NO CABO  OU POLIA","COSTAS"
"masculino","Cable-Standing-Face-Pull-(with-rope)_Shoulders_converted","EXERCÍCIOS NO CABO  OU POLIA/COSTAS/Cable-Standing-Face-Pull-(with-rope)_Shoulders_converted.gif","EXERCÍCIOS NO CABO  OU POLIA","COSTAS"
"masculino","Cable-Standing-Lat-Pulldown_Back__converted","EXERCÍCIOS NO CABO  OU POLIA/COSTAS/Cable-Standing-Lat-Pulldown_Back__converted.gif","EXERCÍCIOS NO CABO  OU POLIA","COSTAS"
"masculino","Cable-Standing-Lat-Pushdown-(rope-equipment)_Back-_converted","EXERCÍCIOS NO CABO  OU POLIA/COSTAS/Cable-Standing-Lat-Pushdown-(rope-equipment)_Back-_converted.gif","EXERCÍCIOS NO CABO  OU POLIA","COSTAS"
"masculino","Cable-Standing-One-Arm-Face-Pull_Shoulders__converted","EXERCÍCIOS NO CABO  OU POLIA/COSTAS/Cable-Standing-One-Arm-Face-Pull_Shoulders__converted.gif","EXERCÍCIOS NO CABO  OU POLIA","COSTAS"
"masculino","Cable-Standing-Rear-Delt-Row-(with-rope)_Shoulder__converted","EXERCÍCIOS NO CABO  OU POLIA/COSTAS/Cable-Standing-Rear-Delt-Row-(with-rope)_Shoulder__converted.gif","EXERCÍCIOS NO CABO  OU POLIA","COSTAS"
"masculino","Cable-Standing-Row_Back__converted","EXERCÍCIOS NO CABO  OU POLIA/COSTAS/Cable-Standing-Row_Back__converted.gif","EXERCÍCIOS NO CABO  OU POLIA","COSTAS"
"masculino","Cable-Standing-Shoulder-External-Rotation_Back-FIX_converted","EXERCÍCIOS NO CABO  OU POLIA/COSTAS/Cable-Standing-Shoulder-External-Rotation_Back-FIX_converted.gif","EXERCÍCIOS NO CABO  OU POLIA","COSTAS"
"masculino","Cable-Standing-Single-Delt-Row-(male)_Shoulders__converted","EXERCÍCIOS NO CABO  OU POLIA/COSTAS/Cable-Standing-Single-Delt-Row-(male)_Shoulders__converted.gif","EXERCÍCIOS NO CABO  OU POLIA","COSTAS"
"masculino","Cable-Standing-Single-Delt-Row-(VERSION-2)-(male)__converted","EXERCÍCIOS NO CABO  OU POLIA/COSTAS/Cable-Standing-Single-Delt-Row-(VERSION-2)-(male)__converted.gif","EXERCÍCIOS NO CABO  OU POLIA","COSTAS"
"masculino","Cable-Standing-Supinated-Face-Pull-(with-rope)_Sho_converted","EXERCÍCIOS NO CABO  OU POLIA/COSTAS/Cable-Standing-Supinated-Face-Pull-(with-rope)_Sho_converted.gif","EXERCÍCIOS NO CABO  OU POLIA","COSTAS"
"masculino","Cable-Standing-Y-raise-(VERSION-2)-(male)_Shoulder_converted","EXERCÍCIOS NO CABO  OU POLIA/COSTAS/Cable-Standing-Y-raise-(VERSION-2)-(male)_Shoulder_converted.gif","EXERCÍCIOS NO CABO  OU POLIA","COSTAS"
"masculino","Cable-Straight-Arm-Pulldown_Back-FIX__converted","EXERCÍCIOS NO CABO  OU POLIA/COSTAS/Cable-Straight-Arm-Pulldown_Back-FIX__converted.gif","EXERCÍCIOS NO CABO  OU POLIA","COSTAS"
"masculino","Cable-Straight-Arm-Pulldown-(VERSION-2)_Back__converted","EXERCÍCIOS NO CABO  OU POLIA/COSTAS/Cable-Straight-Arm-Pulldown-(VERSION-2)_Back__converted.gif","EXERCÍCIOS NO CABO  OU POLIA","COSTAS"
"masculino","Cable-Straight-Arm-Pulldown-(with-rope-attachment)_converted","EXERCÍCIOS NO CABO  OU POLIA/COSTAS/Cable-Straight-Arm-Pulldown-(with-rope-attachment)_converted.gif","EXERCÍCIOS NO CABO  OU POLIA","COSTAS"
"masculino","Cable-Straight-Arm-Pulldown-(with-rope)_Back_converted","EXERCÍCIOS NO CABO  OU POLIA/COSTAS/Cable-Straight-Arm-Pulldown-(with-rope)_Back_converted.gif","EXERCÍCIOS NO CABO  OU POLIA","COSTAS"
"masculino","Cable-Straight-Back-Seated-Row_Back_converted","EXERCÍCIOS NO CABO  OU POLIA/COSTAS/Cable-Straight-Back-Seated-Row_Back_converted.gif","EXERCÍCIOS NO CABO  OU POLIA","COSTAS"
"masculino","Cable-Twin-Handle-Parallel-Grip-Lat-Pulldown_Back__converted","EXERCÍCIOS NO CABO  OU POLIA/COSTAS/Cable-Twin-Handle-Parallel-Grip-Lat-Pulldown_Back__converted.gif","EXERCÍCIOS NO CABO  OU POLIA","COSTAS"
"masculino","Cable-Twisting-Pull_Back__converted","EXERCÍCIOS NO CABO  OU POLIA/COSTAS/Cable-Twisting-Pull_Back__converted.gif","EXERCÍCIOS NO CABO  OU POLIA","COSTAS"
"masculino","Cable-Underhand-Pulldown_Back_converted","EXERCÍCIOS NO CABO  OU POLIA/COSTAS/Cable-Underhand-Pulldown_Back_converted.gif","EXERCÍCIOS NO CABO  OU POLIA","COSTAS"
"masculino","Cable-Wide-Grip-Rear-Pulldown-Behind-Neck_Back_converted","EXERCÍCIOS NO CABO  OU POLIA/COSTAS/Cable-Wide-Grip-Rear-Pulldown-Behind-Neck_Back_converted.gif","EXERCÍCIOS NO CABO  OU POLIA","COSTAS"
"masculino","Cable-Forward-Raise_Shoulders_converted","EXERCÍCIOS NO CABO  OU POLIA/OMBRO/Cable-Forward-Raise_Shoulders_converted.gif","EXERCÍCIOS NO CABO  OU POLIA","OMBRO"
"masculino","Cable-Front-Raise_Shoulders-FIX__converted","EXERCÍCIOS NO CABO  OU POLIA/OMBRO/Cable-Front-Raise_Shoulders-FIX__converted.gif","EXERCÍCIOS NO CABO  OU POLIA","OMBRO"
"masculino","Cable-Front-Raise-(rope-attachment)-(male)_Shoulde_converted","EXERCÍCIOS NO CABO  OU POLIA/OMBRO/Cable-Front-Raise-(rope-attachment)-(male)_Shoulde_converted.gif","EXERCÍCIOS NO CABO  OU POLIA","OMBRO"
"masculino","Cable-High-Pull-with-Rope-Attachment-(male)_Should_converted","EXERCÍCIOS NO CABO  OU POLIA/OMBRO/Cable-High-Pull-with-Rope-Attachment-(male)_Should_converted.gif","EXERCÍCIOS NO CABO  OU POLIA","OMBRO"
"masculino","Cable-Incline-Close-Grip-Shoulder-Press-with-V-Bar_converted","EXERCÍCIOS NO CABO  OU POLIA/OMBRO/Cable-Incline-Close-Grip-Shoulder-Press-with-V-Bar_converted.gif","EXERCÍCIOS NO CABO  OU POLIA","OMBRO"
"masculino","Cable-Incline-Y-Raise-with-Back-Support-(male)_Sho_converted","EXERCÍCIOS NO CABO  OU POLIA/OMBRO/Cable-Incline-Y-Raise-with-Back-Support-(male)_Sho_converted.gif","EXERCÍCIOS NO CABO  OU POLIA","OMBRO"
"masculino","Cable-Incline-Y-Raise-Wrist-Straps-with-Back-Suppo_converted","EXERCÍCIOS NO CABO  OU POLIA/OMBRO/Cable-Incline-Y-Raise-Wrist-Straps-with-Back-Suppo_converted.gif","EXERCÍCIOS NO CABO  OU POLIA","OMBRO"
"masculino","Cable-Kneeling-Shoulder-Press_Shoulders__converted","EXERCÍCIOS NO CABO  OU POLIA/OMBRO/Cable-Kneeling-Shoulder-Press_Shoulders__converted.gif","EXERCÍCIOS NO CABO  OU POLIA","OMBRO"
"masculino","Cable-Lateral-Raise_shoulder_converted","EXERCÍCIOS NO CABO  OU POLIA/OMBRO/Cable-Lateral-Raise_shoulder_converted.gif","EXERCÍCIOS NO CABO  OU POLIA","OMBRO"
"masculino","Cable-Leaning-Lateral-Raise_Shoulders__converted","EXERCÍCIOS NO CABO  OU POLIA/OMBRO/Cable-Leaning-Lateral-Raise_Shoulders__converted.gif","EXERCÍCIOS NO CABO  OU POLIA","OMBRO"
"masculino","Cable-Lying-Upright-Row-(SZ-bar)-(male)_Shoulders__converted","EXERCÍCIOS NO CABO  OU POLIA/OMBRO/Cable-Lying-Upright-Row-(SZ-bar)-(male)_Shoulders__converted.gif","EXERCÍCIOS NO CABO  OU POLIA","OMBRO"
"masculino","Cable-One-Arm-Front-Raise-(male)_Shoulders__converted","EXERCÍCIOS NO CABO  OU POLIA/OMBRO/Cable-One-Arm-Front-Raise-(male)_Shoulders__converted.gif","EXERCÍCIOS NO CABO  OU POLIA","OMBRO"
"masculino","Cable-One-Arm-Lateral-Raise_Shoulders_converted","EXERCÍCIOS NO CABO  OU POLIA/OMBRO/Cable-One-Arm-Lateral-Raise_Shoulders_converted.gif","EXERCÍCIOS NO CABO  OU POLIA","OMBRO"
"masculino","Cable-Seated-Front-Press-(male)_Shoulders__converted","EXERCÍCIOS NO CABO  OU POLIA/OMBRO/Cable-Seated-Front-Press-(male)_Shoulders__converted.gif","EXERCÍCIOS NO CABO  OU POLIA","OMBRO"
"masculino","Cable-Shoulder-Press_Shoulders_converted","EXERCÍCIOS NO CABO  OU POLIA/OMBRO/Cable-Shoulder-Press_Shoulders_converted.gif","EXERCÍCIOS NO CABO  OU POLIA","OMBRO"
"masculino","Cable-Side-Lying-Single-Arm-Lateral-Raise-(male)_S_converted","EXERCÍCIOS NO CABO  OU POLIA/OMBRO/Cable-Side-Lying-Single-Arm-Lateral-Raise-(male)_S_converted.gif","EXERCÍCIOS NO CABO  OU POLIA","OMBRO"
"masculino","Cable-Single-Arm-Lateral-Raise-(VERSION-2)-(male)__converted","EXERCÍCIOS NO CABO  OU POLIA/OMBRO/Cable-Single-Arm-Lateral-Raise-(VERSION-2)-(male)__converted.gif","EXERCÍCIOS NO CABO  OU POLIA","OMBRO"
"masculino","Cable-Single-Arm-Neutral-Grip-Front-Raise_Shoulder_converted","EXERCÍCIOS NO CABO  OU POLIA/OMBRO/Cable-Single-Arm-Neutral-Grip-Front-Raise_Shoulder_converted.gif","EXERCÍCIOS NO CABO  OU POLIA","OMBRO"
"masculino","Cable-Standing-Front-Raise-Variation_Shoulders__converted","EXERCÍCIOS NO CABO  OU POLIA/OMBRO/Cable-Standing-Front-Raise-Variation_Shoulders__converted.gif","EXERCÍCIOS NO CABO  OU POLIA","OMBRO"
"masculino","Cable-Standing-Jab-(male)_Plyometrics__converted","EXERCÍCIOS NO CABO  OU POLIA/OMBRO/Cable-Standing-Jab-(male)_Plyometrics__converted.gif","EXERCÍCIOS NO CABO  OU POLIA","OMBRO"
"masculino","Cable-Standing-Jab-(VERSION-2)-(male)_Plyometrics__converted","EXERCÍCIOS NO CABO  OU POLIA/OMBRO/Cable-Standing-Jab-(VERSION-2)-(male)_Plyometrics__converted.gif","EXERCÍCIOS NO CABO  OU POLIA","OMBRO"
"masculino","Cable-Standing-Squeez-Upper-Chest-Press-(male)_Chest__converted","EXERCÍCIOS NO CABO  OU POLIA/OMBRO/Cable-Standing-Squeez-Upper-Chest-Press-(male)_Chest__converted.gif","EXERCÍCIOS NO CABO  OU POLIA","OMBRO"
"masculino","Cable-Standing-Y-raises-(with-rope-attachment)-(ma_converted","EXERCÍCIOS NO CABO  OU POLIA/OMBRO/Cable-Standing-Y-raises-(with-rope-attachment)-(ma_converted.gif","EXERCÍCIOS NO CABO  OU POLIA","OMBRO"
"masculino","Cable-Y-raise_Shoulders__converted","EXERCÍCIOS NO CABO  OU POLIA/OMBRO/Cable-Y-raise_Shoulders__converted.gif","EXERCÍCIOS NO CABO  OU POLIA","OMBRO"
"masculino","Cable-Alternative-Fly-(male)_Chest__converted","EXERCÍCIOS NO CABO  OU POLIA/PEITO/Cable-Alternative-Fly-(male)_Chest__converted.gif","EXERCÍCIOS NO CABO  OU POLIA","PEITO"
"masculino","Cable-Bench-Press_Chest-FIX__converted","EXERCÍCIOS NO CABO  OU POLIA/PEITO/Cable-Bench-Press_Chest-FIX__converted.gif","EXERCÍCIOS NO CABO  OU POLIA","PEITO"
"masculino","Cable-Decline-Fly_Chest-FIX__converted","EXERCÍCIOS NO CABO  OU POLIA/PEITO/Cable-Decline-Fly_Chest-FIX__converted.gif","EXERCÍCIOS NO CABO  OU POLIA","PEITO"
"masculino","Cable-Decline-Press_Chest__converted","EXERCÍCIOS NO CABO  OU POLIA/PEITO/Cable-Decline-Press_Chest__converted.gif","EXERCÍCIOS NO CABO  OU POLIA","PEITO"
"masculino","Cable-Incline-Alternative-Fly-(male)_Chest__converted","EXERCÍCIOS NO CABO  OU POLIA/PEITO/Cable-Incline-Alternative-Fly-(male)_Chest__converted.gif","EXERCÍCIOS NO CABO  OU POLIA","PEITO"
"masculino","Cable-Incline-Bench-Press_Chest-FIX__converted","EXERCÍCIOS NO CABO  OU POLIA/PEITO/Cable-Incline-Bench-Press_Chest-FIX__converted.gif","EXERCÍCIOS NO CABO  OU POLIA","PEITO"
"masculino","Cable-Incline-Fly_Chest-FIX__converted","EXERCÍCIOS NO CABO  OU POLIA/PEITO/Cable-Incline-Fly_Chest-FIX__converted.gif","EXERCÍCIOS NO CABO  OU POLIA","PEITO"
"masculino","Cable-Incline-Fly-(on-stability-ball)_Chest_converted","EXERCÍCIOS NO CABO  OU POLIA/PEITO/Cable-Incline-Fly-(on-stability-ball)_Chest_converted.gif","EXERCÍCIOS NO CABO  OU POLIA","PEITO"
"masculino","Cable-Kneeling-High-to-Low-Fly-(male)_Chest__converted","EXERCÍCIOS NO CABO  OU POLIA/PEITO/Cable-Kneeling-High-to-Low-Fly-(male)_Chest__converted.gif","EXERCÍCIOS NO CABO  OU POLIA","PEITO"
"masculino","Cable-Kneeling-Single-Arm-Fly-(male)_Chest__converted","EXERCÍCIOS NO CABO  OU POLIA/PEITO/Cable-Kneeling-Single-Arm-Fly-(male)_Chest__converted.gif","EXERCÍCIOS NO CABO  OU POLIA","PEITO"
"masculino","Cable-Low-Chest-Press-(male)_Chest__converted","EXERCÍCIOS NO CABO  OU POLIA/PEITO/Cable-Low-Chest-Press-(male)_Chest__converted.gif","EXERCÍCIOS NO CABO  OU POLIA","PEITO"
"masculino","Cable-Low-Chest-Press-(VERSION-2)-(male)_Chest__converted","EXERCÍCIOS NO CABO  OU POLIA/PEITO/Cable-Low-Chest-Press-(VERSION-2)-(male)_Chest__converted.gif","EXERCÍCIOS NO CABO  OU POLIA","PEITO"
"masculino","Cable-Low-Fly_Chest-FIX2__converted","EXERCÍCIOS NO CABO  OU POLIA/PEITO/Cable-Low-Fly_Chest-FIX2__converted.gif","EXERCÍCIOS NO CABO  OU POLIA","PEITO"
"masculino","Cable-Lying-Extension-Pullover-(with-rope-attachme_converted","EXERCÍCIOS NO CABO  OU POLIA/PEITO/Cable-Lying-Extension-Pullover-(with-rope-attachme_converted.gif","EXERCÍCIOS NO CABO  OU POLIA","PEITO"
"masculino","Cable-Lying-Fly_Chest-FIX__converted","EXERCÍCIOS NO CABO  OU POLIA/PEITO/Cable-Lying-Fly_Chest-FIX__converted.gif","EXERCÍCIOS NO CABO  OU POLIA","PEITO"
"masculino","Cable-Middle-Fly_Chest-FIX__converted","EXERCÍCIOS NO CABO  OU POLIA/PEITO/Cable-Middle-Fly_Chest-FIX__converted.gif","EXERCÍCIOS NO CABO  OU POLIA","PEITO"
"masculino","Cable-Neutral-grip-Chest-Press_Chest__converted","EXERCÍCIOS NO CABO  OU POLIA/PEITO/Cable-Neutral-grip-Chest-Press_Chest__converted.gif","EXERCÍCIOS NO CABO  OU POLIA","PEITO"
"masculino","Cable-One-Arm-Lateral-Bent-over_converted","EXERCÍCIOS NO CABO  OU POLIA/PEITO/Cable-One-Arm-Lateral-Bent-over_converted.gif","EXERCÍCIOS NO CABO  OU POLIA","PEITO"
"masculino","Cable-Seated-Chest-Fly_Chest__converted","EXERCÍCIOS NO CABO  OU POLIA/PEITO/Cable-Seated-Chest-Fly_Chest__converted.gif","EXERCÍCIOS NO CABO  OU POLIA","PEITO"
"masculino","Cable-Seated-Chest-Press-(male)_Chest__converted","EXERCÍCIOS NO CABO  OU POLIA/PEITO/Cable-Seated-Chest-Press-(male)_Chest__converted.gif","EXERCÍCIOS NO CABO  OU POLIA","PEITO"
"masculino","Cable-Seated-Single-Arm-Chest-Press-(male)_Chest__converted","EXERCÍCIOS NO CABO  OU POLIA/PEITO/Cable-Seated-Single-Arm-Chest-Press-(male)_Chest__converted.gif","EXERCÍCIOS NO CABO  OU POLIA","PEITO"
"masculino","Cable-Shoulder-90-degrees-Internal-Rotation_Back__converted","EXERCÍCIOS NO CABO  OU POLIA/PEITO/Cable-Shoulder-90-degrees-Internal-Rotation_Back__converted.gif","EXERCÍCIOS NO CABO  OU POLIA","PEITO"
"masculino","Cable-Shoulder-Internal-Rotation_Shoulders__converted","EXERCÍCIOS NO CABO  OU POLIA/PEITO/Cable-Shoulder-Internal-Rotation_Shoulders__converted.gif","EXERCÍCIOS NO CABO  OU POLIA","PEITO"
"masculino","Cable-Single-Arm-Bench-Press_Chest__converted","EXERCÍCIOS NO CABO  OU POLIA/PEITO/Cable-Single-Arm-Bench-Press_Chest__converted.gif","EXERCÍCIOS NO CABO  OU POLIA","PEITO"
"masculino","Cable-Single-Arm-Crossover-(male)_Chest__converted","EXERCÍCIOS NO CABO  OU POLIA/PEITO/Cable-Single-Arm-Crossover-(male)_Chest__converted.gif","EXERCÍCIOS NO CABO  OU POLIA","PEITO"
"masculino","Cable-Single-Arm-Low-Fly-(male)_Chest__converted","EXERCÍCIOS NO CABO  OU POLIA/PEITO/Cable-Single-Arm-Low-Fly-(male)_Chest__converted.gif","EXERCÍCIOS NO CABO  OU POLIA","PEITO"
"masculino","Cable-Standing-Alternate-Chest-Fly_Chest__converted","EXERCÍCIOS NO CABO  OU POLIA/PEITO/Cable-Standing-Alternate-Chest-Fly_Chest__converted.gif","EXERCÍCIOS NO CABO  OU POLIA","PEITO"
"masculino","Cable-Standing-Chest-Press_Chest__converted","EXERCÍCIOS NO CABO  OU POLIA/PEITO/Cable-Standing-Chest-Press_Chest__converted.gif","EXERCÍCIOS NO CABO  OU POLIA","PEITO"
"masculino","Cable-Standing-Close-Press_Upper-Arms__converted","EXERCÍCIOS NO CABO  OU POLIA/PEITO/Cable-Standing-Close-Press_Upper-Arms__converted.gif","EXERCÍCIOS NO CABO  OU POLIA","PEITO"
"masculino","Cable-Standing-Crossover-(male)_Chest__converted","EXERCÍCIOS NO CABO  OU POLIA/PEITO/Cable-Standing-Crossover-(male)_Chest__converted.gif","EXERCÍCIOS NO CABO  OU POLIA","PEITO"
"masculino","Cable-Standing-Fly_Chest_converted","EXERCÍCIOS NO CABO  OU POLIA/PEITO/Cable-Standing-Fly_Chest_converted.gif","EXERCÍCIOS NO CABO  OU POLIA","PEITO"
"masculino","Cable-Standing-Neutral-grip-Fly-(male)_Chest__converted","EXERCÍCIOS NO CABO  OU POLIA/PEITO/Cable-Standing-Neutral-grip-Fly-(male)_Chest__converted.gif","EXERCÍCIOS NO CABO  OU POLIA","PEITO"
"masculino","Cable-Standing-Single-Arm-Fly_Chest__converted","EXERCÍCIOS NO CABO  OU POLIA/PEITO/Cable-Standing-Single-Arm-Fly_Chest__converted.gif","EXERCÍCIOS NO CABO  OU POLIA","PEITO"
"masculino","Cable-Standing-Up-Straight-Crossovers_Chest-FIX__converted","EXERCÍCIOS NO CABO  OU POLIA/PEITO/Cable-Standing-Up-Straight-Crossovers_Chest-FIX__converted.gif","EXERCÍCIOS NO CABO  OU POLIA","PEITO"
"masculino","Cable-Assisted-Inverse-Leg-Curl_Thighs_converted","EXERCÍCIOS NO CABO  OU POLIA/PERNA/Cable-Assisted-Inverse-Leg-Curl_Thighs_converted.gif","EXERCÍCIOS NO CABO  OU POLIA","PERNA"
"masculino","Cable-Deadlift_Thighs_converted","EXERCÍCIOS NO CABO  OU POLIA/PERNA/Cable-Deadlift_Thighs_converted.gif","EXERCÍCIOS NO CABO  OU POLIA","PERNA"
"masculino","Cable-Donkey-Diagonal-Kickback-(male)_Hips__converted","EXERCÍCIOS NO CABO  OU POLIA/PERNA/Cable-Donkey-Diagonal-Kickback-(male)_Hips__converted.gif","EXERCÍCIOS NO CABO  OU POLIA","PERNA"
"masculino","Cable-Donkey-Kickback-(male)_Hips__converted","EXERCÍCIOS NO CABO  OU POLIA/PERNA/Cable-Donkey-Kickback-(male)_Hips__converted.gif","EXERCÍCIOS NO CABO  OU POLIA","PERNA"
"masculino","Cable-Front-Squat-(VERSION-2)_Thighs__converted","EXERCÍCIOS NO CABO  OU POLIA/PERNA/Cable-Front-Squat-(VERSION-2)_Thighs__converted.gif","EXERCÍCIOS NO CABO  OU POLIA","PERNA"
"masculino","Cable-Front-Squat-with-V-bar_Thighs__converted","EXERCÍCIOS NO CABO  OU POLIA/PERNA/Cable-Front-Squat-with-V-bar_Thighs__converted.gif","EXERCÍCIOS NO CABO  OU POLIA","PERNA"
"masculino","Cable-Goblet-Squat-(male)_Thighs__converted","EXERCÍCIOS NO CABO  OU POLIA/PERNA/Cable-Goblet-Squat-(male)_Thighs__converted.gif","EXERCÍCIOS NO CABO  OU POLIA","PERNA"
"masculino","Cable-hip-abduction-(version-2)-(male)_Hips__converted","EXERCÍCIOS NO CABO  OU POLIA/PERNA/Cable-hip-abduction-(version-2)-(male)_Hips__converted.gif","EXERCÍCIOS NO CABO  OU POLIA","PERNA"
"masculino","Cable-Hip-Adduction_Thighs_converted","EXERCÍCIOS NO CABO  OU POLIA/PERNA/Cable-Hip-Adduction_Thighs_converted.gif","EXERCÍCIOS NO CABO  OU POLIA","PERNA"
"masculino","Cable-Kneeling-Glute-Kickback-(male)_Hips__converted","EXERCÍCIOS NO CABO  OU POLIA/PERNA/Cable-Kneeling-Glute-Kickback-(male)_Hips__converted.gif","EXERCÍCIOS NO CABO  OU POLIA","PERNA"
"masculino","Cable-Kneeling-Pull-Through_Hips__converted","EXERCÍCIOS NO CABO  OU POLIA/PERNA/Cable-Kneeling-Pull-Through_Hips__converted.gif","EXERCÍCIOS NO CABO  OU POLIA","PERNA"
"masculino","Cable-pull-through_hips_converted","EXERCÍCIOS NO CABO  OU POLIA/PERNA/Cable-pull-through_hips_converted.gif","EXERCÍCIOS NO CABO  OU POLIA","PERNA"
"masculino","Cable-Pull-Through-(with-rope)_Hips__converted","EXERCÍCIOS NO CABO  OU POLIA/PERNA/Cable-Pull-Through-(with-rope)_Hips__converted.gif","EXERCÍCIOS NO CABO  OU POLIA","PERNA"
"masculino","Cable-Romanian-Deadlift-(male)_Hips__converted","EXERCÍCIOS NO CABO  OU POLIA/PERNA/Cable-Romanian-Deadlift-(male)_Hips__converted.gif","EXERCÍCIOS NO CABO  OU POLIA","PERNA"
"masculino","Cable-Seated-Leg-Extension_Thighs__converted","EXERCÍCIOS NO CABO  OU POLIA/PERNA/Cable-Seated-Leg-Extension_Thighs__converted.gif","EXERCÍCIOS NO CABO  OU POLIA","PERNA"
"masculino","Cable-Squat-(male)_Thighs__converted","EXERCÍCIOS NO CABO  OU POLIA/PERNA/Cable-Squat-(male)_Thighs__converted.gif","EXERCÍCIOS NO CABO  OU POLIA","PERNA"
"masculino","Cable-Squat-Row-(with-rope-attachment)_Back_Thighs_converted","EXERCÍCIOS NO CABO  OU POLIA/PERNA/Cable-Squat-Row-(with-rope-attachment)_Back_Thighs_converted.gif","EXERCÍCIOS NO CABO  OU POLIA","PERNA"
"masculino","Cable-Standing-Hip-Extension_Hips-FIX__converted","EXERCÍCIOS NO CABO  OU POLIA/PERNA/Cable-Standing-Hip-Extension_Hips-FIX__converted.gif","EXERCÍCIOS NO CABO  OU POLIA","PERNA"
"masculino","Cable-Standing-Hip-Flexion-(male)_Hips__converted","EXERCÍCIOS NO CABO  OU POLIA/PERNA/Cable-Standing-Hip-Flexion-(male)_Hips__converted.gif","EXERCÍCIOS NO CABO  OU POLIA","PERNA"
"masculino","Cable-Standing-Leg-Curl_Thighs__converted","EXERCÍCIOS NO CABO  OU POLIA/PERNA/Cable-Standing-Leg-Curl_Thighs__converted.gif","EXERCÍCIOS NO CABO  OU POLIA","PERNA"
"masculino","Cable-Standing-One-Leg-Calf-Raise_Calves__converted","EXERCÍCIOS NO CABO  OU POLIA/PERNA/Cable-Standing-One-Leg-Calf-Raise_Calves__converted.gif","EXERCÍCIOS NO CABO  OU POLIA","PERNA"
"masculino","Cable-Straight-Leg-Diagonal-Kickback-(male)_Hips__converted","EXERCÍCIOS NO CABO  OU POLIA/PERNA/Cable-Straight-Leg-Diagonal-Kickback-(male)_Hips__converted.gif","EXERCÍCIOS NO CABO  OU POLIA","PERNA"
"masculino","Inverse-Leg-Curl-(on-pull-up-cable-machine)_Thighs_converted","EXERCÍCIOS NO CABO  OU POLIA/PERNA/Inverse-Leg-Curl-(on-pull-up-cable-machine)_Thighs_converted.gif","EXERCÍCIOS NO CABO  OU POLIA","PERNA"
"masculino","Cable-Seated-Neck-Extension-(with-head-harness)_Neck_converted","EXERCÍCIOS NO CABO  OU POLIA/TRAPÉZIO/Cable-Seated-Neck-Extension-(with-head-harness)_Neck_converted.gif","EXERCÍCIOS NO CABO  OU POLIA","TRAPÉZIO"
"masculino","Cable-Seated-Neck-Flexion-(with-head-harness)_Neck_converted","EXERCÍCIOS NO CABO  OU POLIA/TRAPÉZIO/Cable-Seated-Neck-Flexion-(with-head-harness)_Neck_converted.gif","EXERCÍCIOS NO CABO  OU POLIA","TRAPÉZIO"
"masculino","Cable-Shrug_Back-FIX__converted","EXERCÍCIOS NO CABO  OU POLIA/TRAPÉZIO/Cable-Shrug_Back-FIX__converted.gif","EXERCÍCIOS NO CABO  OU POLIA","TRAPÉZIO"
"masculino","Cable-Upright-Row_shoulder_converted","EXERCÍCIOS NO CABO  OU POLIA/TRAPÉZIO/Cable-Upright-Row_shoulder_converted.gif","EXERCÍCIOS NO CABO  OU POLIA","TRAPÉZIO"
"masculino","Cable-Upright-Row_Shoulders-FIX2__converted","EXERCÍCIOS NO CABO  OU POLIA/TRAPÉZIO/Cable-Upright-Row_Shoulders-FIX2__converted.gif","EXERCÍCIOS NO CABO  OU POLIA","TRAPÉZIO"
"masculino","Cable-Alternate-Triceps-Extension_Upper-Arms__converted","EXERCÍCIOS NO CABO  OU POLIA/TRICEPS/Cable-Alternate-Triceps-Extension_Upper-Arms__converted.gif","EXERCÍCIOS NO CABO  OU POLIA","TRICEPS"
"masculino","Cable-Bent-Over-Single-Arm-Neutral-Grip-Kickback-with-Rope-Attachment_Upper-Arms__converted","EXERCÍCIOS NO CABO  OU POLIA/TRICEPS/Cable-Bent-Over-Single-Arm-Neutral-Grip-Kickback-with-Rope-Attachment_Upper-Arms__converted.gif","EXERCÍCIOS NO CABO  OU POLIA","TRICEPS"
"masculino","Cable-Concentration-Extension-(on-knee)_Upper-Arms_converted","EXERCÍCIOS NO CABO  OU POLIA/TRICEPS/Cable-Concentration-Extension-(on-knee)_Upper-Arms_converted.gif","EXERCÍCIOS NO CABO  OU POLIA","TRICEPS"
"masculino","Cable-High-Pulley-Overhead-Tricep-Extension_Upper-Arms_converted","EXERCÍCIOS NO CABO  OU POLIA/TRICEPS/Cable-High-Pulley-Overhead-Tricep-Extension_Upper-Arms_converted.gif","EXERCÍCIOS NO CABO  OU POLIA","TRICEPS"
"masculino","Cable-High-Pulley-Straight-Bar-Overhead-Triceps-Extension_Upper-Arms__converted","EXERCÍCIOS NO CABO  OU POLIA/TRICEPS/Cable-High-Pulley-Straight-Bar-Overhead-Triceps-Extension_Upper-Arms__converted.gif","EXERCÍCIOS NO CABO  OU POLIA","TRICEPS"
"masculino","Cable-High-Triceps-Extension_Upper-Arms__converted","EXERCÍCIOS NO CABO  OU POLIA/TRICEPS/Cable-High-Triceps-Extension_Upper-Arms__converted.gif","EXERCÍCIOS NO CABO  OU POLIA","TRICEPS"
"masculino","Cable-Incline-Skull-Crusher_Upper-Arms__converted","EXERCÍCIOS NO CABO  OU POLIA/TRICEPS/Cable-Incline-Skull-Crusher_Upper-Arms__converted.gif","EXERCÍCIOS NO CABO  OU POLIA","TRICEPS"
"masculino","Cable-Incline-Triceps-Extension_Upper-Arms__converted","EXERCÍCIOS NO CABO  OU POLIA/TRICEPS/Cable-Incline-Triceps-Extension_Upper-Arms__converted.gif","EXERCÍCIOS NO CABO  OU POLIA","TRICEPS"
"masculino","Cable-Jack-Hammer-Pushdown-(male)_Upper-Arms__converted","EXERCÍCIOS NO CABO  OU POLIA/TRICEPS/Cable-Jack-Hammer-Pushdown-(male)_Upper-Arms__converted.gif","EXERCÍCIOS NO CABO  OU POLIA","TRICEPS"
"masculino","Cable-kickback_Upper-arms__converted","EXERCÍCIOS NO CABO  OU POLIA/TRICEPS/Cable-kickback_Upper-arms__converted.gif","EXERCÍCIOS NO CABO  OU POLIA","TRICEPS"
"masculino","Cable-Kneeling-Triceps-Extension_Upper-Arms_converted","EXERCÍCIOS NO CABO  OU POLIA/TRICEPS/Cable-Kneeling-Triceps-Extension_Upper-Arms_converted.gif","EXERCÍCIOS NO CABO  OU POLIA","TRICEPS"
"masculino","Cable-Kneeling-Triceps-Extension-(VERSION-2)_Upper-Arms_converted","EXERCÍCIOS NO CABO  OU POLIA/TRICEPS/Cable-Kneeling-Triceps-Extension-(VERSION-2)_Upper-Arms_converted.gif","EXERCÍCIOS NO CABO  OU POLIA","TRICEPS"
"masculino","Cable-Lying-Triceps-Extension_Upper-Arms__converted","EXERCÍCIOS NO CABO  OU POLIA/TRICEPS/Cable-Lying-Triceps-Extension_Upper-Arms__converted.gif","EXERCÍCIOS NO CABO  OU POLIA","TRICEPS"
"masculino","Cable-Lying-Triceps-Extension-(Low)_Upper-Arms__converted","EXERCÍCIOS NO CABO  OU POLIA/TRICEPS/Cable-Lying-Triceps-Extension-(Low)_Upper-Arms__converted.gif","EXERCÍCIOS NO CABO  OU POLIA","TRICEPS"
"masculino","Cable-Lying-Triceps-Extension-(with-Rope)_Upper-Arms__converted","EXERCÍCIOS NO CABO  OU POLIA/TRICEPS/Cable-Lying-Triceps-Extension-(with-Rope)_Upper-Arms__converted.gif","EXERCÍCIOS NO CABO  OU POLIA","TRICEPS"
"masculino","Cable-Neutral-Grip-Kickback_Upper-arms__converted","EXERCÍCIOS NO CABO  OU POLIA/TRICEPS/Cable-Neutral-Grip-Kickback_Upper-arms__converted.gif","EXERCÍCIOS NO CABO  OU POLIA","TRICEPS"
"masculino","Cable-One-Arm-Side-Triceps-Pushdown_Upper-arms_converted","EXERCÍCIOS NO CABO  OU POLIA/TRICEPS/Cable-One-Arm-Side-Triceps-Pushdown_Upper-arms_converted.gif","EXERCÍCIOS NO CABO  OU POLIA","TRICEPS"
"masculino","Cable-One-Arm-Tricep-Pushdown_Upper-Arms__converted","EXERCÍCIOS NO CABO  OU POLIA/TRICEPS/Cable-One-Arm-Tricep-Pushdown_Upper-Arms__converted.gif","EXERCÍCIOS NO CABO  OU POLIA","TRICEPS"
"masculino","Cable-Overhead-Tricep-Extension-Straight-Bar-(male)_Upper-Arms__converted","EXERCÍCIOS NO CABO  OU POLIA/TRICEPS/Cable-Overhead-Tricep-Extension-Straight-Bar-(male)_Upper-Arms__converted.gif","EXERCÍCIOS NO CABO  OU POLIA","TRICEPS"
"masculino","Cable-Overhead-Triceps-Extension-(rope-attachment)_Upper-Arms-FIX__converted","EXERCÍCIOS NO CABO  OU POLIA/TRICEPS/Cable-Overhead-Triceps-Extension-(rope-attachment)_Upper-Arms-FIX__converted.gif","EXERCÍCIOS NO CABO  OU POLIA","TRICEPS"
"masculino","Cable-Pushdown_Upper-Arms-FIX__converted","EXERCÍCIOS NO CABO  OU POLIA/TRICEPS/Cable-Pushdown_Upper-Arms-FIX__converted.gif","EXERCÍCIOS NO CABO  OU POLIA","TRICEPS"
"masculino","Cable-Pushdown-(with-rope-attachment)_Upper-Arms-FIX__converted","EXERCÍCIOS NO CABO  OU POLIA/TRICEPS/Cable-Pushdown-(with-rope-attachment)_Upper-Arms-FIX__converted.gif","EXERCÍCIOS NO CABO  OU POLIA","TRICEPS"
"masculino","Cable-Reverse-grip-Pushdown_Upper-Arms__converted","EXERCÍCIOS NO CABO  OU POLIA/TRICEPS/Cable-Reverse-grip-Pushdown_Upper-Arms__converted.gif","EXERCÍCIOS NO CABO  OU POLIA","TRICEPS"
"masculino","Cable-Reverse-Grip-Triceps-Pushdown-(SZ-bar)_Upper-arms_converted","EXERCÍCIOS NO CABO  OU POLIA/TRICEPS/Cable-Reverse-Grip-Triceps-Pushdown-(SZ-bar)_Upper-arms_converted.gif","EXERCÍCIOS NO CABO  OU POLIA","TRICEPS"
"masculino","Cable-Rope-High-Pulley-Overhead-Tricep-Extension_Upper-Arms_converted","EXERCÍCIOS NO CABO  OU POLIA/TRICEPS/Cable-Rope-High-Pulley-Overhead-Tricep-Extension_Upper-Arms_converted.gif","EXERCÍCIOS NO CABO  OU POLIA","TRICEPS"
"masculino","Cable-Rope-Incline-Tricep-Extension_Upper-Arms__converted","EXERCÍCIOS NO CABO  OU POLIA/TRICEPS/Cable-Rope-Incline-Tricep-Extension_Upper-Arms__converted.gif","EXERCÍCIOS NO CABO  OU POLIA","TRICEPS"
"masculino","Cable-Seated-High-Pulley-Overhead-Tricep-Extension_Upper-Arms__converted","EXERCÍCIOS NO CABO  OU POLIA/TRICEPS/Cable-Seated-High-Pulley-Overhead-Tricep-Extension_Upper-Arms__converted.gif","EXERCÍCIOS NO CABO  OU POLIA","TRICEPS"
"masculino","Cable-Seated-High-Triceps-Extension_Upper-Arms__converted","EXERCÍCIOS NO CABO  OU POLIA/TRICEPS/Cable-Seated-High-Triceps-Extension_Upper-Arms__converted.gif","EXERCÍCIOS NO CABO  OU POLIA","TRICEPS"
"masculino","Cable-Single-Arm-Triceps-Pushdown-(rope-attachment_converted","EXERCÍCIOS NO CABO  OU POLIA/TRICEPS/Cable-Single-Arm-Triceps-Pushdown-(rope-attachment_converted.gif","EXERCÍCIOS NO CABO  OU POLIA","TRICEPS"
"masculino","Cable-Standing-High-Cross-Triceps-Extension_Upper-_converted","EXERCÍCIOS NO CABO  OU POLIA/TRICEPS/Cable-Standing-High-Cross-Triceps-Extension_Upper-_converted.gif","EXERCÍCIOS NO CABO  OU POLIA","TRICEPS"
"masculino","Cable-Standing-One-Arm-Tricep-Pushdown-(Overhand-G_converted","EXERCÍCIOS NO CABO  OU POLIA/TRICEPS/Cable-Standing-One-Arm-Tricep-Pushdown-(Overhand-G_converted.gif","EXERCÍCIOS NO CABO  OU POLIA","TRICEPS"
"masculino","Cable-Standing-One-Arm-Triceps-Extension_Upper-Arms_converted","EXERCÍCIOS NO CABO  OU POLIA/TRICEPS/Cable-Standing-One-Arm-Triceps-Extension_Upper-Arms_converted.gif","EXERCÍCIOS NO CABO  OU POLIA","TRICEPS"
"masculino","Cable-Standing-Single-Arm-Horizontal-Triceps-Exten_converted","EXERCÍCIOS NO CABO  OU POLIA/TRICEPS/Cable-Standing-Single-Arm-Horizontal-Triceps-Exten_converted.gif","EXERCÍCIOS NO CABO  OU POLIA","TRICEPS"
"masculino","Cable-Triceps-Pushdown-(SZ-bar)_Upper-arms_converted","EXERCÍCIOS NO CABO  OU POLIA/TRICEPS/Cable-Triceps-Pushdown-(SZ-bar)_Upper-arms_converted.gif","EXERCÍCIOS NO CABO  OU POLIA","TRICEPS"
"masculino","Cable-Triceps-Pushdown-(V-bar-attachment)_Upper-Arms_converted","EXERCÍCIOS NO CABO  OU POLIA/TRICEPS/Cable-Triceps-Pushdown-(V-bar-attachment)_Upper-Arms_converted.gif","EXERCÍCIOS NO CABO  OU POLIA","TRICEPS"
"masculino","Cable-Triceps-Pushdown-on-Floor_Upper-Arms__converted","EXERCÍCIOS NO CABO  OU POLIA/TRICEPS/Cable-Triceps-Pushdown-on-Floor_Upper-Arms__converted.gif","EXERCÍCIOS NO CABO  OU POLIA","TRICEPS"
"masculino","Alternate-Oblique-Crunch_Waist__converted","FUNCIONAL/ABDOMINAIS/Alternate-Oblique-Crunch_Waist__converted.gif","FUNCIONAL","ABDOMINAIS"
"masculino","Crouching-Heel-Back-Calf-Stretch_Calves__converted","FUNCIONAL/ALONGAMENTO/Crouching-Heel-Back-Calf-Stretch_Calves__converted.gif","FUNCIONAL","ALONGAMENTO"
"masculino","Double-Lean-Back-Quadriceps-Stretch_Thighs__converted","FUNCIONAL/ALONGAMENTO/Double-Lean-Back-Quadriceps-Stretch_Thighs__converted.gif","FUNCIONAL","ALONGAMENTO"
"masculino","Dynamic-Chest-Stretch-(male)_Chest_converted","FUNCIONAL/ALONGAMENTO/Dynamic-Chest-Stretch-(male)_Chest_converted.gif","FUNCIONAL","ALONGAMENTO"
"masculino","Assault-Bike-Run_Cardio__converted","FUNCIONAL/CARDIO/Assault-Bike-Run_Cardio__converted.gif","FUNCIONAL","CARDIO"
"masculino","Stationary-Bike-Run-(version-4)_Cardio_converted","FUNCIONAL/CARDIO/Stationary-Bike-Run-(version-4)_Cardio_converted.gif","FUNCIONAL","CARDIO"
"masculino","Walking-on-Stepmill_Cardio_converted","FUNCIONAL/CARDIO/Walking-on-Stepmill_Cardio_converted.gif","FUNCIONAL","CARDIO"
"masculino","Walking-on-Treadmill_Cardio_converted","FUNCIONAL/CARDIO/Walking-on-Treadmill_Cardio_converted.gif","FUNCIONAL","CARDIO"
"masculino","Battling-Ropes_converted","FUNCIONAL/CORDA NAVAL/Battling-Ropes_converted.gif","FUNCIONAL","CORDA NAVAL"
"masculino","Arm-Circles_Shoulders_converted","FUNCIONAL/MOBILIDADE/OMBRO/Arm-Circles_Shoulders_converted.gif","FUNCIONAL","MOBILIDADE/OMBRO"
"masculino","Full-Squat-Mobility_Thighs__converted","FUNCIONAL/MOBILIDADE/QUADRIL/Full-Squat-Mobility_Thighs__converted.gif","FUNCIONAL","MOBILIDADE/QUADRIL"
"masculino","Low-Lunge-to-Hamstring-Stretch-(male)_Stretching__converted","FUNCIONAL/MOBILIDADE/QUADRIL/Low-Lunge-to-Hamstring-Stretch-(male)_Stretching__converted.gif","FUNCIONAL","MOBILIDADE/QUADRIL"
"masculino","Ankle-Circles_Calves__converted","FUNCIONAL/MOBILIDADE/TORNOZELO/Ankle-Circles_Calves__converted.gif","FUNCIONAL","MOBILIDADE/TORNOZELO"
"masculino","Burpee_Cardio-FIX__converted","FUNCIONAL/PESO CORPORAL/BURPEE/Burpee_Cardio-FIX__converted.gif","FUNCIONAL","PESO CORPORAL/BURPEE"
"masculino","Bent-Leg-Kickback-(kneeling)-(male)_Hips-FIX__converted","FUNCIONAL/PESO CORPORAL/PERNA/Bent-Leg-Kickback-(kneeling)-(male)_Hips-FIX__converted.gif","FUNCIONAL","PESO CORPORAL/PERNA"
"masculino","Bodyweight-Forward-Lunge-(Smaller-Stance-Upright-Torso)_Thighs__converted","FUNCIONAL/PESO CORPORAL/PERNA/Bodyweight-Forward-Lunge-(Smaller-Stance-Upright-Torso)_Thighs__converted.gif","FUNCIONAL","PESO CORPORAL/PERNA"
"masculino","Bodyweight-Squat-(male)_Thighs-FRONT-POV__converted","FUNCIONAL/PESO CORPORAL/PERNA/Bodyweight-Squat-(male)_Thighs-FRONT-POV__converted.gif","FUNCIONAL","PESO CORPORAL/PERNA"
"masculino","Kettlebell-Advanced-Windmill_Waist__converted","KETTLEBELL/ABDOMINAIS/Kettlebell-Advanced-Windmill_Waist__converted.gif","KETTLEBELL","ABDOMINAIS"
"masculino","Kettlebell-Arm-Bar-(male)_Waist__converted","KETTLEBELL/ABDOMINAIS/Kettlebell-Arm-Bar-(male)_Waist__converted.gif","KETTLEBELL","ABDOMINAIS"
"masculino","Kettlebell-Atlas-Swing-(male)_Waist__converted","KETTLEBELL/ABDOMINAIS/Kettlebell-Atlas-Swing-(male)_Waist__converted.gif","KETTLEBELL","ABDOMINAIS"
"masculino","Kettlebell-Bent-Press_Waist__converted","KETTLEBELL/ABDOMINAIS/Kettlebell-Bent-Press_Waist__converted.gif","KETTLEBELL","ABDOMINAIS"
"masculino","Kettlebell-Bent-Press_Waist-FIX__converted","KETTLEBELL/ABDOMINAIS/Kettlebell-Bent-Press_Waist-FIX__converted.gif","KETTLEBELL","ABDOMINAIS"
"masculino","Kettlebell-Half-Turkish-Get-Up_Thighs_converted","KETTLEBELL/ABDOMINAIS/Kettlebell-Half-Turkish-Get-Up_Thighs_converted.gif","KETTLEBELL","ABDOMINAIS"
"masculino","Kettlebell-Leg-Raise-(male)_Waist__converted","KETTLEBELL/ABDOMINAIS/Kettlebell-Leg-Raise-(male)_Waist__converted.gif","KETTLEBELL","ABDOMINAIS"
"masculino","Kettlebell-Low-Windmill_Waist__converted","KETTLEBELL/ABDOMINAIS/Kettlebell-Low-Windmill_Waist__converted.gif","KETTLEBELL","ABDOMINAIS"
"masculino","Kettlebell-Lying-Woodchop_Waist__converted","KETTLEBELL/ABDOMINAIS/Kettlebell-Lying-Woodchop_Waist__converted.gif","KETTLEBELL","ABDOMINAIS"
"masculino","Kettlebell-Overhead-Crunch-(on-stability-ball)_Wai_converted","KETTLEBELL/ABDOMINAIS/Kettlebell-Overhead-Crunch-(on-stability-ball)_Wai_converted.gif","KETTLEBELL","ABDOMINAIS"
"masculino","Kettlebell-Plank-Pass-Through_Waist__converted","KETTLEBELL/ABDOMINAIS/Kettlebell-Plank-Pass-Through_Waist__converted.gif","KETTLEBELL","ABDOMINAIS"
"masculino","Kettlebell-Pullover-Dead-Bug-(male)_Waist__converted","KETTLEBELL/ABDOMINAIS/Kettlebell-Pullover-Dead-Bug-(male)_Waist__converted.gif","KETTLEBELL","ABDOMINAIS"
"masculino","Kettlebell-Pullover-on-Stability-Ball-(male)_Back__converted","KETTLEBELL/ABDOMINAIS/Kettlebell-Pullover-on-Stability-Ball-(male)_Back__converted.gif","KETTLEBELL","ABDOMINAIS"
"masculino","Kettlebell-Russian-Twist_Waist-FIX__converted","KETTLEBELL/ABDOMINAIS/Kettlebell-Russian-Twist_Waist-FIX__converted.gif","KETTLEBELL","ABDOMINAIS"
"masculino","Kettlebell-Side-Bend_Waist__converted","KETTLEBELL/ABDOMINAIS/Kettlebell-Side-Bend_Waist__converted.gif","KETTLEBELL","ABDOMINAIS"
"masculino","Kettlebell-Side-Plank-(male)_Waist__converted","KETTLEBELL/ABDOMINAIS/Kettlebell-Side-Plank-(male)_Waist__converted.gif","KETTLEBELL","ABDOMINAIS"
"masculino","Kettlebell-Side-Swing-(male)_Waist__converted","KETTLEBELL/ABDOMINAIS/Kettlebell-Side-Swing-(male)_Waist__converted.gif","KETTLEBELL","ABDOMINAIS"
"masculino","Kettlebell-Sit-Up-Press_Waist__converted","KETTLEBELL/ABDOMINAIS/Kettlebell-Sit-Up-Press_Waist__converted.gif","KETTLEBELL","ABDOMINAIS"
"masculino","Kettlebell-Suitcase-Hold-(male)_Waist__converted","KETTLEBELL/ABDOMINAIS/Kettlebell-Suitcase-Hold-(male)_Waist__converted.gif","KETTLEBELL","ABDOMINAIS"
"masculino","Kettlebell-Turkish-Get-Up-(Squat-style)_Thighs_converted","KETTLEBELL/ABDOMINAIS/Kettlebell-Turkish-Get-Up-(Squat-style)_Thighs_converted.gif","KETTLEBELL","ABDOMINAIS"
"masculino","Kettlebell-Windmill_waist_converted","KETTLEBELL/ABDOMINAIS/Kettlebell-Windmill_waist_converted.gif","KETTLEBELL","ABDOMINAIS"
"masculino","Kettlebell-Wood-Chop-(male)_Waist__converted","KETTLEBELL/ABDOMINAIS/Kettlebell-Wood-Chop-(male)_Waist__converted.gif","KETTLEBELL","ABDOMINAIS"
"masculino","Weighted-Kettlebell-Dead-Bug-(male)_Waist__converted","KETTLEBELL/ABDOMINAIS/Weighted-Kettlebell-Dead-Bug-(male)_Waist__converted.gif","KETTLEBELL","ABDOMINAIS"
"masculino","Kettlebell-Reverse-Spider-Curl_Upper-Arms__converted","KETTLEBELL/ANTEBRAÇO/Kettlebell-Reverse-Spider-Curl_Upper-Arms__converted.gif","KETTLEBELL","ANTEBRAÇO"
"masculino","Kettlebell-Standing-Reverse-Curl_Forearms__converted","KETTLEBELL/ANTEBRAÇO/Kettlebell-Standing-Reverse-Curl_Forearms__converted.gif","KETTLEBELL","ANTEBRAÇO"
"masculino","Kettlebell-Wrist-Curl_Forearms__converted","KETTLEBELL/ANTEBRAÇO/Kettlebell-Wrist-Curl_Forearms__converted.gif","KETTLEBELL","ANTEBRAÇO"
"masculino","Kettlebell-Alternate-Biceps-Curl_Upper-Arms__converted","KETTLEBELL/BICEPS/Kettlebell-Alternate-Biceps-Curl_Upper-Arms__converted.gif","KETTLEBELL","BICEPS"
"masculino","Kettlebell-Biceps-Curl_Upper-Arms__converted","KETTLEBELL/BICEPS/Kettlebell-Biceps-Curl_Upper-Arms__converted.gif","KETTLEBELL","BICEPS"
"masculino","Kettlebell-Concentration-Curl_Upper-Arms__converted","KETTLEBELL/BICEPS/Kettlebell-Concentration-Curl_Upper-Arms__converted.gif","KETTLEBELL","BICEPS"
"masculino","Kettlebell-Incline-Alternate-Curl_Upper-Arms__converted","KETTLEBELL/BICEPS/Kettlebell-Incline-Alternate-Curl_Upper-Arms__converted.gif","KETTLEBELL","BICEPS"
"masculino","Kettlebell-Incline-Biceps-Curl_Upper-Arms__converted","KETTLEBELL/BICEPS/Kettlebell-Incline-Biceps-Curl_Upper-Arms__converted.gif","KETTLEBELL","BICEPS"
"masculino","Kettlebell-Incline-Inner-Biceps-Curl_Upper-Arms__converted","KETTLEBELL/BICEPS/Kettlebell-Incline-Inner-Biceps-Curl_Upper-Arms__converted.gif","KETTLEBELL","BICEPS"
"masculino","Kettlebell-Prone-Incline-Curl_Upper-Arms__converted","KETTLEBELL/BICEPS/Kettlebell-Prone-Incline-Curl_Upper-Arms__converted.gif","KETTLEBELL","BICEPS"
"masculino","Kettlebell-Standing-One-Arm-Curl-Over-Incline-Benc_converted","KETTLEBELL/BICEPS/Kettlebell-Standing-One-Arm-Curl-Over-Incline-Benc_converted.gif","KETTLEBELL","BICEPS"
"masculino","Kettlebell-Alternating-Renegade-Row_Back__converted","KETTLEBELL/COSTAS/Kettlebell-Alternating-Renegade-Row_Back__converted.gif","KETTLEBELL","COSTAS"
"masculino","Kettlebell-Alternating-Row_Back__converted","KETTLEBELL/COSTAS/Kettlebell-Alternating-Row_Back__converted.gif","KETTLEBELL","COSTAS"
"masculino","Kettlebell-Bent-over-Alternate-Twist-Row_Back__converted","KETTLEBELL/COSTAS/Kettlebell-Bent-over-Alternate-Twist-Row_Back__converted.gif","KETTLEBELL","COSTAS"
"masculino","Kettlebell-Bent-over-Row_Back__converted","KETTLEBELL/COSTAS/Kettlebell-Bent-over-Row_Back__converted.gif","KETTLEBELL","COSTAS"
"masculino","Kettlebell-Gorilla-Row-(male)_Back__converted","KETTLEBELL/COSTAS/Kettlebell-Gorilla-Row-(male)_Back__converted.gif","KETTLEBELL","COSTAS"
"masculino","Kettlebell-Hammer-Grip-Incline-Bench-Two-Arm-Row_B_converted","KETTLEBELL/COSTAS/Kettlebell-Hammer-Grip-Incline-Bench-Two-Arm-Row_B_converted.gif","KETTLEBELL","COSTAS"
"masculino","Kettlebell-Head-Supported-Row_Back__converted","KETTLEBELL/COSTAS/Kettlebell-Head-Supported-Row_Back__converted.gif","KETTLEBELL","COSTAS"
"masculino","Kettlebell-Incline-Row_Back__converted","KETTLEBELL/COSTAS/Kettlebell-Incline-Row_Back__converted.gif","KETTLEBELL","COSTAS"
"masculino","Kettlebell-Incline-Y-Raise_Shoulders__converted","KETTLEBELL/COSTAS/Kettlebell-Incline-Y-Raise_Shoulders__converted.gif","KETTLEBELL","COSTAS"
"masculino","Kettlebell-Lying-on-Floor-Rear-Delt-Raise_Shoulder_converted","KETTLEBELL/COSTAS/Kettlebell-Lying-on-Floor-Rear-Delt-Raise_Shoulder_converted.gif","KETTLEBELL","COSTAS"
"masculino","Kettlebell-Lying-Rear-Delt-Row_Back__converted","KETTLEBELL/COSTAS/Kettlebell-Lying-Rear-Delt-Row_Back__converted.gif","KETTLEBELL","COSTAS"
"masculino","Kettlebell-One-Arm-Row_back_converted","KETTLEBELL/COSTAS/Kettlebell-One-Arm-Row_back_converted.gif","KETTLEBELL","COSTAS"
"masculino","Kettlebell-Prone-Rear-Delt-Swing_Shoulders__converted","KETTLEBELL/COSTAS/Kettlebell-Prone-Rear-Delt-Swing_Shoulders__converted.gif","KETTLEBELL","COSTAS"
"masculino","Kettlebell-Rear-Delt-Row_Shoulders__converted","KETTLEBELL/COSTAS/Kettlebell-Rear-Delt-Row_Shoulders__converted.gif","KETTLEBELL","COSTAS"
"masculino","Kettlebell-Rear-Fly_Shoulders__converted","KETTLEBELL/COSTAS/Kettlebell-Rear-Fly_Shoulders__converted.gif","KETTLEBELL","COSTAS"
"masculino","Kettlebell-Reverse-Fly_Shoulders__converted","KETTLEBELL/COSTAS/Kettlebell-Reverse-Fly_Shoulders__converted.gif","KETTLEBELL","COSTAS"
"masculino","Kettlebell-Two-Arm-Row_Back__converted","KETTLEBELL/COSTAS/Kettlebell-Two-Arm-Row_Back__converted.gif","KETTLEBELL","COSTAS"
"masculino","Kettlebell-Alternating-Press_Shoulders__converted","KETTLEBELL/OMBRO/Kettlebell-Alternating-Press_Shoulders__converted.gif","KETTLEBELL","OMBRO"
"masculino","Kettlebell-Arnold-Press_Shoulder_converted","KETTLEBELL/OMBRO/Kettlebell-Arnold-Press_Shoulder_converted.gif","KETTLEBELL","OMBRO"
"masculino","Kettlebell-Around-Head-Rotation_Back_converted","KETTLEBELL/OMBRO/Kettlebell-Around-Head-Rotation_Back_converted.gif","KETTLEBELL","OMBRO"
"masculino","Kettlebell-Front-Raise_Shoulders__converted","KETTLEBELL/OMBRO/Kettlebell-Front-Raise_Shoulders__converted.gif","KETTLEBELL","OMBRO"
"masculino","Kettlebell-Half-Kneeling-Halo-(male)_Shoulders__converted","KETTLEBELL/OMBRO/Kettlebell-Half-Kneeling-Halo-(male)_Shoulders__converted.gif","KETTLEBELL","OMBRO"
"masculino","Kettlebell-Half-Kneeling-One-Arm-Bottoms-Up-Press__converted","KETTLEBELL/OMBRO/Kettlebell-Half-Kneeling-One-Arm-Bottoms-Up-Press__converted.gif","KETTLEBELL","OMBRO"
"masculino","Kettlebell-Half-Kneeling-Shoulder-Press_Shoulders__converted","KETTLEBELL/OMBRO/Kettlebell-Half-Kneeling-Shoulder-Press_Shoulders__converted.gif","KETTLEBELL","OMBRO"
"masculino","Kettlebell-Kneeling-One-Arm-Bottoms-Up-Press_Shoul_converted","KETTLEBELL/OMBRO/Kettlebell-Kneeling-One-Arm-Bottoms-Up-Press_Shoul_converted.gif","KETTLEBELL","OMBRO"
"masculino","Kettlebell-Kneeling-Shoulder-Bottom-Up-Hold_Should_converted","KETTLEBELL/OMBRO/Kettlebell-Kneeling-Shoulder-Bottom-Up-Hold_Should_converted.gif","KETTLEBELL","OMBRO"
"masculino","Kettlebell-Lateral-Raise_Shoulders__converted","KETTLEBELL/OMBRO/Kettlebell-Lateral-Raise_Shoulders__converted.gif","KETTLEBELL","OMBRO"
"masculino","Kettlebell-Learning-Front-Raise-(male)_Shoulders__converted","KETTLEBELL/OMBRO/Kettlebell-Learning-Front-Raise-(male)_Shoulders__converted.gif","KETTLEBELL","OMBRO"
"masculino","Kettlebell-Low-Fly-(male)_Chest__converted","KETTLEBELL/OMBRO/Kettlebell-Low-Fly-(male)_Chest__converted.gif","KETTLEBELL","OMBRO"
"masculino","Kettlebell-One-Arm-Military-Press-To-The-Side_Shoulders_converted","KETTLEBELL/OMBRO/Kettlebell-One-Arm-Military-Press-To-The-Side_Shoulders_converted.gif","KETTLEBELL","OMBRO"
"masculino","Kettlebell-Overhead-Carry_Thighs__converted","KETTLEBELL/OMBRO/Kettlebell-Overhead-Carry_Thighs__converted.gif","KETTLEBELL","OMBRO"
"masculino","Kettlebell-Seated-Front-Raise_Shoulders__converted","KETTLEBELL/OMBRO/Kettlebell-Seated-Front-Raise_Shoulders__converted.gif","KETTLEBELL","OMBRO"
"masculino","Kettlebell-Seated-Lateral-Raise_Shoulders__converted","KETTLEBELL/OMBRO/Kettlebell-Seated-Lateral-Raise_Shoulders__converted.gif","KETTLEBELL","OMBRO"
"masculino","Kettlebell-Seated-Neutral-Grip-Shoulders-Press_Sho_converted","KETTLEBELL/OMBRO/Kettlebell-Seated-Neutral-Grip-Shoulders-Press_Sho_converted.gif","KETTLEBELL","OMBRO"
"masculino","Kettlebell-Seated-One-Arm-Military-Press_Shoulders_converted","KETTLEBELL/OMBRO/Kettlebell-Seated-One-Arm-Military-Press_Shoulders_converted.gif","KETTLEBELL","OMBRO"
"masculino","Kettlebell-Seated-Press_Shoulders__converted","KETTLEBELL/OMBRO/Kettlebell-Seated-Press_Shoulders__converted.gif","KETTLEBELL","OMBRO"
"masculino","Kettlebell-Seated-Shoulder-Press_Shoulders__converted","KETTLEBELL/OMBRO/Kettlebell-Seated-Shoulder-Press_Shoulders__converted.gif","KETTLEBELL","OMBRO"
"masculino","Kettlebell-Seated-Two-Arm-Military-Press_Shoulders_converted","KETTLEBELL/OMBRO/Kettlebell-Seated-Two-Arm-Military-Press_Shoulders_converted.gif","KETTLEBELL","OMBRO"
"masculino","Kettlebell-Seesaw-Press_Shoulders_converted","KETTLEBELL/OMBRO/Kettlebell-Seesaw-Press_Shoulders_converted.gif","KETTLEBELL","OMBRO"
"masculino","Kettlebell-Standing-Bottoms-Up-One-Arm-Shoulder-Pr_converted","KETTLEBELL/OMBRO/Kettlebell-Standing-Bottoms-Up-One-Arm-Shoulder-Pr_converted.gif","KETTLEBELL","OMBRO"
"masculino","Kettlebell-Standing-Prone-Lateral-Raise-(male)_Sho_converted","KETTLEBELL/OMBRO/Kettlebell-Standing-Prone-Lateral-Raise-(male)_Sho_converted.gif","KETTLEBELL","OMBRO"
"masculino","Kettlebell-Strict-Press_Shoulders__converted","KETTLEBELL/OMBRO/Kettlebell-Strict-Press_Shoulders__converted.gif","KETTLEBELL","OMBRO"
"masculino","Kettlebell-Two-Arm-Military-Press_Shoulders__converted","KETTLEBELL/OMBRO/Kettlebell-Two-Arm-Military-Press_Shoulders__converted.gif","KETTLEBELL","OMBRO"
"masculino","Kettlebell-Upright-Row_Shoulders__converted","KETTLEBELL/OMBRO/Kettlebell-Upright-Row_Shoulders__converted.gif","KETTLEBELL","OMBRO"
"masculino","Kettlebell-Wide-Upright-Row-(male)_Shoulders__converted","KETTLEBELL/OMBRO/Kettlebell-Wide-Upright-Row-(male)_Shoulders__converted.gif","KETTLEBELL","OMBRO"
"masculino","Kettlebell-Standing-Calf-Raise_Calves__converted","KETTLEBELL/PANTURRILHA/Kettlebell-Standing-Calf-Raise_Calves__converted.gif","KETTLEBELL","PANTURRILHA"
"masculino","Kettlebell-Alternating-Press-on-Floor_Chest__converted","KETTLEBELL/PEITO/Kettlebell-Alternating-Press-on-Floor_Chest__converted.gif","KETTLEBELL","PEITO"
"masculino","Kettlebell-Bench-Press-(male)_Chest__converted","KETTLEBELL/PEITO/Kettlebell-Bench-Press-(male)_Chest__converted.gif","KETTLEBELL","PEITO"
"masculino","Kettlebell-Deep-Push-Up_Chest__converted","KETTLEBELL/PEITO/Kettlebell-Deep-Push-Up_Chest__converted.gif","KETTLEBELL","PEITO"
"masculino","Kettlebell-Floor-Fly_Chest__converted","KETTLEBELL/PEITO/Kettlebell-Floor-Fly_Chest__converted.gif","KETTLEBELL","PEITO"
"masculino","Kettlebell-Fly-(male)_Chest__converted","KETTLEBELL/PEITO/Kettlebell-Fly-(male)_Chest__converted.gif","KETTLEBELL","PEITO"
"masculino","Kettlebell-Incline-Bench-Press_Chest__converted","KETTLEBELL/PEITO/Kettlebell-Incline-Bench-Press_Chest__converted.gif","KETTLEBELL","PEITO"
"masculino","Kettlebell-Incline-Fly_Chest__converted","KETTLEBELL/PEITO/Kettlebell-Incline-Fly_Chest__converted.gif","KETTLEBELL","PEITO"
"masculino","Kettlebell-Incline-Hammer-Press_Chest__converted","KETTLEBELL/PEITO/Kettlebell-Incline-Hammer-Press_Chest__converted.gif","KETTLEBELL","PEITO"
"masculino","Kettlebell-Incline-Palm-in-Press_Chest__converted","KETTLEBELL/PEITO/Kettlebell-Incline-Palm-in-Press_Chest__converted.gif","KETTLEBELL","PEITO"
"masculino","Kettlebell-Incline-Pullover-(male)_Back__converted","KETTLEBELL/PEITO/Kettlebell-Incline-Pullover-(male)_Back__converted.gif","KETTLEBELL","PEITO"
"masculino","Kettlebell-Incline-Twist-Press_Chest__converted","KETTLEBELL/PEITO/Kettlebell-Incline-Twist-Press_Chest__converted.gif","KETTLEBELL","PEITO"
"masculino","Kettlebell-Incline-Twisted-Fly_Chest__converted","KETTLEBELL/PEITO/Kettlebell-Incline-Twisted-Fly_Chest__converted.gif","KETTLEBELL","PEITO"
"masculino","Kettlebell-Lying-on-Floor-Chest-Press_Chest__converted","KETTLEBELL/PEITO/Kettlebell-Lying-on-Floor-Chest-Press_Chest__converted.gif","KETTLEBELL","PEITO"
"masculino","Kettlebell-Neutral-grip-Bench-Press-(male)_Chest__converted","KETTLEBELL/PEITO/Kettlebell-Neutral-grip-Bench-Press-(male)_Chest__converted.gif","KETTLEBELL","PEITO"
"masculino","Kettlebell-One-Arm-Floor-Press_Chest__converted","KETTLEBELL/PEITO/Kettlebell-One-Arm-Floor-Press_Chest__converted.gif","KETTLEBELL","PEITO"
"masculino","Kettlebell-Pullover_Back__converted","KETTLEBELL/PEITO/Kettlebell-Pullover_Back__converted.gif","KETTLEBELL","PEITO"
"masculino","Kettlebell-Pullover-3-Month-Position_Back__converted","KETTLEBELL/PEITO/Kettlebell-Pullover-3-Month-Position_Back__converted.gif","KETTLEBELL","PEITO"
"masculino","Kettlebell-Reverse-Bench-Press_Chest__converted","KETTLEBELL/PEITO/Kettlebell-Reverse-Bench-Press_Chest__converted.gif","KETTLEBELL","PEITO"
"masculino","Kettlebell-Reverse-Press-on-Floor_Chest__converted","KETTLEBELL/PEITO/Kettlebell-Reverse-Press-on-Floor_Chest__converted.gif","KETTLEBELL","PEITO"
"masculino","Kettlebell-Single-Leg-Glute-Bridge-Pullover_Back_H_converted","KETTLEBELL/PEITO/Kettlebell-Single-Leg-Glute-Bridge-Pullover_Back_H_converted.gif","KETTLEBELL","PEITO"
"masculino","Kettlebell-Standing-Crush-Curl-(male)_Upper-Arms__converted","KETTLEBELL/PEITO/Kettlebell-Standing-Crush-Curl-(male)_Upper-Arms__converted.gif","KETTLEBELL","PEITO"
"masculino","Kettlebell-Backward-Lunge_Thighs-FIX__converted","KETTLEBELL/PERNA/Kettlebell-Backward-Lunge_Thighs-FIX__converted.gif","KETTLEBELL","PERNA"
"masculino","Kettlebell-Box-Squat_Hips__converted","KETTLEBELL/PERNA/Kettlebell-Box-Squat_Hips__converted.gif","KETTLEBELL","PERNA"
"masculino","Kettlebell-Burpee_Plyometrics__converted","KETTLEBELL/PERNA/Kettlebell-Burpee_Plyometrics__converted.gif","KETTLEBELL","PERNA"
"masculino","Kettlebell-Calf-Raise-and-Front-Squat-(male)_Thigh_converted","KETTLEBELL/PERNA/Kettlebell-Calf-Raise-and-Front-Squat-(male)_Thigh_converted.gif","KETTLEBELL","PERNA"
"masculino","Kettlebell-Clean-and-Jerk_Weightlifting__converted","KETTLEBELL/PERNA/Kettlebell-Clean-and-Jerk_Weightlifting__converted.gif","KETTLEBELL","PERNA"
"masculino","Kettlebell-Clean-and-Press_Weightlifting__converted","KETTLEBELL/PERNA/Kettlebell-Clean-and-Press_Weightlifting__converted.gif","KETTLEBELL","PERNA"
"masculino","Kettlebell-Clean-and-Push-Press-(male)_Weightlifti_converted","KETTLEBELL/PERNA/Kettlebell-Clean-and-Push-Press-(male)_Weightlifti_converted.gif","KETTLEBELL","PERNA"
"masculino","Kettlebell-Clean-Grip-Reverse-Lunge-(male)_Thighs__converted","KETTLEBELL/PERNA/Kettlebell-Clean-Grip-Reverse-Lunge-(male)_Thighs__converted.gif","KETTLEBELL","PERNA"
"masculino","Kettlebell-Contralateral-Reverse-Lunge-(male)_Thig_converted","KETTLEBELL/PERNA/Kettlebell-Contralateral-Reverse-Lunge-(male)_Thig_converted.gif","KETTLEBELL","PERNA"
"masculino","Kettlebell-Cossack-Squat-(male)_Thighs__converted","KETTLEBELL/PERNA/Kettlebell-Cossack-Squat-(male)_Thighs__converted.gif","KETTLEBELL","PERNA"
"masculino","Kettlebell-deadlift_Hips__converted","KETTLEBELL/PERNA/Kettlebell-deadlift_Hips__converted.gif","KETTLEBELL","PERNA"
"masculino","Kettlebell-Double-Alternating-Hang-Clean_Shoulders_converted","KETTLEBELL/PERNA/Kettlebell-Double-Alternating-Hang-Clean_Shoulders_converted.gif","KETTLEBELL","PERNA"
"masculino","Kettlebell-Double-Jerk_Shoulders__converted","KETTLEBELL/PERNA/Kettlebell-Double-Jerk_Shoulders__converted.gif","KETTLEBELL","PERNA"
"masculino","Kettlebell-Double-Push-Press_Shoulders__converted","KETTLEBELL/PERNA/Kettlebell-Double-Push-Press_Shoulders__converted.gif","KETTLEBELL","PERNA"
"masculino","Kettlebell-Double-Snatch_Shoulders__converted","KETTLEBELL/PERNA/Kettlebell-Double-Snatch_Shoulders__converted.gif","KETTLEBELL","PERNA"
"masculino","Kettlebell-Farmers-Carry_Weightlifting__converted","KETTLEBELL/PERNA/Kettlebell-Farmers-Carry_Weightlifting__converted.gif","KETTLEBELL","PERNA"
"masculino","Kettlebell-Figure-8_Waist__converted","KETTLEBELL/PERNA/Kettlebell-Figure-8_Waist__converted.gif","KETTLEBELL","PERNA"
"masculino","Kettlebell-Figure-8-Swing-(male)_Hips__converted","KETTLEBELL/PERNA/Kettlebell-Figure-8-Swing-(male)_Hips__converted.gif","KETTLEBELL","PERNA"
"masculino","Kettlebell-Forward-Backward-Lunge-(male)_Thighs__converted","KETTLEBELL/PERNA/Kettlebell-Forward-Backward-Lunge-(male)_Thighs__converted.gif","KETTLEBELL","PERNA"
"masculino","Kettlebell-Forward-Backward-Lunge-(VERSION-2)-(mal_converted","KETTLEBELL/PERNA/Kettlebell-Forward-Backward-Lunge-(VERSION-2)-(mal_converted.gif","KETTLEBELL","PERNA"
"masculino","Kettlebell-Forward-Lunge_Thighs__converted","KETTLEBELL/PERNA/Kettlebell-Forward-Lunge_Thighs__converted.gif","KETTLEBELL","PERNA"
"masculino","Kettlebell-Forward-Lunge-(VERSION-2)_Thighs__converted","KETTLEBELL/PERNA/Kettlebell-Forward-Lunge-(VERSION-2)_Thighs__converted.gif","KETTLEBELL","PERNA"
"masculino","Kettlebell-Front-Squat_Thighs__converted","KETTLEBELL/PERNA/Kettlebell-Front-Squat_Thighs__converted.gif","KETTLEBELL","PERNA"
"masculino","Kettlebell-Goblet-Forward-Backward-Lunge-(male)_Th_converted","KETTLEBELL/PERNA/Kettlebell-Goblet-Forward-Backward-Lunge-(male)_Th_converted.gif","KETTLEBELL","PERNA"
"masculino","Kettlebell-Goblet-Forward-Backward-Lunge-(VERSION-_converted","KETTLEBELL/PERNA/Kettlebell-Goblet-Forward-Backward-Lunge-(VERSION-_converted.gif","KETTLEBELL","PERNA"
"masculino","Kettlebell-Goblet-Lateral-Step-Up-(male)_Thighs__converted","KETTLEBELL/PERNA/Kettlebell-Goblet-Lateral-Step-Up-(male)_Thighs__converted.gif","KETTLEBELL","PERNA"
"masculino","Kettlebell-Goblet-Pulse-Squat-(male)_Thighs__converted","KETTLEBELL/PERNA/Kettlebell-Goblet-Pulse-Squat-(male)_Thighs__converted.gif","KETTLEBELL","PERNA"
"masculino","Kettlebell-Goblet-Squat_thighs_converted","KETTLEBELL/PERNA/Kettlebell-Goblet-Squat_thighs_converted.gif","KETTLEBELL","PERNA"
"masculino","Kettlebell-Goblet-Squat-Mobility_Thighs__converted","KETTLEBELL/PERNA/Kettlebell-Goblet-Squat-Mobility_Thighs__converted.gif","KETTLEBELL","PERNA"
"masculino","Kettlebell-Good-Morning_Hips__converted","KETTLEBELL/PERNA/Kettlebell-Good-Morning_Hips__converted.gif","KETTLEBELL","PERNA"
"masculino","Kettlebell-Good-Morning-(male)_Hips__converted","KETTLEBELL/PERNA/Kettlebell-Good-Morning-(male)_Hips__converted.gif","KETTLEBELL","PERNA"
"masculino","Kettlebell-Hang-Clean_thighs_converted","KETTLEBELL/PERNA/Kettlebell-Hang-Clean_thighs_converted.gif","KETTLEBELL","PERNA"
"masculino","Kettlebell-Ipsilateral-Reverse-Lunge-(male)_Thighs_converted","KETTLEBELL/PERNA/Kettlebell-Ipsilateral-Reverse-Lunge-(male)_Thighs_converted.gif","KETTLEBELL","PERNA"
"masculino","Kettlebell-Kickstand-One-Leg-Deadlift_Hips__converted","KETTLEBELL/PERNA/Kettlebell-Kickstand-One-Leg-Deadlift_Hips__converted.gif","KETTLEBELL","PERNA"
"masculino","Kettlebell-Kneeling-Hold-to-Stand_Thighs__converted","KETTLEBELL/PERNA/Kettlebell-Kneeling-Hold-to-Stand_Thighs__converted.gif","KETTLEBELL","PERNA"
"masculino","Kettlebell-Kneeling-Hold-to-Stand-Clean-grip_Thighs__converted","KETTLEBELL/PERNA/Kettlebell-Kneeling-Hold-to-Stand-Clean-grip_Thighs__converted.gif","KETTLEBELL","PERNA"
"masculino","Kettlebell-Lateral-Lunge_Thighs__converted","KETTLEBELL/PERNA/Kettlebell-Lateral-Lunge_Thighs__converted.gif","KETTLEBELL","PERNA"
"masculino","Kettlebell-Lateral-Step-up-(male)_Thighs_ 1_converted","KETTLEBELL/PERNA/Kettlebell-Lateral-Step-up-(male)_Thighs_ 1_converted.gif","KETTLEBELL","PERNA"
"masculino","Kettlebell-Lateral-Step-Up-(male)_Thighs__converted","KETTLEBELL/PERNA/Kettlebell-Lateral-Step-Up-(male)_Thighs__converted.gif","KETTLEBELL","PERNA"
"masculino","Kettlebell-Lunge-Pass-Through_Thighs__converted","KETTLEBELL/PERNA/Kettlebell-Lunge-Pass-Through_Thighs__converted.gif","KETTLEBELL","PERNA"
"masculino","Kettlebell-Lunge-with-Twist_Thighs_Waist__converted","KETTLEBELL/PERNA/Kettlebell-Lunge-with-Twist_Thighs_Waist__converted.gif","KETTLEBELL","PERNA"
"masculino","Kettlebell-One-Arm-Clean-and-Jerk_Shoulders__converted","KETTLEBELL/PERNA/Kettlebell-One-Arm-Clean-and-Jerk_Shoulders__converted.gif","KETTLEBELL","PERNA"
"masculino","Kettlebell-One-Arm-Jerk_Shoulders_converted","KETTLEBELL/PERNA/Kettlebell-One-Arm-Jerk_Shoulders_converted.gif","KETTLEBELL","PERNA"
"masculino","Kettlebell-One-Arm-Overhead-Squat_Thighs_Shoulders_converted","KETTLEBELL/PERNA/Kettlebell-One-Arm-Overhead-Squat_Thighs_Shoulders_converted.gif","KETTLEBELL","PERNA"
"masculino","Kettlebell-One-Arm-Snatch_Shoulders__converted","KETTLEBELL/PERNA/Kettlebell-One-Arm-Snatch_Shoulders__converted.gif","KETTLEBELL","PERNA"
"masculino","Kettlebell-One-Arm-Swing_Weightlifts__converted","KETTLEBELL/PERNA/Kettlebell-One-Arm-Swing_Weightlifts__converted.gif","KETTLEBELL","PERNA"
"masculino","Kettlebell-One-Legged-Deadlift_Hips_converted","KETTLEBELL/PERNA/Kettlebell-One-Legged-Deadlift_Hips_converted.gif","KETTLEBELL","PERNA"
"masculino","Kettlebell-Overhead-Lunge_Thighs__converted","KETTLEBELL/PERNA/Kettlebell-Overhead-Lunge_Thighs__converted.gif","KETTLEBELL","PERNA"
"masculino","Kettlebell-Pistol-Squat_thighs_converted","KETTLEBELL/PERNA/Kettlebell-Pistol-Squat_thighs_converted.gif","KETTLEBELL","PERNA"
"masculino","Kettlebell-Pistol-Squat-(male)_Thighs-FIX__converted","KETTLEBELL/PERNA/Kettlebell-Pistol-Squat-(male)_Thighs-FIX__converted.gif","KETTLEBELL","PERNA"
"masculino","Kettlebell-Rear-Lunge_Thighs__converted","KETTLEBELL/PERNA/Kettlebell-Rear-Lunge_Thighs__converted.gif","KETTLEBELL","PERNA"
"masculino","Kettlebell-Rear-Lunge_Thighs-FIX__converted","KETTLEBELL/PERNA/Kettlebell-Rear-Lunge_Thighs-FIX__converted.gif","KETTLEBELL","PERNA"
"masculino","Kettlebell-Romanian-Deadlift_Hips__converted","KETTLEBELL/PERNA/Kettlebell-Romanian-Deadlift_Hips__converted.gif","KETTLEBELL","PERNA"
"masculino","Kettlebell-Romanian-Deadlift-to-Squat-(male)_Thigh_converted","KETTLEBELL/PERNA/Kettlebell-Romanian-Deadlift-to-Squat-(male)_Thigh_converted.gif","KETTLEBELL","PERNA"
"masculino","Kettlebell-Rotational-Deadlift-(male)_Hips__converted","KETTLEBELL/PERNA/Kettlebell-Rotational-Deadlift-(male)_Hips__converted.gif","KETTLEBELL","PERNA"
"masculino","Kettlebell-Side-Lunge-(male)_Thighs__converted","KETTLEBELL/PERNA/Kettlebell-Side-Lunge-(male)_Thighs__converted.gif","KETTLEBELL","PERNA"
"masculino","Kettlebell-Single-Arm-Clean-and-Press-(male)_Weigh_converted","KETTLEBELL/PERNA/Kettlebell-Single-Arm-Clean-and-Press-(male)_Weigh_converted.gif","KETTLEBELL","PERNA"
"masculino","Kettlebell-Single-arm-Clean-and-Push-Press-(male)__converted","KETTLEBELL/PERNA/Kettlebell-Single-arm-Clean-and-Push-Press-(male)__converted.gif","KETTLEBELL","PERNA"
"masculino","Kettlebell-Single-Arm-Overhead-Lunge_Thighs__converted","KETTLEBELL/PERNA/Kettlebell-Single-Arm-Overhead-Lunge_Thighs__converted.gif","KETTLEBELL","PERNA"
"masculino","Kettlebell-Single-Leg-Deadlift_Hips__converted","KETTLEBELL/PERNA/Kettlebell-Single-Leg-Deadlift_Hips__converted.gif","KETTLEBELL","PERNA"
"masculino","Kettlebell-Single-Leg-Split-Squat_Thighs__converted","KETTLEBELL/PERNA/Kettlebell-Single-Leg-Split-Squat_Thighs__converted.gif","KETTLEBELL","PERNA"
"masculino","Kettlebell-Single-Leg-Split-Squat-with-Low-Box_Thighs__converted","KETTLEBELL/PERNA/Kettlebell-Single-Leg-Split-Squat-with-Low-Box_Thighs__converted.gif","KETTLEBELL","PERNA"
"masculino","Kettlebell-Snatch-and-Swing-(male)_Hips__converted","KETTLEBELL/PERNA/Kettlebell-Snatch-and-Swing-(male)_Hips__converted.gif","KETTLEBELL","PERNA"
"masculino","Kettlebell-Split-Squat_Thighs__converted","KETTLEBELL/PERNA/Kettlebell-Split-Squat_Thighs__converted.gif","KETTLEBELL","PERNA"
"masculino","Kettlebell-Step-up-(VERSION-2)_Thighs__converted","KETTLEBELL/PERNA/Kettlebell-Step-up-(VERSION-2)_Thighs__converted.gif","KETTLEBELL","PERNA"
"masculino","Kettlebell-Straight-leg-Deadlift_Hips__converted","KETTLEBELL/PERNA/Kettlebell-Straight-leg-Deadlift_Hips__converted.gif","KETTLEBELL","PERNA"
"masculino","Kettlebell-Suitcase-Deadlift-(male)_Hips__converted","KETTLEBELL/PERNA/Kettlebell-Suitcase-Deadlift-(male)_Hips__converted.gif","KETTLEBELL","PERNA"
"masculino","Kettlebell-Sumo-Deadlift_Hips__converted","KETTLEBELL/PERNA/Kettlebell-Sumo-Deadlift_Hips__converted.gif","KETTLEBELL","PERNA"
"masculino","Kettlebell-Sumo-Deadlift-with-High-Pull-(male)_Hip_converted","KETTLEBELL/PERNA/Kettlebell-Sumo-Deadlift-with-High-Pull-(male)_Hip_converted.gif","KETTLEBELL","PERNA"
"masculino","Kettlebell-Sumo-High-Pull_Back__converted","KETTLEBELL/PERNA/Kettlebell-Sumo-High-Pull_Back__converted.gif","KETTLEBELL","PERNA"
"masculino","Kettlebell-Sumo-Squat-(male)_Hips__converted","KETTLEBELL/PERNA/Kettlebell-Sumo-Squat-(male)_Hips__converted.gif","KETTLEBELL","PERNA"
"masculino","Kettlebell-Sumo-Squat-(VERSION-2)_Hips__converted","KETTLEBELL/PERNA/Kettlebell-Sumo-Squat-(VERSION-2)_Hips__converted.gif","KETTLEBELL","PERNA"
"masculino","Kettlebell-Sumo-Squat-off-Stepbox-(male)_Hips__converted","KETTLEBELL/PERNA/Kettlebell-Sumo-Squat-off-Stepbox-(male)_Hips__converted.gif","KETTLEBELL","PERNA"
"masculino","Kettlebell-Swing_Hips-FIX2__converted","KETTLEBELL/PERNA/Kettlebell-Swing_Hips-FIX2__converted.gif","KETTLEBELL","PERNA"
"masculino","Kettlebell-Swing-to-Goblet-Squat_Thighs__converted","KETTLEBELL/PERNA/Kettlebell-Swing-to-Goblet-Squat_Thighs__converted.gif","KETTLEBELL","PERNA"
"masculino","Kettlebell-Thruster_Shoulders__converted","KETTLEBELL/PERNA/Kettlebell-Thruster_Shoulders__converted.gif","KETTLEBELL","PERNA"
"masculino","Kettlebell-Two-Arm-Clean_Shoulders__converted","KETTLEBELL/PERNA/Kettlebell-Two-Arm-Clean_Shoulders__converted.gif","KETTLEBELL","PERNA"
"masculino","Kettlebell-Unilateral-Farmers-Walk-(male)_Weightli_converted","KETTLEBELL/PERNA/Kettlebell-Unilateral-Farmers-Walk-(male)_Weightli_converted.gif","KETTLEBELL","PERNA"
"masculino","Weighted-Kettlebell-Glute-Single-Leg-Bridge-from-B_converted","KETTLEBELL/PERNA/Weighted-Kettlebell-Glute-Single-Leg-Bridge-from-B_converted.gif","KETTLEBELL","PERNA"
"masculino","Kettlebell-Angled-Press_Back_converted","KETTLEBELL/TRAPÉZIO/Kettlebell-Angled-Press_Back_converted.gif","KETTLEBELL","TRAPÉZIO"
"masculino","Kettlebell-Decline-Shrug_Back__converted","KETTLEBELL/TRAPÉZIO/Kettlebell-Decline-Shrug_Back__converted.gif","KETTLEBELL","TRAPÉZIO"
"masculino","Kettlebell-Incline-Shrug_Back__converted","KETTLEBELL/TRAPÉZIO/Kettlebell-Incline-Shrug_Back__converted.gif","KETTLEBELL","TRAPÉZIO"
"masculino","Kettlebell-Shrug_Back__converted","KETTLEBELL/TRAPÉZIO/Kettlebell-Shrug_Back__converted.gif","KETTLEBELL","TRAPÉZIO"
"masculino","Kettlebell-Upright-Row-(male)_Shoulders__converted","KETTLEBELL/TRAPÉZIO/Kettlebell-Upright-Row-(male)_Shoulders__converted.gif","KETTLEBELL","TRAPÉZIO"
"masculino","Kettlebell-Incline-Triceps-Extension_Upper-Arms__converted","KETTLEBELL/TRICEPS/Kettlebell-Incline-Triceps-Extension_Upper-Arms__converted.gif","KETTLEBELL","TRICEPS"
"masculino","Kettlebell-Lying-Triceps-Extension-Skull-Crusher_Upper-Arms__converted","KETTLEBELL/TRICEPS/Kettlebell-Lying-Triceps-Extension-Skull-Crusher_Upper-Arms__converted.gif","KETTLEBELL","TRICEPS"
"masculino","Kettlebell-Overhead-Triceps-Extension_Upper-Arms__converted","KETTLEBELL/TRICEPS/Kettlebell-Overhead-Triceps-Extension_Upper-Arms__converted.gif","KETTLEBELL","TRICEPS"
"masculino","Kettlebell-Standing-One-Arm-Extension_Upper-Arms__converted","KETTLEBELL/TRICEPS/Kettlebell-Standing-One-Arm-Extension_Upper-Arms__converted.gif","KETTLEBELL","TRICEPS"
"masculino","Band-bicycle-crunch_Waist_converted","SUPERBAND/ABDOMINAIS/Band-bicycle-crunch_Waist_converted.gif","SUPERBAND","ABDOMINAIS"
"masculino","Band-Decline-Sit-up_Hips_converted","SUPERBAND/ABDOMINAIS/Band-Decline-Sit-up_Hips_converted.gif","SUPERBAND","ABDOMINAIS"
"masculino","Band-Half-Kneeling-Chop_Waist__converted","SUPERBAND/ABDOMINAIS/Band-Half-Kneeling-Chop_Waist__converted.gif","SUPERBAND","ABDOMINAIS"
"masculino","Band-Horizontal-Pallof-Press_Waist_converted","SUPERBAND/ABDOMINAIS/Band-Horizontal-Pallof-Press_Waist_converted.gif","SUPERBAND","ABDOMINAIS"
"masculino","Band-Jackknife-Sit-Up_Waist__converted","SUPERBAND/ABDOMINAIS/Band-Jackknife-Sit-Up_Waist__converted.gif","SUPERBAND","ABDOMINAIS"
"masculino","Band-Kneeling-Crunch-(male)_Waist_converted","SUPERBAND/ABDOMINAIS/Band-Kneeling-Crunch-(male)_Waist_converted.gif","SUPERBAND","ABDOMINAIS"
"masculino","Band-Overhead-Side-Bend-(male)_Waist_converted","SUPERBAND/ABDOMINAIS/Band-Overhead-Side-Bend-(male)_Waist_converted.gif","SUPERBAND","ABDOMINAIS"
"masculino","Band-Reverse-Crunch-(male)_Waist__converted","SUPERBAND/ABDOMINAIS/Band-Reverse-Crunch-(male)_Waist__converted.gif","SUPERBAND","ABDOMINAIS"
"masculino","Band-side-bend-(male)_Waist_converted","SUPERBAND/ABDOMINAIS/Band-side-bend-(male)_Waist_converted.gif","SUPERBAND","ABDOMINAIS"
"masculino","Band-standing-crunch_Waist_converted","SUPERBAND/ABDOMINAIS/Band-standing-crunch_Waist_converted.gif","SUPERBAND","ABDOMINAIS"
"masculino","Band-Standing-Single-Arm-Twist-Row_Back__converted","SUPERBAND/ABDOMINAIS/Band-Standing-Single-Arm-Twist-Row_Back__converted.gif","SUPERBAND","ABDOMINAIS"
"masculino","Band-twist-(male)_Waist_converted","SUPERBAND/ABDOMINAIS/Band-twist-(male)_Waist_converted.gif","SUPERBAND","ABDOMINAIS"
"masculino","Band-twist-(up-down)_Waist-(male)_converted","SUPERBAND/ABDOMINAIS/Band-twist-(up-down)_Waist-(male)_converted.gif","SUPERBAND","ABDOMINAIS"
"masculino","Band-Upper-Crunch-(male)_Waist_converted","SUPERBAND/ABDOMINAIS/Band-Upper-Crunch-(male)_Waist_converted.gif","SUPERBAND","ABDOMINAIS"
"masculino","Resistance-Band-Horizontal-Pallof-Press_Waist__converted","SUPERBAND/ABDOMINAIS/Resistance-Band-Horizontal-Pallof-Press_Waist__converted.gif","SUPERBAND","ABDOMINAIS"
"masculino","Resistance-Band-Kneeling-High-Low-Anti-Rotation-Ch_converted","SUPERBAND/ABDOMINAIS/Resistance-Band-Kneeling-High-Low-Anti-Rotation-Ch_converted.gif","SUPERBAND","ABDOMINAIS"
"masculino","Resistance-Band-Standing-Wood-Chopper-(male)_Waist_converted","SUPERBAND/ABDOMINAIS/Resistance-Band-Standing-Wood-Chopper-(male)_Waist_converted.gif","SUPERBAND","ABDOMINAIS"
"masculino","Resistance-Band-Wide-Stance-Anti-Rotation-Chop-(ma_converted","SUPERBAND/ABDOMINAIS/Resistance-Band-Wide-Stance-Anti-Rotation-Chop-(ma_converted.gif","SUPERBAND","ABDOMINAIS"
"masculino","Band-Reverse-Spider-Curl_Upper-Arms__converted","SUPERBAND/ANTEBRAÇO/Band-Reverse-Spider-Curl_Upper-Arms__converted.gif","SUPERBAND","ANTEBRAÇO"
"masculino","Band-Reverse-Wrist-Curl_Forearms__converted","SUPERBAND/ANTEBRAÇO/Band-Reverse-Wrist-Curl_Forearms__converted.gif","SUPERBAND","ANTEBRAÇO"
"masculino","Band-45-degrees-Biceps-Curl-(male)_Upper-Arms_converted","SUPERBAND/BICEPS/Band-45-degrees-Biceps-Curl-(male)_Upper-Arms_converted.gif","SUPERBAND","BICEPS"
"masculino","Band-45-degrees-One-Arm-Biceps-Curl-(male)_Upper-arms__converted","SUPERBAND/BICEPS/Band-45-degrees-One-Arm-Biceps-Curl-(male)_Upper-arms__converted.gif","SUPERBAND","BICEPS"
"masculino","Band-Concentration-Curl_Upper-Arms__converted","SUPERBAND/BICEPS/Band-Concentration-Curl_Upper-Arms__converted.gif","SUPERBAND","BICEPS"
"masculino","Band-Cross-Chest-Biceps-Curl-(male)_Upper-Arms_converted","SUPERBAND/BICEPS/Band-Cross-Chest-Biceps-Curl-(male)_Upper-Arms_converted.gif","SUPERBAND","BICEPS"
"masculino","Band-Horizontal-Biceps-Curl-(male)_Upper-Arms_converted","SUPERBAND/BICEPS/Band-Horizontal-Biceps-Curl-(male)_Upper-Arms_converted.gif","SUPERBAND","BICEPS"
"masculino","Band-Incline-Alternate-Hammer-Curl_Upper-Arms1__converted","SUPERBAND/BICEPS/Band-Incline-Alternate-Hammer-Curl_Upper-Arms1__converted.gif","SUPERBAND","BICEPS"
"masculino","Band-Incline-Biceps-Curl_Upper-Arms__converted","SUPERBAND/BICEPS/Band-Incline-Biceps-Curl_Upper-Arms__converted.gif","SUPERBAND","BICEPS"
"masculino","Band-Incline-Hammer-Curl_Upper-Arms__converted","SUPERBAND/BICEPS/Band-Incline-Hammer-Curl_Upper-Arms__converted.gif","SUPERBAND","BICEPS"
"masculino","Band-Kneeling-Preacher-Curl-(male)_Upper-Arms_converted","SUPERBAND/BICEPS/Band-Kneeling-Preacher-Curl-(male)_Upper-Arms_converted.gif","SUPERBAND","BICEPS"
"masculino","Band-One-Arm-Overhead-Biceps-Curl_Upper-Arms__converted","SUPERBAND/BICEPS/Band-One-Arm-Overhead-Biceps-Curl_Upper-Arms__converted.gif","SUPERBAND","BICEPS"
"masculino","Band-Prone-Incline-Curl_Upper-Arms__converted","SUPERBAND/BICEPS/Band-Prone-Incline-Curl_Upper-Arms__converted.gif","SUPERBAND","BICEPS"
"masculino","Band-Prone-Incline-Hammer-Curl_Upper-Arms__converted","SUPERBAND/BICEPS/Band-Prone-Incline-Hammer-Curl_Upper-Arms__converted.gif","SUPERBAND","BICEPS"
"masculino","Band-Standard-Biceps-Curl-(male)_Upper-Arms_converted","SUPERBAND/BICEPS/Band-Standard-Biceps-Curl-(male)_Upper-Arms_converted.gif","SUPERBAND","BICEPS"
"masculino","Band-Assisted-Chin-Up-(From-Knee)_Back__converted","SUPERBAND/COSTAS/Band-Assisted-Chin-Up-(From-Knee)_Back__converted.gif","SUPERBAND","COSTAS"
"masculino","Band-Assisted-Pull-Up-(VERSION-3)_Back_converted","SUPERBAND/COSTAS/Band-Assisted-Pull-Up-(VERSION-3)_Back_converted.gif","SUPERBAND","COSTAS"
"masculino","Band-Bent-Over-Lat-Pulldown_Back__converted","SUPERBAND/COSTAS/Band-Bent-Over-Lat-Pulldown_Back__converted.gif","SUPERBAND","COSTAS"
"masculino","Band-Bent-Over-Rear-Deltoid-Kickback-(male)_Should_converted","SUPERBAND/COSTAS/Band-Bent-Over-Rear-Deltoid-Kickback-(male)_Should_converted.gif","SUPERBAND","COSTAS"
"masculino","Band-bent-over-rear-lateral-raise-(male)_Shoulders_converted","SUPERBAND/COSTAS/Band-bent-over-rear-lateral-raise-(male)_Shoulders_converted.gif","SUPERBAND","COSTAS"
"masculino","Band-Close-Grip-Row_Back__converted","SUPERBAND/COSTAS/Band-Close-Grip-Row_Back__converted.gif","SUPERBAND","COSTAS"
"masculino","Band-Face-Pull-(male)_Shoulders__converted","SUPERBAND/COSTAS/Band-Face-Pull-(male)_Shoulders__converted.gif","SUPERBAND","COSTAS"
"masculino","Band-Fixed-Back-Underhand-Pulldown_Back__converted","SUPERBAND/COSTAS/Band-Fixed-Back-Underhand-Pulldown_Back__converted.gif","SUPERBAND","COSTAS"
"masculino","Band-Hammer-Grip-Incline-Bench-Two-Arm-Row_Back__converted","SUPERBAND/COSTAS/Band-Hammer-Grip-Incline-Bench-Two-Arm-Row_Back__converted.gif","SUPERBAND","COSTAS"
"masculino","Band-Incline-Row_Back__converted","SUPERBAND/COSTAS/Band-Incline-Row_Back__converted.gif","SUPERBAND","COSTAS"
"masculino","Band-Incline-T-Raise_Shoulders__converted","SUPERBAND/COSTAS/Band-Incline-T-Raise_Shoulders__converted.gif","SUPERBAND","COSTAS"
"masculino","Band-Incline-Y-Raise_Shoulders__converted","SUPERBAND/COSTAS/Band-Incline-Y-Raise_Shoulders__converted.gif","SUPERBAND","COSTAS"
"masculino","Band-kneeling-one-arm-pulldown_Back_converted","SUPERBAND/COSTAS/Band-kneeling-one-arm-pulldown_Back_converted.gif","SUPERBAND","COSTAS"
"masculino","Band-Knelling-Lat-Pulldown_Back__converted","SUPERBAND/COSTAS/Band-Knelling-Lat-Pulldown_Back__converted.gif","SUPERBAND","COSTAS"
"masculino","Band-Lying-Reverse-Grip-Row_Back__converted","SUPERBAND/COSTAS/Band-Lying-Reverse-Grip-Row_Back__converted.gif","SUPERBAND","COSTAS"
"masculino","Band-Narrow-Grip-High-Row_Back__converted","SUPERBAND/COSTAS/Band-Narrow-Grip-High-Row_Back__converted.gif","SUPERBAND","COSTAS"
"masculino","Band-Narrow-Grip-High-Row-(VERSION-2)_Back__converted","SUPERBAND/COSTAS/Band-Narrow-Grip-High-Row-(VERSION-2)_Back__converted.gif","SUPERBAND","COSTAS"
"masculino","Band-One-Arm-Twisting-Seated-Row_Back_converted","SUPERBAND/COSTAS/Band-One-Arm-Twisting-Seated-Row_Back_converted.gif","SUPERBAND","COSTAS"
"masculino","Band-Reverse-fly_Shoulders_ 1_converted","SUPERBAND/COSTAS/Band-Reverse-fly_Shoulders_ 1_converted.gif","SUPERBAND","COSTAS"
"masculino","Band-Reverse-Fly_Shoulders__converted","SUPERBAND/COSTAS/Band-Reverse-Fly_Shoulders__converted.gif","SUPERBAND","COSTAS"
"masculino","Band-seated-row-(male)_Back_converted","SUPERBAND/COSTAS/Band-seated-row-(male)_Back_converted.gif","SUPERBAND","COSTAS"
"masculino","Band-standing-rear-delt-row_Shoulders_converted","SUPERBAND/COSTAS/Band-standing-rear-delt-row_Shoulders_converted.gif","SUPERBAND","COSTAS"
"masculino","Resistance-Band-Assisted-Neutral-Grip-Chin-Up-(mal_converted","SUPERBAND/COSTAS/Resistance-Band-Assisted-Neutral-Grip-Chin-Up-(mal_converted.gif","SUPERBAND","COSTAS"
"masculino","Resistance-Band-Cross-Body-Single-Straight-Arm-Supinated-Pulldown-(male)_Back__converted","SUPERBAND/COSTAS/Resistance-Band-Cross-Body-Single-Straight-Arm-Supinated-Pulldown-(male)_Back__converted.gif","SUPERBAND","COSTAS"
"masculino","Resistance-Band-Kneeling-Cross-Body-Lat-Pulldown-(_converted","SUPERBAND/COSTAS/Resistance-Band-Kneeling-Cross-Body-Lat-Pulldown-(_converted.gif","SUPERBAND","COSTAS"
"masculino","Resistance-Band-Kneeling-Cross-Body-Single-Straight-Arm-Supinated-Pulldown-(male)_Back__converted","SUPERBAND/COSTAS/Resistance-Band-Kneeling-Cross-Body-Single-Straight-Arm-Supinated-Pulldown-(male)_Back__converted.gif","SUPERBAND","COSTAS"
"masculino","Band-front-lateral-raise_Shoulders_converted","SUPERBAND/OMBRO/Band-front-lateral-raise_Shoulders_converted.gif","SUPERBAND","OMBRO"
"masculino","Band-Lateral-Raise-(Version-2)_Shoulders_converted","SUPERBAND/OMBRO/Band-Lateral-Raise-(Version-2)_Shoulders_converted.gif","SUPERBAND","OMBRO"
"masculino","Band-Seated-Lateral-Raise_Shoulders__converted","SUPERBAND/OMBRO/Band-Seated-Lateral-Raise_Shoulders__converted.gif","SUPERBAND","OMBRO"
"masculino","Band-Seated-Neutral-Grip-Shoulders-Press_Shoulders_converted","SUPERBAND/OMBRO/Band-Seated-Neutral-Grip-Shoulders-Press_Shoulders_converted.gif","SUPERBAND","OMBRO"
"masculino","Band-Seated-Shoulder-Press_Shoulders__converted","SUPERBAND/OMBRO/Band-Seated-Shoulder-Press_Shoulders__converted.gif","SUPERBAND","OMBRO"
"masculino","Band-Y-Raise_Shoulders__converted","SUPERBAND/OMBRO/Band-Y-Raise_Shoulders__converted.gif","SUPERBAND","OMBRO"
"masculino","Resistance-Band-Half-Kneeling-Face-Pull_Shoulders__converted","SUPERBAND/OMBRO/Resistance-Band-Half-Kneeling-Face-Pull_Shoulders__converted.gif","SUPERBAND","OMBRO"
"masculino","Resistance-Band-Kneeling-Shoulder-Press-(male)_Sho_converted","SUPERBAND/OMBRO/Resistance-Band-Kneeling-Shoulder-Press-(male)_Sho_converted.gif","SUPERBAND","OMBRO"
"masculino","Resistance-Band-Standing-Shoulder-Extrernal-Rotati_converted","SUPERBAND/OMBRO/Resistance-Band-Standing-Shoulder-Extrernal-Rotati_converted.gif","SUPERBAND","OMBRO"
"masculino","Resistance-Band-Standing-Shoulder-Internal-Rotatio_converted","SUPERBAND/OMBRO/Resistance-Band-Standing-Shoulder-Internal-Rotatio_converted.gif","SUPERBAND","OMBRO"
"masculino","Resistance-Band-Y-Press-(male)_Shoulders__converted","SUPERBAND/OMBRO/Resistance-Band-Y-Press-(male)_Shoulders__converted.gif","SUPERBAND","OMBRO"
"masculino","Band-Alternate-Low-Chest-Fly-(male)_Chest_converted","SUPERBAND/PEITO/Band-Alternate-Low-Chest-Fly-(male)_Chest_converted.gif","SUPERBAND","PEITO"
"masculino","Band-Bench-Press_Chest__converted","SUPERBAND/PEITO/Band-Bench-Press_Chest__converted.gif","SUPERBAND","PEITO"
"masculino","Band-Chest-Fly-(male)_Chest-FIX__converted","SUPERBAND/PEITO/Band-Chest-Fly-(male)_Chest-FIX__converted.gif","SUPERBAND","PEITO"
"masculino","Band-Cross-Body-One-Arm-Chest-Press-(male)_Chest_converted","SUPERBAND/PEITO/Band-Cross-Body-One-Arm-Chest-Press-(male)_Chest_converted.gif","SUPERBAND","PEITO"
"masculino","Band-high-fly-(male)_Chest_converted","SUPERBAND/PEITO/Band-high-fly-(male)_Chest_converted.gif","SUPERBAND","PEITO"
"masculino","Band-Incline-Bench-Press_Chest__converted","SUPERBAND/PEITO/Band-Incline-Bench-Press_Chest__converted.gif","SUPERBAND","PEITO"
"masculino","Band-Incline-Chest-Fly_Chest-FIX__converted","SUPERBAND/PEITO/Band-Incline-Chest-Fly_Chest-FIX__converted.gif","SUPERBAND","PEITO"
"masculino","Band-Incline-Chest-Press_Chest-FIX__converted","SUPERBAND/PEITO/Band-Incline-Chest-Press_Chest-FIX__converted.gif","SUPERBAND","PEITO"
"masculino","Band-Incline-Fly_Chest__converted","SUPERBAND/PEITO/Band-Incline-Fly_Chest__converted.gif","SUPERBAND","PEITO"
"masculino","Band-Incline-Hammer-Press_Chest__converted","SUPERBAND/PEITO/Band-Incline-Hammer-Press_Chest__converted.gif","SUPERBAND","PEITO"
"masculino","Band-Incline-Palm-in-Press_Chest__converted","SUPERBAND/PEITO/Band-Incline-Palm-in-Press_Chest__converted.gif","SUPERBAND","PEITO"
"masculino","Band-Low-Alternate-Chest-Press-(male)_Chest_converted","SUPERBAND/PEITO/Band-Low-Alternate-Chest-Press-(male)_Chest_converted.gif","SUPERBAND","PEITO"
"masculino","Band-Low-Chest-Fly-(male)_Chest_converted","SUPERBAND/PEITO/Band-Low-Chest-Fly-(male)_Chest_converted.gif","SUPERBAND","PEITO"
"masculino","Band-Low-Chest-Press-(male)_Chest_converted","SUPERBAND/PEITO/Band-Low-Chest-Press-(male)_Chest_converted.gif","SUPERBAND","PEITO"
"masculino","Band-Standing-Alternate-Chest-Press-(male)_Chest_converted","SUPERBAND/PEITO/Band-Standing-Alternate-Chest-Press-(male)_Chest_converted.gif","SUPERBAND","PEITO"
"masculino","Band-Standing-Chest-Press-(male)_Chest_converted","SUPERBAND/PEITO/Band-Standing-Chest-Press-(male)_Chest_converted.gif","SUPERBAND","PEITO"
"masculino","Band-Standing-Single-Arm-Chest-Fly-(male)_Chest__converted","SUPERBAND/PEITO/Band-Standing-Single-Arm-Chest-Fly-(male)_Chest__converted.gif","SUPERBAND","PEITO"
"masculino","Resistance-Band-Assisted-Push-up-(male)_Chest__converted","SUPERBAND/PEITO/Resistance-Band-Assisted-Push-up-(male)_Chest__converted.gif","SUPERBAND","PEITO"
"masculino","Band-Bent-over-Hip-Extension-(male)_Hips_converted","SUPERBAND/PERNA/Band-Bent-over-Hip-Extension-(male)_Hips_converted.gif","SUPERBAND","PERNA"
"masculino","Band-hip-abduction-(male)_Hips_converted","SUPERBAND/PERNA/Band-hip-abduction-(male)_Hips_converted.gif","SUPERBAND","PERNA"
"masculino","Band-hip-adduction-(male)_Hips_converted","SUPERBAND/PERNA/Band-hip-adduction-(male)_Hips_converted.gif","SUPERBAND","PERNA"
"masculino","Band-Hip-Flexion_Hips__converted","SUPERBAND/PERNA/Band-Hip-Flexion_Hips__converted.gif","SUPERBAND","PERNA"
"masculino","Band-pull-through_Hips_converted","SUPERBAND/PERNA/Band-pull-through_Hips_converted.gif","SUPERBAND","PERNA"
"masculino","Band-Seated-Hip-External-Rotation_Hips__converted","SUPERBAND/PERNA/Band-Seated-Hip-External-Rotation_Hips__converted.gif","SUPERBAND","PERNA"
"masculino","Band-Seated-Hip-Internal-Rotation_Hips__converted","SUPERBAND/PERNA/Band-Seated-Hip-Internal-Rotation_Hips__converted.gif","SUPERBAND","PERNA"
"masculino","Band-Seated-Leg-Extension-(male)_Thighs_converted","SUPERBAND/PERNA/Band-Seated-Leg-Extension-(male)_Thighs_converted.gif","SUPERBAND","PERNA"
"masculino","Band-Single-Leg-Split-Squat_Hips-FIX__converted","SUPERBAND/PERNA/Band-Single-Leg-Split-Squat_Hips-FIX__converted.gif","SUPERBAND","PERNA"
"masculino","Band-Squat-Twist_Waist__converted","SUPERBAND/PERNA/Band-Squat-Twist_Waist__converted.gif","SUPERBAND","PERNA"
"masculino","Band-Standing-Hip-Extension-(male)_Hips_converted","SUPERBAND/PERNA/Band-Standing-Hip-Extension-(male)_Hips_converted.gif","SUPERBAND","PERNA"
"masculino","Band-standing-leg-curl-(male)_Thighs_converted","SUPERBAND/PERNA/Band-standing-leg-curl-(male)_Thighs_converted.gif","SUPERBAND","PERNA"
"masculino","Banded-Glute-Ham-Raise-(VERSION-2)_Thighs__converted","SUPERBAND/PERNA/Banded-Glute-Ham-Raise-(VERSION-2)_Thighs__converted.gif","SUPERBAND","PERNA"
"masculino","Resistance-Band-Hip-Thrusts_Hips__converted","SUPERBAND/PERNA/Resistance-Band-Hip-Thrusts_Hips__converted.gif","SUPERBAND","PERNA"
"masculino","Resistance-Band-Incline-Reverse-Hyperextension-(ma_converted","SUPERBAND/PERNA/Resistance-Band-Incline-Reverse-Hyperextension-(ma_converted.gif","SUPERBAND","PERNA"
"masculino","Resistance-Band-One-Leg-Kickback-(Bent-Position)-(male)_Hips_converted","SUPERBAND/PERNA/Resistance-Band-One-Leg-Kickback-(Bent-Position)-(male)_Hips_converted.gif","SUPERBAND","PERNA"
"masculino","Resistance-Band-Seated-Eversion-Foot-(male)_Calves_converted","SUPERBAND/PERNA/Resistance-Band-Seated-Eversion-Foot-(male)_Calves_converted.gif","SUPERBAND","PERNA"
"masculino","Resistance-Band-Seated-Hip-Abduction_Hips__converted","SUPERBAND/PERNA/Resistance-Band-Seated-Hip-Abduction_Hips__converted.gif","SUPERBAND","PERNA"
"masculino","Resistance-Band-Seated-Hip-Abduction-(VERSION-2)_H_converted","SUPERBAND/PERNA/Resistance-Band-Seated-Hip-Abduction-(VERSION-2)_H_converted.gif","SUPERBAND","PERNA"
"masculino","Resistance-Band-Seated-Inversion-Foot-(male)_Calve_converted","SUPERBAND/PERNA/Resistance-Band-Seated-Inversion-Foot-(male)_Calve_converted.gif","SUPERBAND","PERNA"
"masculino","Resistance-Band-Speed-Step-(male)_Hips__converted","SUPERBAND/PERNA/Resistance-Band-Speed-Step-(male)_Hips__converted.gif","SUPERBAND","PERNA"
"masculino","Band-Assisted-Dip_Back__converted","SUPERBAND/TRICEPS/Band-Assisted-Dip_Back__converted.gif","SUPERBAND","TRICEPS"
"masculino","Band-High-Pulley-Overhead-Triceps-Extension_Upper-Arms__converted","SUPERBAND/TRICEPS/Band-High-Pulley-Overhead-Triceps-Extension_Upper-Arms__converted.gif","SUPERBAND","TRICEPS"
"masculino","Band-Incline-Triceps-Extension_Upper-Arms__converted","SUPERBAND/TRICEPS/Band-Incline-Triceps-Extension_Upper-Arms__converted.gif","SUPERBAND","TRICEPS"
"masculino","Band-Lying-Reverse-Grip-Pressdown-(Skull-Crusher)__converted","SUPERBAND/TRICEPS/Band-Lying-Reverse-Grip-Pressdown-(Skull-Crusher)__converted.gif","SUPERBAND","TRICEPS"
"masculino","Band-Overhead-Single-Arm-Triceps-Extension_Upper-A_converted","SUPERBAND/TRICEPS/Band-Overhead-Single-Arm-Triceps-Extension_Upper-A_converted.gif","SUPERBAND","TRICEPS"
"masculino","Band-Overhead-Single-Arm-Triceps-Extension-(VERSIO_converted","SUPERBAND/TRICEPS/Band-Overhead-Single-Arm-Triceps-Extension-(VERSIO_converted.gif","SUPERBAND","TRICEPS"
"masculino","Band-overhead-triceps-extension-(male)_Upper-Arms_converted","SUPERBAND/TRICEPS/Band-overhead-triceps-extension-(male)_Upper-Arms_converted.gif","SUPERBAND","TRICEPS"
"masculino","Band-Pushdown-(Male)_Upper-Arms_converted","SUPERBAND/TRICEPS/Band-Pushdown-(Male)_Upper-Arms_converted.gif","SUPERBAND","TRICEPS"
"masculino","Band-Skull-Crusher_Upper-Arms__converted","SUPERBAND/TRICEPS/Band-Skull-Crusher_Upper-Arms__converted.gif","SUPERBAND","TRICEPS"
"masculino","Resistance-Band-Incline-Triceps-Extension_Upper-Ar_converted","SUPERBAND/TRICEPS/Resistance-Band-Incline-Triceps-Extension_Upper-Ar_converted.gif","SUPERBAND","TRICEPS"
"masculino","Resistance-Band-Triceps-Pushdown_Upper-Arms__converted","SUPERBAND/TRICEPS/Resistance-Band-Triceps-Pushdown_Upper-Arms__converted.gif","SUPERBAND","TRICEPS"
"geral","Bicycle-Recline-Walk-(female)_Cardio__converted","FEMININO/CARDIO/GERAL/Bicycle-Recline-Walk-(female)_Cardio__converted.gif","CARDIO","GERAL"
"geral","Elliptical-Machine-Skiing-(female)_Cardio_converted","FEMININO/CARDIO/GERAL/Elliptical-Machine-Skiing-(female)_Cardio_converted.gif","CARDIO","GERAL"
"geral","Elliptical-Machine-Walk-(female)_Cardio_converted","FEMININO/CARDIO/GERAL/Elliptical-Machine-Walk-(female)_Cardio_converted.gif","CARDIO","GERAL"
"geral","Rowing-(with-rowing-machine)-(female)_Cardio_converted","FEMININO/CARDIO/GERAL/Rowing-(with-rowing-machine)-(female)_Cardio_converted.gif","CARDIO","GERAL"
"geral","Rowing-Straight-Back-(with-rowing-machine)-(female)_Cardio_converted","FEMININO/CARDIO/GERAL/Rowing-Straight-Back-(with-rowing-machine)-(female)_Cardio_converted.gif","CARDIO","GERAL"
"geral","Run-on-Treadmill-(female)_Cardio_converted","FEMININO/CARDIO/GERAL/Run-on-Treadmill-(female)_Cardio_converted.gif","CARDIO","GERAL"
"geral","Stationary-Bike-Run-(version-3)-(female)_Cardio_converted","FEMININO/CARDIO/GERAL/Stationary-Bike-Run-(version-3)-(female)_Cardio_converted.gif","CARDIO","GERAL"
"geral","Stationary-Bike-Run-(version-4)-(female)_Cardio__converted","FEMININO/CARDIO/GERAL/Stationary-Bike-Run-(version-4)-(female)_Cardio__converted.gif","CARDIO","GERAL"
"geral","Vibrate-Plate-Standing-(female)_Stretching_converted","FEMININO/CARDIO/GERAL/Vibrate-Plate-Standing-(female)_Stretching_converted.gif","CARDIO","GERAL"
"geral","Walk-Elliptical-Cross-Trainer-(female)_Cardio_converted","FEMININO/CARDIO/GERAL/Walk-Elliptical-Cross-Trainer-(female)_Cardio_converted.gif","CARDIO","GERAL"
"geral","Walk-Wave-Machine-(female)_Cardio_converted","FEMININO/CARDIO/GERAL/Walk-Wave-Machine-(female)_Cardio_converted.gif","CARDIO","GERAL"
"geral","Walking-on-Elliptical-Machine-(VERSION-7)-(female)_converted","FEMININO/CARDIO/GERAL/Walking-on-Elliptical-Machine-(VERSION-7)-(female)_converted.gif","CARDIO","GERAL"
"geral","Walking-on-Incline-Treadmill-(female)_Cardio__converted","FEMININO/CARDIO/GERAL/Walking-on-Incline-Treadmill-(female)_Cardio__converted.gif","CARDIO","GERAL"
"geral","Walking-on-Stepmill-(female)_Thighs__converted","FEMININO/CARDIO/GERAL/Walking-on-Stepmill-(female)_Thighs__converted.gif","CARDIO","GERAL"
"geral","Walking-on-Treadmill_Cardio_converted","FEMININO/CARDIO/GERAL/Walking-on-Treadmill_Cardio_converted.gif","CARDIO","GERAL"
"geral","Barbell-Seated-Twist-(on-stability-ball)_Waist_converted","FEMININO/EXERCÍCIOS COM BARRAS/ABDOMINAIS/Barbell-Seated-Twist-(on-stability-ball)_Waist_converted.gif","EXERCÍCIOS COM BARRAS","ABDOMINAIS"
"feminino","Barbell-Standing-Twist-(female)_Waist_converted","FEMININO/EXERCÍCIOS COM BARRAS/ABDOMINAIS/Barbell-Standing-Twist-(female)_Waist_converted.gif","EXERCÍCIOS COM BARRAS","ABDOMINAIS"
"feminino","Hanging-Hollow-Hold-(female)_Waist__converted","FEMININO/EXERCÍCIOS COM BARRAS/ABDOMINAIS/Hanging-Hollow-Hold-(female)_Waist__converted.gif","EXERCÍCIOS COM BARRAS","ABDOMINAIS"
"feminino","Hanging-Leg-Hip-Raise-(female)_Waist__converted","FEMININO/EXERCÍCIOS COM BARRAS/ABDOMINAIS/Hanging-Leg-Hip-Raise-(female)_Waist__converted.gif","EXERCÍCIOS COM BARRAS","ABDOMINAIS"
"feminino","Hanging-Oblique-Knee-Raise-(female)_Waist_converted","FEMININO/EXERCÍCIOS COM BARRAS/ABDOMINAIS/Hanging-Oblique-Knee-Raise-(female)_Waist_converted.gif","EXERCÍCIOS COM BARRAS","ABDOMINAIS"
"feminino","Hanging-Straight-Leg-Hip-Raise-(female)_Waist_converted","FEMININO/EXERCÍCIOS COM BARRAS/ABDOMINAIS/Hanging-Straight-Leg-Hip-Raise-(female)_Waist_converted.gif","EXERCÍCIOS COM BARRAS","ABDOMINAIS"
"feminino","Hanging-Straight-Leg-Raise-(female)_Hips_converted","FEMININO/EXERCÍCIOS COM BARRAS/ABDOMINAIS/Hanging-Straight-Leg-Raise-(female)_Hips_converted.gif","EXERCÍCIOS COM BARRAS","ABDOMINAIS"
"feminino","Weighted-Hanging-Leg-Hip-Raise-(female)_Waist__converted","FEMININO/EXERCÍCIOS COM BARRAS/ABDOMINAIS/Weighted-Hanging-Leg-Hip-Raise-(female)_Waist__converted.gif","EXERCÍCIOS COM BARRAS","ABDOMINAIS"
"feminino","Barbell-Reverse-Curl-(female)_Forearms_converted","FEMININO/EXERCÍCIOS COM BARRAS/ANTEBRAÇO/Barbell-Reverse-Curl-(female)_Forearms_converted.gif","EXERCÍCIOS COM BARRAS","ANTEBRAÇO"
"feminino","Barbell-Reverse-Wrist-Curl-(female)_Forearms__converted","FEMININO/EXERCÍCIOS COM BARRAS/ANTEBRAÇO/Barbell-Reverse-Wrist-Curl-(female)_Forearms__converted.gif","EXERCÍCIOS COM BARRAS","ANTEBRAÇO"
"feminino","Barbell-Standing-Back-Wrist-Curl-(female)_Forearms_converted","FEMININO/EXERCÍCIOS COM BARRAS/ANTEBRAÇO/Barbell-Standing-Back-Wrist-Curl-(female)_Forearms_converted.gif","EXERCÍCIOS COM BARRAS","ANTEBRAÇO"
"feminino","Barbell-Wrist-Curl-(female)_Forearms_converted","FEMININO/EXERCÍCIOS COM BARRAS/ANTEBRAÇO/Barbell-Wrist-Curl-(female)_Forearms_converted.gif","EXERCÍCIOS COM BARRAS","ANTEBRAÇO"
"feminino","EZ-Barbell-Reverse-Grip-Curl-(female)_Forearms_converted","FEMININO/EXERCÍCIOS COM BARRAS/ANTEBRAÇO/EZ-Barbell-Reverse-Grip-Curl-(female)_Forearms_converted.gif","EXERCÍCIOS COM BARRAS","ANTEBRAÇO"
"feminino","Barbell-Curl-(female)_Upper-Arms_converted","FEMININO/EXERCÍCIOS COM BARRAS/BICEPS/Barbell-Curl-(female)_Upper-Arms_converted.gif","EXERCÍCIOS COM BARRAS","BICEPS"
"feminino","Barbell-Drag-Curl-(female)_Upper-Arms_converted","FEMININO/EXERCÍCIOS COM BARRAS/BICEPS/Barbell-Drag-Curl-(female)_Upper-Arms_converted.gif","EXERCÍCIOS COM BARRAS","BICEPS"
"feminino","Barbell-Preacher-Curl-(female)_Upper-Arms__converted","FEMININO/EXERCÍCIOS COM BARRAS/BICEPS/Barbell-Preacher-Curl-(female)_Upper-Arms__converted.gif","EXERCÍCIOS COM BARRAS","BICEPS"
"feminino","Barbell-Prone-Incline-Curl-(female)_Upper-Arms_converted","FEMININO/EXERCÍCIOS COM BARRAS/BICEPS/Barbell-Prone-Incline-Curl-(female)_Upper-Arms_converted.gif","EXERCÍCIOS COM BARRAS","BICEPS"
"feminino","Barbell-Standing-Close-Grip-Curl-(female)_Upper-Ar_converted","FEMININO/EXERCÍCIOS COM BARRAS/BICEPS/Barbell-Standing-Close-Grip-Curl-(female)_Upper-Ar_converted.gif","EXERCÍCIOS COM BARRAS","BICEPS"
"feminino","Barbell-Standing-Wide-grip-Curl-(female)_Upper-Arm_converted","FEMININO/EXERCÍCIOS COM BARRAS/BICEPS/Barbell-Standing-Wide-grip-Curl-(female)_Upper-Arm_converted.gif","EXERCÍCIOS COM BARRAS","BICEPS"
"feminino","EZ-Bar-Seated-Close-Grip-Concentration-Curl-(femal_converted","FEMININO/EXERCÍCIOS COM BARRAS/BICEPS/EZ-Bar-Seated-Close-Grip-Concentration-Curl-(femal_converted.gif","EXERCÍCIOS COM BARRAS","BICEPS"
"feminino","EZ-Barbell-Close-grip-Curl-(female)_Upper-Arms_converted 2","FEMININO/EXERCÍCIOS COM BARRAS/BICEPS/EZ-Barbell-Close-grip-Curl-(female)_Upper-Arms_converted 2.gif","EXERCÍCIOS COM BARRAS","BICEPS"
"feminino","EZ-Barbell-Close-grip-Curl-(female)_Upper-Arms_converted","FEMININO/EXERCÍCIOS COM BARRAS/BICEPS/EZ-Barbell-Close-grip-Curl-(female)_Upper-Arms_converted.gif","EXERCÍCIOS COM BARRAS","BICEPS"
"feminino","EZ-Barbell-Close-Grip-Preacher-Curl-(female)_Upper_converted","FEMININO/EXERCÍCIOS COM BARRAS/BICEPS/EZ-Barbell-Close-Grip-Preacher-Curl-(female)_Upper_converted.gif","EXERCÍCIOS COM BARRAS","BICEPS"
"feminino","EZ-Barbell-Curl-(female)_Upper-Arms_converted","FEMININO/EXERCÍCIOS COM BARRAS/BICEPS/EZ-Barbell-Curl-(female)_Upper-Arms_converted.gif","EXERCÍCIOS COM BARRAS","BICEPS"
"feminino","EZ-Barbell-Spider-Curl-(female)_Upper-Arms__converted","FEMININO/EXERCÍCIOS COM BARRAS/BICEPS/EZ-Barbell-Spider-Curl-(female)_Upper-Arms__converted.gif","EXERCÍCIOS COM BARRAS","BICEPS"
"feminino","EZ-Barbell-Standing-Wide-Grip-Biceps-Curl-(female)_converted","FEMININO/EXERCÍCIOS COM BARRAS/BICEPS/EZ-Barbell-Standing-Wide-Grip-Biceps-Curl-(female)_converted.gif","EXERCÍCIOS COM BARRAS","BICEPS"
"feminino","Olympic-Barbell-Hammer-Curl-(female)_Forearms__converted","FEMININO/EXERCÍCIOS COM BARRAS/BICEPS/Olympic-Barbell-Hammer-Curl-(female)_Forearms__converted.gif","EXERCÍCIOS COM BARRAS","BICEPS"
"feminino","Smith-Bicep-Curl-(female)_Upper-Arms__converted","FEMININO/EXERCÍCIOS COM BARRAS/BICEPS/Smith-Bicep-Curl-(female)_Upper-Arms__converted.gif","EXERCÍCIOS COM BARRAS","BICEPS"
"feminino","Barbell-Bent-Over-Row-(female)_Back_converted","FEMININO/EXERCÍCIOS COM BARRAS/COSTAS/Barbell-Bent-Over-Row-(female)_Back_converted.gif","EXERCÍCIOS COM BARRAS","COSTAS"
"feminino","Barbell-Incline-Row-(female)_Back__converted","FEMININO/EXERCÍCIOS COM BARRAS/COSTAS/Barbell-Incline-Row-(female)_Back__converted.gif","EXERCÍCIOS COM BARRAS","COSTAS"
"feminino","Barbell-Reverse-Grip-Bent-Over-Row-(female)_Back_converted","FEMININO/EXERCÍCIOS COM BARRAS/COSTAS/Barbell-Reverse-Grip-Bent-Over-Row-(female)_Back_converted.gif","EXERCÍCIOS COM BARRAS","COSTAS"
"feminino","Bench-Pull-ups-(female)_Back_converted","FEMININO/EXERCÍCIOS COM BARRAS/COSTAS/Bench-Pull-ups-(female)_Back_converted.gif","EXERCÍCIOS COM BARRAS","COSTAS"
"feminino","Cambered-Bar-Lying-Row-(female)_Back__converted","FEMININO/EXERCÍCIOS COM BARRAS/COSTAS/Cambered-Bar-Lying-Row-(female)_Back__converted.gif","EXERCÍCIOS COM BARRAS","COSTAS"
"feminino","Chin-Up-(female)_Back_converted","FEMININO/EXERCÍCIOS COM BARRAS/COSTAS/Chin-Up-(female)_Back_converted.gif","EXERCÍCIOS COM BARRAS","COSTAS"
"feminino","Chin-ups-(narrow-parallel-grip)-(female)_Back_converted","FEMININO/EXERCÍCIOS COM BARRAS/COSTAS/Chin-ups-(narrow-parallel-grip)-(female)_Back_converted.gif","EXERCÍCIOS COM BARRAS","COSTAS"
"feminino","Close-Grip-Chin-Up-(female)_Back-FIX_converted","FEMININO/EXERCÍCIOS COM BARRAS/COSTAS/Close-Grip-Chin-Up-(female)_Back-FIX_converted.gif","EXERCÍCIOS COM BARRAS","COSTAS"
"feminino","Hammer-Grip-Pull-up-on-Dip-Cage-(female)_Back_converted","FEMININO/EXERCÍCIOS COM BARRAS/COSTAS/Hammer-Grip-Pull-up-on-Dip-Cage-(female)_Back_converted.gif","EXERCÍCIOS COM BARRAS","COSTAS"
"feminino","Inverted-Row-under-Table-(female)_Back__converted","FEMININO/EXERCÍCIOS COM BARRAS/COSTAS/Inverted-Row-under-Table-(female)_Back__converted.gif","EXERCÍCIOS COM BARRAS","COSTAS"
"feminino","Isometric-Hold-Close-Grip-Chin-Up-(female)_Back__converted 2","FEMININO/EXERCÍCIOS COM BARRAS/COSTAS/Isometric-Hold-Close-Grip-Chin-Up-(female)_Back__converted 2.gif","EXERCÍCIOS COM BARRAS","COSTAS"
"feminino","Isometric-Hold-Close-Grip-Chin-Up-(female)_Back__converted","FEMININO/EXERCÍCIOS COM BARRAS/COSTAS/Isometric-Hold-Close-Grip-Chin-Up-(female)_Back__converted.gif","EXERCÍCIOS COM BARRAS","COSTAS"
"feminino","Landmine-180-(female)_waist_converted","FEMININO/EXERCÍCIOS COM BARRAS/COSTAS/Landmine-180-(female)_waist_converted.gif","EXERCÍCIOS COM BARRAS","COSTAS"
"feminino","Landmine-Romanian-Deadlift-(female)_Hips__converted","FEMININO/EXERCÍCIOS COM BARRAS/COSTAS/Landmine-Romanian-Deadlift-(female)_Hips__converted.gif","EXERCÍCIOS COM BARRAS","COSTAS"
"feminino","Lever-T-bar-Row-(plate-loaded)-(female)_Back_converted","FEMININO/EXERCÍCIOS COM BARRAS/COSTAS/Lever-T-bar-Row-(plate-loaded)-(female)_Back_converted.gif","EXERCÍCIOS COM BARRAS","COSTAS"
"feminino","Pull-up-(negative)-(female)_Back__converted","FEMININO/EXERCÍCIOS COM BARRAS/COSTAS/Pull-up-(negative)-(female)_Back__converted.gif","EXERCÍCIOS COM BARRAS","COSTAS"
"feminino","Pull-up-(neutral-grip)-(female)_Back__converted","FEMININO/EXERCÍCIOS COM BARRAS/COSTAS/Pull-up-(neutral-grip)-(female)_Back__converted.gif","EXERCÍCIOS COM BARRAS","COSTAS"
"feminino","Reverse-grip-Pull-up-(female)_Back_converted","FEMININO/EXERCÍCIOS COM BARRAS/COSTAS/Reverse-grip-Pull-up-(female)_Back_converted.gif","EXERCÍCIOS COM BARRAS","COSTAS"
"feminino","Shoulder-Grip-Pull-up-(female)_Back_converted","FEMININO/EXERCÍCIOS COM BARRAS/COSTAS/Shoulder-Grip-Pull-up-(female)_Back_converted.gif","EXERCÍCIOS COM BARRAS","COSTAS"
"feminino","Smith-Bent-Over-Row-(VERSION-2)-(female)_Back__converted","FEMININO/EXERCÍCIOS COM BARRAS/COSTAS/Smith-Bent-Over-Row-(VERSION-2)-(female)_Back__converted.gif","EXERCÍCIOS COM BARRAS","COSTAS"
"feminino","Wide-Chin-Up-(female)_Back__converted","FEMININO/EXERCÍCIOS COM BARRAS/COSTAS/Wide-Chin-Up-(female)_Back__converted.gif","EXERCÍCIOS COM BARRAS","COSTAS"
"feminino","Wide-Grip-Pull-Up-(female)_Back_converted","FEMININO/EXERCÍCIOS COM BARRAS/COSTAS/Wide-Grip-Pull-Up-(female)_Back_converted.gif","EXERCÍCIOS COM BARRAS","COSTAS"
"feminino","Wide-Grip-Rear-Pull-Up-(female)_Back_converted","FEMININO/EXERCÍCIOS COM BARRAS/COSTAS/Wide-Grip-Rear-Pull-Up-(female)_Back_converted.gif","EXERCÍCIOS COM BARRAS","COSTAS"
"feminino","Barbell-Front-Raise-(female)_Shoulders_converted","FEMININO/EXERCÍCIOS COM BARRAS/OMBRO/Barbell-Front-Raise-(female)_Shoulders_converted.gif","EXERCÍCIOS COM BARRAS","OMBRO"
"feminino","Barbell-Rear-Delt-Raise-(female)_shoulder_converted","FEMININO/EXERCÍCIOS COM BARRAS/OMBRO/Barbell-Rear-Delt-Raise-(female)_shoulder_converted.gif","EXERCÍCIOS COM BARRAS","OMBRO"
"feminino","Barbell-Seated-Behind-Head-Military-Press-(female)_Shoulders_converted","FEMININO/EXERCÍCIOS COM BARRAS/OMBRO/Barbell-Seated-Behind-Head-Military-Press-(female)_Shoulders_converted.gif","EXERCÍCIOS COM BARRAS","OMBRO"
"feminino","Barbell-Seated-Overhead-Press-(female)_Shoulders_converted","FEMININO/EXERCÍCIOS COM BARRAS/OMBRO/Barbell-Seated-Overhead-Press-(female)_Shoulders_converted.gif","EXERCÍCIOS COM BARRAS","OMBRO"
"feminino","Barbell-Shoulder-Grip-Upright-Row-(female)_Shoulder_converted","FEMININO/EXERCÍCIOS COM BARRAS/OMBRO/Barbell-Shoulder-Grip-Upright-Row-(female)_Shoulder_converted.gif","EXERCÍCIOS COM BARRAS","OMBRO"
"feminino","Barbell-Shrug-(female)_Back_converted","FEMININO/EXERCÍCIOS COM BARRAS/OMBRO/Barbell-Shrug-(female)_Back_converted.gif","EXERCÍCIOS COM BARRAS","OMBRO"
"feminino","Barbell-Skier-(female)_Shoulders__converted","FEMININO/EXERCÍCIOS COM BARRAS/OMBRO/Barbell-Skier-(female)_Shoulders__converted.gif","EXERCÍCIOS COM BARRAS","OMBRO"
"feminino","Barbell-Standing-Close-Grip-Military-Press-(female_converted","FEMININO/EXERCÍCIOS COM BARRAS/OMBRO/Barbell-Standing-Close-Grip-Military-Press-(female_converted.gif","EXERCÍCIOS COM BARRAS","OMBRO"
"geral","Barbell-Standing-Military-Press-(without-rack)-(fe_converted","FEMININO/EXERCÍCIOS COM BARRAS/OMBRO/Barbell-Standing-Military-Press-(without-rack)-(fe_converted.gif","EXERCÍCIOS COM BARRAS","OMBRO"
"feminino","Barbell-Wide-Grip-Upright-Row-(female)_Shoulders_converted","FEMININO/EXERCÍCIOS COM BARRAS/OMBRO/Barbell-Wide-Grip-Upright-Row-(female)_Shoulders_converted.gif","EXERCÍCIOS COM BARRAS","OMBRO"
"feminino","EZ-Bar-Standing-Upright-Row-(female)_Shoulders__converted","FEMININO/EXERCÍCIOS COM BARRAS/OMBRO/EZ-Bar-Standing-Upright-Row-(female)_Shoulders__converted.gif","EXERCÍCIOS COM BARRAS","OMBRO"
"feminino","EZ-Barbell-Anti-Gravity-Press-(female)_Shoulders_converted","FEMININO/EXERCÍCIOS COM BARRAS/OMBRO/EZ-Barbell-Anti-Gravity-Press-(female)_Shoulders_converted.gif","EXERCÍCIOS COM BARRAS","OMBRO"
"feminino","Smith-Shrug-(female)_Back__converted","FEMININO/EXERCÍCIOS COM BARRAS/OMBRO/Smith-Shrug-(female)_Back__converted.gif","EXERCÍCIOS COM BARRAS","OMBRO"
"feminino","Smith-Standing-Shoulder-Press-(female)_Shoulders__converted","FEMININO/EXERCÍCIOS COM BARRAS/OMBRO/Smith-Standing-Shoulder-Press-(female)_Shoulders__converted.gif","EXERCÍCIOS COM BARRAS","OMBRO"
"feminino","Barbell-Bench-Press-(female)_Chest_converted","FEMININO/EXERCÍCIOS COM BARRAS/PEITO/Barbell-Bench-Press-(female)_Chest_converted.gif","EXERCÍCIOS COM BARRAS","PEITO"
"feminino","Barbell-Close-Grip-Bench-Press-(female)_Upper-Arms_converted","FEMININO/EXERCÍCIOS COM BARRAS/PEITO/Barbell-Close-Grip-Bench-Press-(female)_Upper-Arms_converted.gif","EXERCÍCIOS COM BARRAS","PEITO"
"feminino","Barbell-Decline-Bench-Press-(female)_Chest_converted","FEMININO/EXERCÍCIOS COM BARRAS/PEITO/Barbell-Decline-Bench-Press-(female)_Chest_converted.gif","EXERCÍCIOS COM BARRAS","PEITO"
"feminino","Barbell-Decline-Pullover-(female)_Chest__converted","FEMININO/EXERCÍCIOS COM BARRAS/PEITO/Barbell-Decline-Pullover-(female)_Chest__converted.gif","EXERCÍCIOS COM BARRAS","PEITO"
"feminino","Barbell-Incline-Bench-Press-(female)_Chest_converted","FEMININO/EXERCÍCIOS COM BARRAS/PEITO/Barbell-Incline-Bench-Press-(female)_Chest_converted.gif","EXERCÍCIOS COM BARRAS","PEITO"
"feminino","Barbell-Wide-Bench-Press-(female)_Chest__converted","FEMININO/EXERCÍCIOS COM BARRAS/PEITO/Barbell-Wide-Bench-Press-(female)_Chest__converted.gif","EXERCÍCIOS COM BARRAS","PEITO"
"feminino","Chest-Bench-Press---Butt-(WRONG-RIGHT)-(female)__converted","FEMININO/EXERCÍCIOS COM BARRAS/PEITO/Chest-Bench-Press---Butt-(WRONG-RIGHT)-(female)__converted.gif","EXERCÍCIOS COM BARRAS","PEITO"
"feminino","Chest-Bench-Press---Forearms-(WRONG-RIGHT)-(female)__converted","FEMININO/EXERCÍCIOS COM BARRAS/PEITO/Chest-Bench-Press---Forearms-(WRONG-RIGHT)-(female)__converted.gif","EXERCÍCIOS COM BARRAS","PEITO"
"feminino","Chest-Bench-Press---Grip-Width-(WRONG-RIGHT)-(female)__converted","FEMININO/EXERCÍCIOS COM BARRAS/PEITO/Chest-Bench-Press---Grip-Width-(WRONG-RIGHT)-(female)__converted.gif","EXERCÍCIOS COM BARRAS","PEITO"
"feminino","EZ-bar-Close-Grip-Bench-Press-(female)_Upper-Arms_converted","FEMININO/EXERCÍCIOS COM BARRAS/PEITO/EZ-bar-Close-Grip-Bench-Press-(female)_Upper-Arms_converted.gif","EXERCÍCIOS COM BARRAS","PEITO"
"feminino","EZ-Bar-Lying-Bent-Arms-Pullover-(female)_Back__converted","FEMININO/EXERCÍCIOS COM BARRAS/PEITO/EZ-Bar-Lying-Bent-Arms-Pullover-(female)_Back__converted.gif","EXERCÍCIOS COM BARRAS","PEITO"
"feminino","Old-School-Reverse-Extensions-(female)_Upper-Arms__converted","FEMININO/EXERCÍCIOS COM BARRAS/PEITO/Old-School-Reverse-Extensions-(female)_Upper-Arms__converted.gif","EXERCÍCIOS COM BARRAS","PEITO"
"feminino","Smith-Bench-Press-(female)_Chest__converted","FEMININO/EXERCÍCIOS COM BARRAS/PEITO/Smith-Bench-Press-(female)_Chest__converted.gif","EXERCÍCIOS COM BARRAS","PEITO"
"feminino","Smith-Close-Grip-Bench-Press-(female)_Upper-Arms__converted","FEMININO/EXERCÍCIOS COM BARRAS/PEITO/Smith-Close-Grip-Bench-Press-(female)_Upper-Arms__converted.gif","EXERCÍCIOS COM BARRAS","PEITO"
"feminino","Smith-Decline-Bench-Press-(female)_Chest__converted","FEMININO/EXERCÍCIOS COM BARRAS/PEITO/Smith-Decline-Bench-Press-(female)_Chest__converted.gif","EXERCÍCIOS COM BARRAS","PEITO"
"feminino","Smith-Incline-Bench-Press-(female)_Chest__converted","FEMININO/EXERCÍCIOS COM BARRAS/PEITO/Smith-Incline-Bench-Press-(female)_Chest__converted.gif","EXERCÍCIOS COM BARRAS","PEITO"
"feminino","Smith-Seated-Shoulder-Press-(female)_Shoulders_converted","FEMININO/EXERCÍCIOS COM BARRAS/PEITO/Smith-Seated-Shoulder-Press-(female)_Shoulders_converted.gif","EXERCÍCIOS COM BARRAS","PEITO"
"feminino","Barbell-Bench-Squat-(female)_Thighs_converted","FEMININO/EXERCÍCIOS COM BARRAS/PERNA/Barbell-Bench-Squat-(female)_Thighs_converted.gif","EXERCÍCIOS COM BARRAS","PERNA"
"feminino","Barbell-Clean-and-Press-(female)_Shoulders__converted","FEMININO/EXERCÍCIOS COM BARRAS/PERNA/Barbell-Clean-and-Press-(female)_Shoulders__converted.gif","EXERCÍCIOS COM BARRAS","PERNA"
"feminino","Barbell-Clean-grip-Front-Squat-(female)_Thighs__converted","FEMININO/EXERCÍCIOS COM BARRAS/PERNA/Barbell-Clean-grip-Front-Squat-(female)_Thighs__converted.gif","EXERCÍCIOS COM BARRAS","PERNA"
"feminino","Barbell-Curtsey-Lunge-(female)_Thighs__converted","FEMININO/EXERCÍCIOS COM BARRAS/PERNA/Barbell-Curtsey-Lunge-(female)_Thighs__converted.gif","EXERCÍCIOS COM BARRAS","PERNA"
"feminino","Barbell-Deadlift-(female)_Hips__converted","FEMININO/EXERCÍCIOS COM BARRAS/PERNA/Barbell-Deadlift-(female)_Hips__converted.gif","EXERCÍCIOS COM BARRAS","PERNA"
"feminino","Barbell-Front-Rack-Lunge-(female)_Thighs__converted","FEMININO/EXERCÍCIOS COM BARRAS/PERNA/Barbell-Front-Rack-Lunge-(female)_Thighs__converted.gif","EXERCÍCIOS COM BARRAS","PERNA"
"feminino","Barbell-Front-Rack-Split Squat-(female)_Thighs__converted","FEMININO/EXERCÍCIOS COM BARRAS/PERNA/Barbell-Front-Rack-Split Squat-(female)_Thighs__converted.gif","EXERCÍCIOS COM BARRAS","PERNA"
"feminino","Barbell-Front-Squat-(female)_Thighs_converted","FEMININO/EXERCÍCIOS COM BARRAS/PERNA/Barbell-Front-Squat-(female)_Thighs_converted.gif","EXERCÍCIOS COM BARRAS","PERNA"
"feminino","Barbell-Full-Squat-(Side-POV)-(female)_Thighs__converted","FEMININO/EXERCÍCIOS COM BARRAS/PERNA/Barbell-Full-Squat-(Side-POV)-(female)_Thighs__converted.gif","EXERCÍCIOS COM BARRAS","PERNA"
"geral","Barbell-Full-squat-(with-rack)_Thighs_converted","FEMININO/EXERCÍCIOS COM BARRAS/PERNA/Barbell-Full-squat-(with-rack)_Thighs_converted.gif","EXERCÍCIOS COM BARRAS","PERNA"
"feminino","Barbell-full-Zercher-Squat-(female)_Thighs__converted","FEMININO/EXERCÍCIOS COM BARRAS/PERNA/Barbell-full-Zercher-Squat-(female)_Thighs__converted.gif","EXERCÍCIOS COM BARRAS","PERNA"
"feminino","Barbell-Glute-Bridge-(hands-on-bar)-(female)_Hips_converted","FEMININO/EXERCÍCIOS COM BARRAS/PERNA/Barbell-Glute-Bridge-(hands-on-bar)-(female)_Hips_converted.gif","EXERCÍCIOS COM BARRAS","PERNA"
"feminino","Barbell-Good-Morning-(female)_Thighs__converted","FEMININO/EXERCÍCIOS COM BARRAS/PERNA/Barbell-Good-Morning-(female)_Thighs__converted.gif","EXERCÍCIOS COM BARRAS","PERNA"
"feminino","Barbell-Hip-Thrust-(female)_Hips_converted","FEMININO/EXERCÍCIOS COM BARRAS/PERNA/Barbell-Hip-Thrust-(female)_Hips_converted.gif","EXERCÍCIOS COM BARRAS","PERNA"
"feminino","Barbell-KAS-Glute-Bridge-(female)_Hips__converted","FEMININO/EXERCÍCIOS COM BARRAS/PERNA/Barbell-KAS-Glute-Bridge-(female)_Hips__converted.gif","EXERCÍCIOS COM BARRAS","PERNA"
"feminino","Barbell-Lateral-Lunge-(female)_Thighs__converted","FEMININO/EXERCÍCIOS COM BARRAS/PERNA/Barbell-Lateral-Lunge-(female)_Thighs__converted.gif","EXERCÍCIOS COM BARRAS","PERNA"
"feminino","Barbell-Low-Bar-Squat-(female)_Thighs__converted","FEMININO/EXERCÍCIOS COM BARRAS/PERNA/Barbell-Low-Bar-Squat-(female)_Thighs__converted.gif","EXERCÍCIOS COM BARRAS","PERNA"
"feminino","Barbell-Lunge-(female)_Thighs_converted","FEMININO/EXERCÍCIOS COM BARRAS/PERNA/Barbell-Lunge-(female)_Thighs_converted.gif","EXERCÍCIOS COM BARRAS","PERNA"
"feminino","Barbell-Narrow-Stance-Squat-(female)_Thighs__converted","FEMININO/EXERCÍCIOS COM BARRAS/PERNA/Barbell-Narrow-Stance-Squat-(female)_Thighs__converted.gif","EXERCÍCIOS COM BARRAS","PERNA"
"feminino","Barbell-Power-Clean-(female)_Weightlifting__converted","FEMININO/EXERCÍCIOS COM BARRAS/PERNA/Barbell-Power-Clean-(female)_Weightlifting__converted.gif","EXERCÍCIOS COM BARRAS","PERNA"
"feminino","Barbell-Rack-Pull-(female)_Hips__converted","FEMININO/EXERCÍCIOS COM BARRAS/PERNA/Barbell-Rack-Pull-(female)_Hips__converted.gif","EXERCÍCIOS COM BARRAS","PERNA"
"feminino","Barbell-Rear-Lunge-(female)_Thighs__converted","FEMININO/EXERCÍCIOS COM BARRAS/PERNA/Barbell-Rear-Lunge-(female)_Thighs__converted.gif","EXERCÍCIOS COM BARRAS","PERNA"
"feminino","Barbell-Romanian-Deadlift-(female)_Hips_converted","FEMININO/EXERCÍCIOS COM BARRAS/PERNA/Barbell-Romanian-Deadlift-(female)_Hips_converted.gif","EXERCÍCIOS COM BARRAS","PERNA"
"feminino","Barbell-Seated-Calf-Raise-(female)_Calves__converted","FEMININO/EXERCÍCIOS COM BARRAS/PERNA/Barbell-Seated-Calf-Raise-(female)_Calves__converted.gif","EXERCÍCIOS COM BARRAS","PERNA"
"feminino","Barbell-Seated-Good-Morning-(female)_Hips__converted","FEMININO/EXERCÍCIOS COM BARRAS/PERNA/Barbell-Seated-Good-Morning-(female)_Hips__converted.gif","EXERCÍCIOS COM BARRAS","PERNA"
"feminino","Barbell-Single-Leg-Split-Squat-(female)_Thighs_converted","FEMININO/EXERCÍCIOS COM BARRAS/PERNA/Barbell-Single-Leg-Split-Squat-(female)_Thighs_converted.gif","EXERCÍCIOS COM BARRAS","PERNA"
"feminino","Barbell-Split-Squat-(female)_Thighs_converted","FEMININO/EXERCÍCIOS COM BARRAS/PERNA/Barbell-Split-Squat-(female)_Thighs_converted.gif","EXERCÍCIOS COM BARRAS","PERNA"
"feminino","Barbell-Squat---Hips-(WRONG-RIGHT)-(female)__converted","FEMININO/EXERCÍCIOS COM BARRAS/PERNA/Barbell-Squat---Hips-(WRONG-RIGHT)-(female)__converted.gif","EXERCÍCIOS COM BARRAS","PERNA"
"feminino","Barbell-Squat---Knees---End-position-(WRONG-RIGHT)-(female)__converted","FEMININO/EXERCÍCIOS COM BARRAS/PERNA/Barbell-Squat---Knees---End-position-(WRONG-RIGHT)-(female)__converted.gif","EXERCÍCIOS COM BARRAS","PERNA"
"feminino","Barbell-Squat---Knees---Middle position-(WRONG-RIGHT)-(female)__converted","FEMININO/EXERCÍCIOS COM BARRAS/PERNA/Barbell-Squat---Knees---Middle position-(WRONG-RIGHT)-(female)__converted.gif","EXERCÍCIOS COM BARRAS","PERNA"
"feminino","Barbell-Squat-(female)_Thighs_converted","FEMININO/EXERCÍCIOS COM BARRAS/PERNA/Barbell-Squat-(female)_Thighs_converted.gif","EXERCÍCIOS COM BARRAS","PERNA"
"geral","Barbell-Staggered-Stance-Hip-Thrust_Hips__converted","FEMININO/EXERCÍCIOS COM BARRAS/PERNA/Barbell-Staggered-Stance-Hip-Thrust_Hips__converted.gif","EXERCÍCIOS COM BARRAS","PERNA"
"feminino","Barbell-Standing-Calf-Raise-(female)_Calves__converted","FEMININO/EXERCÍCIOS COM BARRAS/PERNA/Barbell-Standing-Calf-Raise-(female)_Calves__converted.gif","EXERCÍCIOS COM BARRAS","PERNA"
"feminino","Barbell-Step-up-(female)_Hips__converted","FEMININO/EXERCÍCIOS COM BARRAS/PERNA/Barbell-Step-up-(female)_Hips__converted.gif","EXERCÍCIOS COM BARRAS","PERNA"
"feminino","Barbell-Stiff-Legged-Deadlift-(female)_Hips__converted","FEMININO/EXERCÍCIOS COM BARRAS/PERNA/Barbell-Stiff-Legged-Deadlift-(female)_Hips__converted.gif","EXERCÍCIOS COM BARRAS","PERNA"
"feminino","Barbell-Straight-Leg-Deadlift-(female)_Thighs_converted","FEMININO/EXERCÍCIOS COM BARRAS/PERNA/Barbell-Straight-Leg-Deadlift-(female)_Thighs_converted.gif","EXERCÍCIOS COM BARRAS","PERNA"
"feminino","Barbell-Sumo-Deadlift-(female)_Hips__converted","FEMININO/EXERCÍCIOS COM BARRAS/PERNA/Barbell-Sumo-Deadlift-(female)_Hips__converted.gif","EXERCÍCIOS COM BARRAS","PERNA"
"feminino","Barbell-Sumo-Romanian-Deadlift-(female)_Hips__converted","FEMININO/EXERCÍCIOS COM BARRAS/PERNA/Barbell-Sumo-Romanian-Deadlift-(female)_Hips__converted.gif","EXERCÍCIOS COM BARRAS","PERNA"
"feminino","Barbell-Sumo-Squat-(female)_Thighs__converted","FEMININO/EXERCÍCIOS COM BARRAS/PERNA/Barbell-Sumo-Squat-(female)_Thighs__converted.gif","EXERCÍCIOS COM BARRAS","PERNA"
"feminino","Barbell-Wide-Squat-(female)_Thighs__converted","FEMININO/EXERCÍCIOS COM BARRAS/PERNA/Barbell-Wide-Squat-(female)_Thighs__converted.gif","EXERCÍCIOS COM BARRAS","PERNA"
"feminino","Landmine-Single-Leg-Hip-Thrust-(female)_Hips__converted","FEMININO/EXERCÍCIOS COM BARRAS/PERNA/Landmine-Single-Leg-Hip-Thrust-(female)_Hips__converted.gif","EXERCÍCIOS COM BARRAS","PERNA"
"feminino","Smith-Calf-Raise-(version-2)-(female)_Calves__converted","FEMININO/EXERCÍCIOS COM BARRAS/PERNA/Smith-Calf-Raise-(version-2)-(female)_Calves__converted.gif","EXERCÍCIOS COM BARRAS","PERNA"
"feminino","Smith-Chair-Squat-(female)_Thighs_converted","FEMININO/EXERCÍCIOS COM BARRAS/PERNA/Smith-Chair-Squat-(female)_Thighs_converted.gif","EXERCÍCIOS COM BARRAS","PERNA"
"feminino","Smith-Deadlift-(female)_Hips_converted","FEMININO/EXERCÍCIOS COM BARRAS/PERNA/Smith-Deadlift-(female)_Hips_converted.gif","EXERCÍCIOS COM BARRAS","PERNA"
"feminino","Smith-Front-Squat-(Clean-Grip)-(female)_Thighs__converted","FEMININO/EXERCÍCIOS COM BARRAS/PERNA/Smith-Front-Squat-(Clean-Grip)-(female)_Thighs__converted.gif","EXERCÍCIOS COM BARRAS","PERNA"
"feminino","Smith-Hip-Thrust-(female)_Hips__converted","FEMININO/EXERCÍCIOS COM BARRAS/PERNA/Smith-Hip-Thrust-(female)_Hips__converted.gif","EXERCÍCIOS COM BARRAS","PERNA"
"geral","Smith-kneeling-rear-kick_Hips_converted","FEMININO/EXERCÍCIOS COM BARRAS/PERNA/Smith-kneeling-rear-kick_Hips_converted.gif","EXERCÍCIOS COM BARRAS","PERNA"
"feminino","Smith-Lateral-Step-Up-(female)_Thighs__converted","FEMININO/EXERCÍCIOS COM BARRAS/PERNA/Smith-Lateral-Step-Up-(female)_Thighs__converted.gif","EXERCÍCIOS COM BARRAS","PERNA"
"feminino","Smith-Leg-Press-(female)_Thighs_converted","FEMININO/EXERCÍCIOS COM BARRAS/PERNA/Smith-Leg-Press-(female)_Thighs_converted.gif","EXERCÍCIOS COM BARRAS","PERNA"
"feminino","Smith-Low-Bar-Squat-(female)_Thighs__converted","FEMININO/EXERCÍCIOS COM BARRAS/PERNA/Smith-Low-Bar-Squat-(female)_Thighs__converted.gif","EXERCÍCIOS COM BARRAS","PERNA"
"feminino","Smith-One-Leg-Floor-Calf-Raise-(female)_Calves__converted","FEMININO/EXERCÍCIOS COM BARRAS/PERNA/Smith-One-Leg-Floor-Calf-Raise-(female)_Calves__converted.gif","EXERCÍCIOS COM BARRAS","PERNA"
"feminino","Smith-rear-lunge-(version-2)-(female)_Thighs__converted","FEMININO/EXERCÍCIOS COM BARRAS/PERNA/Smith-rear-lunge-(version-2)-(female)_Thighs__converted.gif","EXERCÍCIOS COM BARRAS","PERNA"
"feminino","Smith-Single-Leg-Chair-Squat-(female)_Thighs__converted","FEMININO/EXERCÍCIOS COM BARRAS/PERNA/Smith-Single-Leg-Chair-Squat-(female)_Thighs__converted.gif","EXERCÍCIOS COM BARRAS","PERNA"
"feminino","Smith-Single-Leg-Split-Squat-(female)_Thighs-FIX__converted","FEMININO/EXERCÍCIOS COM BARRAS/PERNA/Smith-Single-Leg-Split-Squat-(female)_Thighs-FIX__converted.gif","EXERCÍCIOS COM BARRAS","PERNA"
"feminino","Smith-Split-Squat-(female)_Thighs__converted","FEMININO/EXERCÍCIOS COM BARRAS/PERNA/Smith-Split-Squat-(female)_Thighs__converted.gif","EXERCÍCIOS COM BARRAS","PERNA"
"feminino","Smith-Staggered-Stance-Romanian-Deadlift-(female)__converted","FEMININO/EXERCÍCIOS COM BARRAS/PERNA/Smith-Staggered-Stance-Romanian-Deadlift-(female)__converted.gif","EXERCÍCIOS COM BARRAS","PERNA"
"feminino","Smith-Standing-Leg-Calf-Raise-(female)_Calf_converted","FEMININO/EXERCÍCIOS COM BARRAS/PERNA/Smith-Standing-Leg-Calf-Raise-(female)_Calf_converted.gif","EXERCÍCIOS COM BARRAS","PERNA"
"feminino","Smith-Sumo-Deadlift-(female)_Hips__converted","FEMININO/EXERCÍCIOS COM BARRAS/PERNA/Smith-Sumo-Deadlift-(female)_Hips__converted.gif","EXERCÍCIOS COM BARRAS","PERNA"
"feminino","Smith-Sumo-Squat-(female)_Hips__converted","FEMININO/EXERCÍCIOS COM BARRAS/PERNA/Smith-Sumo-Squat-(female)_Hips__converted.gif","EXERCÍCIOS COM BARRAS","PERNA"
"feminino","Trap-Bar-Deadlift-(female)_Thighs__converted","FEMININO/EXERCÍCIOS COM BARRAS/PERNA/Trap-Bar-Deadlift-(female)_Thighs__converted.gif","EXERCÍCIOS COM BARRAS","PERNA"
"feminino","Trap-Bar-Farmers-Carry-(female)_Thighs__converted","FEMININO/EXERCÍCIOS COM BARRAS/PERNA/Trap-Bar-Farmers-Carry-(female)_Thighs__converted.gif","EXERCÍCIOS COM BARRAS","PERNA"
"feminino","Barbell-Lying-Triceps-Extension-(female)_Upper-Arms__converted","FEMININO/EXERCÍCIOS COM BARRAS/TRICEPS/Barbell-Lying-Triceps-Extension-(female)_Upper-Arms__converted.gif","EXERCÍCIOS COM BARRAS","TRICEPS"
"feminino","Barbell-Seated-Overhead-Triceps-Extension-(female)_Upper-Arms_converted","FEMININO/EXERCÍCIOS COM BARRAS/TRICEPS/Barbell-Seated-Overhead-Triceps-Extension-(female)_Upper-Arms_converted.gif","EXERCÍCIOS COM BARRAS","TRICEPS"
"feminino","Barbell-Standing-Overhead-Triceps-Extension-(femal_converted","FEMININO/EXERCÍCIOS COM BARRAS/TRICEPS/Barbell-Standing-Overhead-Triceps-Extension-(femal_converted.gif","EXERCÍCIOS COM BARRAS","TRICEPS"
"feminino","EZ-Barbell-Lying-Triceps-Extension-(female)_Upper-Arms_converted","FEMININO/EXERCÍCIOS COM BARRAS/TRICEPS/EZ-Barbell-Lying-Triceps-Extension-(female)_Upper-Arms_converted.gif","EXERCÍCIOS COM BARRAS","TRICEPS"
"geral","Dumbbell-Russian-Twist-with-Legs-Floor-Off-(VERSIO_converted","FEMININO/EXERCÍCIOS COM HALTERES/ABDOMINAIS/Dumbbell-Russian-Twist-with-Legs-Floor-Off-(VERSIO_converted.gif","EXERCÍCIOS COM HALTERES","ABDOMINAIS"
"feminino","Dumbbell-Side-Bend-(female)_Waist_converted","FEMININO/EXERCÍCIOS COM HALTERES/ABDOMINAIS/Dumbbell-Side-Bend-(female)_Waist_converted.gif","EXERCÍCIOS COM HALTERES","ABDOMINAIS"
"feminino","Dumbbell-V-up-(female)_Waist__converted","FEMININO/EXERCÍCIOS COM HALTERES/ABDOMINAIS/Dumbbell-V-up-(female)_Waist__converted.gif","EXERCÍCIOS COM HALTERES","ABDOMINAIS"
"feminino","Dumbbell-Wood-Chop-(female)_Waist__converted","FEMININO/EXERCÍCIOS COM HALTERES/ABDOMINAIS/Dumbbell-Wood-Chop-(female)_Waist__converted.gif","EXERCÍCIOS COM HALTERES","ABDOMINAIS"
"feminino","Otis-Up-(female)_waist_converted","FEMININO/EXERCÍCIOS COM HALTERES/ABDOMINAIS/Otis-Up-(female)_waist_converted.gif","EXERCÍCIOS COM HALTERES","ABDOMINAIS"
"feminino","Push-up-Row-(female)_Back__converted","FEMININO/EXERCÍCIOS COM HALTERES/ABDOMINAIS/Push-up-Row-(female)_Back__converted.gif","EXERCÍCIOS COM HALTERES","ABDOMINAIS"
"feminino","Spell-Caster-(female)_converted","FEMININO/EXERCÍCIOS COM HALTERES/ABDOMINAIS/Spell-Caster-(female)_converted.gif","EXERCÍCIOS COM HALTERES","ABDOMINAIS"
"feminino","Weighted-Counterbalanced-Squat-(female)_Thighs__converted","FEMININO/EXERCÍCIOS COM HALTERES/ABDOMINAIS/Weighted-Counterbalanced-Squat-(female)_Thighs__converted.gif","EXERCÍCIOS COM HALTERES","ABDOMINAIS"
"feminino","Weighted-Crunch-(female)_Waist__converted","FEMININO/EXERCÍCIOS COM HALTERES/ABDOMINAIS/Weighted-Crunch-(female)_Waist__converted.gif","EXERCÍCIOS COM HALTERES","ABDOMINAIS"
"feminino","Weighted-Dumbbell-Lying-Flat-Hip-Raise-(female)_Wa_converted","FEMININO/EXERCÍCIOS COM HALTERES/ABDOMINAIS/Weighted-Dumbbell-Lying-Flat-Hip-Raise-(female)_Wa_converted.gif","EXERCÍCIOS COM HALTERES","ABDOMINAIS"
"feminino","Weighted-Dumbbell-Table-Top-Bridge-(female)_Hips__converted","FEMININO/EXERCÍCIOS COM HALTERES/ABDOMINAIS/Weighted-Dumbbell-Table-Top-Bridge-(female)_Hips__converted.gif","EXERCÍCIOS COM HALTERES","ABDOMINAIS"
"geral","Weighted-Standing-Twist_Waist-FIX__converted","FEMININO/EXERCÍCIOS COM HALTERES/ABDOMINAIS/Weighted-Standing-Twist_Waist-FIX__converted.gif","EXERCÍCIOS COM HALTERES","ABDOMINAIS"
"geral","Weighted-Twisting-Crunch-(on-bench)_Waist_converted","FEMININO/EXERCÍCIOS COM HALTERES/ABDOMINAIS/Weighted-Twisting-Crunch-(on-bench)_Waist_converted.gif","EXERCÍCIOS COM HALTERES","ABDOMINAIS"
"feminino","Dumbbell-Behind-Back-Finger-Curl-(female)_Forearms_converted","FEMININO/EXERCÍCIOS COM HALTERES/ANTEBRAÇO/Dumbbell-Behind-Back-Finger-Curl-(female)_Forearms_converted.gif","EXERCÍCIOS COM HALTERES","ANTEBRAÇO"
"feminino","Dumbbell-One-Arm-Reverse-Wrist-Curl-(female)_Forea_converted","FEMININO/EXERCÍCIOS COM HALTERES/ANTEBRAÇO/Dumbbell-One-Arm-Reverse-Wrist-Curl-(female)_Forea_converted.gif","EXERCÍCIOS COM HALTERES","ANTEBRAÇO"
"feminino","Dumbbell-One-Arm-Wrist-Curl-(female)_Forearms__converted","FEMININO/EXERCÍCIOS COM HALTERES/ANTEBRAÇO/Dumbbell-One-Arm-Wrist-Curl-(female)_Forearms__converted.gif","EXERCÍCIOS COM HALTERES","ANTEBRAÇO"
"feminino","Dumbbell-Over-Bench-Wrist-Curl-(female)_Forearms_converted","FEMININO/EXERCÍCIOS COM HALTERES/ANTEBRAÇO/Dumbbell-Over-Bench-Wrist-Curl-(female)_Forearms_converted.gif","EXERCÍCIOS COM HALTERES","ANTEBRAÇO"
"geral","Dumbbell-Over-the-Bench-Supination_Forearms__converted","FEMININO/EXERCÍCIOS COM HALTERES/ANTEBRAÇO/Dumbbell-Over-the-Bench-Supination_Forearms__converted.gif","EXERCÍCIOS COM HALTERES","ANTEBRAÇO"
"feminino","Dumbbell-Seated-Neutral-Wrist-Curl-(female)_Forearms_converted","FEMININO/EXERCÍCIOS COM HALTERES/ANTEBRAÇO/Dumbbell-Seated-Neutral-Wrist-Curl-(female)_Forearms_converted.gif","EXERCÍCIOS COM HALTERES","ANTEBRAÇO"
"feminino","Dumbbell-Seated-Palms-Up-Wrist-Curl-(female)_Forea_converted","FEMININO/EXERCÍCIOS COM HALTERES/ANTEBRAÇO/Dumbbell-Seated-Palms-Up-Wrist-Curl-(female)_Forea_converted.gif","EXERCÍCIOS COM HALTERES","ANTEBRAÇO"
"feminino","Weighted-Standing-Curl-(female)_Forearms_converted","FEMININO/EXERCÍCIOS COM HALTERES/ANTEBRAÇO/Weighted-Standing-Curl-(female)_Forearms_converted.gif","EXERCÍCIOS COM HALTERES","ANTEBRAÇO"
"feminino","Dumbbell-Alternate-Biceps-Curl-(female)_Upper-Arms_converted","FEMININO/EXERCÍCIOS COM HALTERES/BICEPS/Dumbbell-Alternate-Biceps-Curl-(female)_Upper-Arms_converted.gif","EXERCÍCIOS COM HALTERES","BICEPS"
"feminino","Dumbbell-Biceps-Curl-(female)_Upper-Arms_converted","FEMININO/EXERCÍCIOS COM HALTERES/BICEPS/Dumbbell-Biceps-Curl-(female)_Upper-Arms_converted.gif","EXERCÍCIOS COM HALTERES","BICEPS"
"feminino","Dumbbell-Biceps-Curl-(VERSION-3)-(female)_Upper-Ar_converted","FEMININO/EXERCÍCIOS COM HALTERES/BICEPS/Dumbbell-Biceps-Curl-(VERSION-3)-(female)_Upper-Ar_converted.gif","EXERCÍCIOS COM HALTERES","BICEPS"
"feminino","Dumbbell-Concentration-Curl-(female)_Upper-Arms_converted","FEMININO/EXERCÍCIOS COM HALTERES/BICEPS/Dumbbell-Concentration-Curl-(female)_Upper-Arms_converted.gif","EXERCÍCIOS COM HALTERES","BICEPS"
"feminino","Dumbbell-Cross-Body-Hammer-Curl-(Version-2)-(female)_Upper-Arms_converted","FEMININO/EXERCÍCIOS COM HALTERES/BICEPS/Dumbbell-Cross-Body-Hammer-Curl-(Version-2)-(female)_Upper-Arms_converted.gif","EXERCÍCIOS COM HALTERES","BICEPS"
"geral","Dumbbell-Curl-to-Press_Shoulders_converted","FEMININO/EXERCÍCIOS COM HALTERES/BICEPS/Dumbbell-Curl-to-Press_Shoulders_converted.gif","EXERCÍCIOS COM HALTERES","BICEPS"
"feminino","Dumbbell-Hammer-Curl-(female)_Upper-Arms 1_converted","FEMININO/EXERCÍCIOS COM HALTERES/BICEPS/Dumbbell-Hammer-Curl-(female)_Upper-Arms 1_converted.gif","EXERCÍCIOS COM HALTERES","BICEPS"
"feminino","Dumbbell-Hammer-Curl-(female)_Upper-Arms_converted","FEMININO/EXERCÍCIOS COM HALTERES/BICEPS/Dumbbell-Hammer-Curl-(female)_Upper-Arms_converted.gif","EXERCÍCIOS COM HALTERES","BICEPS"
"feminino","Dumbbell-Hammer-Preacher-Curl-(female)_Forearms__converted","FEMININO/EXERCÍCIOS COM HALTERES/BICEPS/Dumbbell-Hammer-Preacher-Curl-(female)_Forearms__converted.gif","EXERCÍCIOS COM HALTERES","BICEPS"
"feminino","Dumbbell-High-Curl-(female)_Upper-Arms__converted","FEMININO/EXERCÍCIOS COM HALTERES/BICEPS/Dumbbell-High-Curl-(female)_Upper-Arms__converted.gif","EXERCÍCIOS COM HALTERES","BICEPS"
"feminino","Dumbbell-Incline-Biceps-Curl-(female)_Upper-Arms 1_converted","FEMININO/EXERCÍCIOS COM HALTERES/BICEPS/Dumbbell-Incline-Biceps-Curl-(female)_Upper-Arms 1_converted.gif","EXERCÍCIOS COM HALTERES","BICEPS"
"feminino","Dumbbell-Incline-Biceps-Curl-(female)_Upper-Arms_converted","FEMININO/EXERCÍCIOS COM HALTERES/BICEPS/Dumbbell-Incline-Biceps-Curl-(female)_Upper-Arms_converted.gif","EXERCÍCIOS COM HALTERES","BICEPS"
"feminino","Dumbbell-Incline-Hammer-Curl-(female)_Upper-Arms_converted","FEMININO/EXERCÍCIOS COM HALTERES/BICEPS/Dumbbell-Incline-Hammer-Curl-(female)_Upper-Arms_converted.gif","EXERCÍCIOS COM HALTERES","BICEPS"
"feminino","Dumbbell-Lying-Supine-Curl-(female)_Forearms_converted","FEMININO/EXERCÍCIOS COM HALTERES/BICEPS/Dumbbell-Lying-Supine-Curl-(female)_Forearms_converted.gif","EXERCÍCIOS COM HALTERES","BICEPS"
"feminino","Dumbbell-One-Arm-Zottman-Preacher-Curl-(female)_Upper-Arms_converted","FEMININO/EXERCÍCIOS COM HALTERES/BICEPS/Dumbbell-One-Arm-Zottman-Preacher-Curl-(female)_Upper-Arms_converted.gif","EXERCÍCIOS COM HALTERES","BICEPS"
"feminino","Dumbbell-Peacher-Hammer-Curl-(female)_Forearms__converted","FEMININO/EXERCÍCIOS COM HALTERES/BICEPS/Dumbbell-Peacher-Hammer-Curl-(female)_Forearms__converted.gif","EXERCÍCIOS COM HALTERES","BICEPS"
"feminino","Dumbbell-Preacher-Curl-(female)_Upper-Arms__converted","FEMININO/EXERCÍCIOS COM HALTERES/BICEPS/Dumbbell-Preacher-Curl-(female)_Upper-Arms__converted.gif","EXERCÍCIOS COM HALTERES","BICEPS"
"feminino","Dumbbell-Preacher-Curl-over-Exercise-Ball-(female)_Upper-Arms_converted 2","FEMININO/EXERCÍCIOS COM HALTERES/BICEPS/Dumbbell-Preacher-Curl-over-Exercise-Ball-(female)_Upper-Arms_converted 2.gif","EXERCÍCIOS COM HALTERES","BICEPS"
"feminino","Dumbbell-Preacher-Curl-over-Exercise-Ball-(female)_Upper-Arms_converted","FEMININO/EXERCÍCIOS COM HALTERES/BICEPS/Dumbbell-Preacher-Curl-over-Exercise-Ball-(female)_Upper-Arms_converted.gif","EXERCÍCIOS COM HALTERES","BICEPS"
"feminino","Dumbbell-Prone-Incline-Curl-(female)_Upper-Arms_converted","FEMININO/EXERCÍCIOS COM HALTERES/BICEPS/Dumbbell-Prone-Incline-Curl-(female)_Upper-Arms_converted.gif","EXERCÍCIOS COM HALTERES","BICEPS"
"feminino","Dumbbell-Prone-Incline-Hammer-Curl-(female)_Upper-_converted","FEMININO/EXERCÍCIOS COM HALTERES/BICEPS/Dumbbell-Prone-Incline-Hammer-Curl-(female)_Upper-_converted.gif","EXERCÍCIOS COM HALTERES","BICEPS"
"feminino","Dumbbell-Reverse-grip-Biceps-Curl-(female)_Forearm_converted","FEMININO/EXERCÍCIOS COM HALTERES/BICEPS/Dumbbell-Reverse-grip-Biceps-Curl-(female)_Forearm_converted.gif","EXERCÍCIOS COM HALTERES","BICEPS"
"feminino","Dumbbell-Seated-Alternate-Biceps-Curl-(female)_Upper-Arms_converted","FEMININO/EXERCÍCIOS COM HALTERES/BICEPS/Dumbbell-Seated-Alternate-Biceps-Curl-(female)_Upper-Arms_converted.gif","EXERCÍCIOS COM HALTERES","BICEPS"
"feminino","Dumbbell-Seated-Curl-(female)_Upper-Arms__converted","FEMININO/EXERCÍCIOS COM HALTERES/BICEPS/Dumbbell-Seated-Curl-(female)_Upper-Arms__converted.gif","EXERCÍCIOS COM HALTERES","BICEPS"
"feminino","Dumbbell-Seated-Hammer-Curl-(female)_Upper-Arms__converted","FEMININO/EXERCÍCIOS COM HALTERES/BICEPS/Dumbbell-Seated-Hammer-Curl-(female)_Upper-Arms__converted.gif","EXERCÍCIOS COM HALTERES","BICEPS"
"feminino","Dumbbell-Single-Arm-Preacher-Curl-(female)_Upper-Arms_converted","FEMININO/EXERCÍCIOS COM HALTERES/BICEPS/Dumbbell-Single-Arm-Preacher-Curl-(female)_Upper-Arms_converted.gif","EXERCÍCIOS COM HALTERES","BICEPS"
"geral","Dumbbell-Standing-Inner-Biceps-Curl-(version-2)-(f_converted 2","FEMININO/EXERCÍCIOS COM HALTERES/BICEPS/Dumbbell-Standing-Inner-Biceps-Curl-(version-2)-(f_converted 2.gif","EXERCÍCIOS COM HALTERES","BICEPS"
"geral","Dumbbell-Standing-Inner-Biceps-Curl-(version-2)-(f_converted","FEMININO/EXERCÍCIOS COM HALTERES/BICEPS/Dumbbell-Standing-Inner-Biceps-Curl-(version-2)-(f_converted.gif","EXERCÍCIOS COM HALTERES","BICEPS"
"feminino","Dumbbell-Standing-Single-Arm-Biceps-Curl-(female)__converted 2","FEMININO/EXERCÍCIOS COM HALTERES/BICEPS/Dumbbell-Standing-Single-Arm-Biceps-Curl-(female)__converted 2.gif","EXERCÍCIOS COM HALTERES","BICEPS"
"feminino","Dumbbell-Standing-Single-Arm-Biceps-Curl-(female)__converted","FEMININO/EXERCÍCIOS COM HALTERES/BICEPS/Dumbbell-Standing-Single-Arm-Biceps-Curl-(female)__converted.gif","EXERCÍCIOS COM HALTERES","BICEPS"
"feminino","Dumbbell-Zottman-Curl-(female)_Upper-Arms__converted","FEMININO/EXERCÍCIOS COM HALTERES/BICEPS/Dumbbell-Zottman-Curl-(female)_Upper-Arms__converted.gif","EXERCÍCIOS COM HALTERES","BICEPS"
"feminino","Dumbbell-Zottman-Preacher-Curl-(female)_Upper-Arms_converted","FEMININO/EXERCÍCIOS COM HALTERES/BICEPS/Dumbbell-Zottman-Preacher-Curl-(female)_Upper-Arms_converted.gif","EXERCÍCIOS COM HALTERES","BICEPS"
"feminino","Dumbbell-Bent-Over-Row-(female)_Back_converted","FEMININO/EXERCÍCIOS COM HALTERES/COSTAS/Dumbbell-Bent-Over-Row-(female)_Back_converted.gif","EXERCÍCIOS COM HALTERES","COSTAS"
"feminino","Dumbbell-Bent-Over-Single-Arm-Row-(female)_Back__converted","FEMININO/EXERCÍCIOS COM HALTERES/COSTAS/Dumbbell-Bent-Over-Single-Arm-Row-(female)_Back__converted.gif","EXERCÍCIOS COM HALTERES","COSTAS"
"feminino","Dumbbell-Bent-over-Y-Raise-(female)_Shoulders__converted","FEMININO/EXERCÍCIOS COM HALTERES/COSTAS/Dumbbell-Bent-over-Y-Raise-(female)_Shoulders__converted.gif","EXERCÍCIOS COM HALTERES","COSTAS"
"feminino","Dumbbell-Hammer-Grip-Incline-Bench-Two-Arm-Row-(female)_Back_converted","FEMININO/EXERCÍCIOS COM HALTERES/COSTAS/Dumbbell-Hammer-Grip-Incline-Bench-Two-Arm-Row-(female)_Back_converted.gif","EXERCÍCIOS COM HALTERES","COSTAS"
"feminino","Dumbbell-Incline-Rear-Fly-(female)_Shoulders_converted","FEMININO/EXERCÍCIOS COM HALTERES/COSTAS/Dumbbell-Incline-Rear-Fly-(female)_Shoulders_converted.gif","EXERCÍCIOS COM HALTERES","COSTAS"
"feminino","Dumbbell-Incline-Row-(female)_Back_converted","FEMININO/EXERCÍCIOS COM HALTERES/COSTAS/Dumbbell-Incline-Row-(female)_Back_converted.gif","EXERCÍCIOS COM HALTERES","COSTAS"
"feminino","Dumbbell-Incline-Y-Raise-(female)_Shoulders__converted","FEMININO/EXERCÍCIOS COM HALTERES/COSTAS/Dumbbell-Incline-Y-Raise-(female)_Shoulders__converted.gif","EXERCÍCIOS COM HALTERES","COSTAS"
"feminino","Dumbbell-Lying-Rear-Lateral-Raise-(female)_Shoulde_converted","FEMININO/EXERCÍCIOS COM HALTERES/COSTAS/Dumbbell-Lying-Rear-Lateral-Raise-(female)_Shoulde_converted.gif","EXERCÍCIOS COM HALTERES","COSTAS"
"feminino","Dumbbell-One-Arm-Bent-over-Row-(female)_Shoulders_converted","FEMININO/EXERCÍCIOS COM HALTERES/COSTAS/Dumbbell-One-Arm-Bent-over-Row-(female)_Shoulders_converted.gif","EXERCÍCIOS COM HALTERES","COSTAS"
"feminino","Dumbbell-One-Arm-Row-(rack-support)-(female)_Back__converted","FEMININO/EXERCÍCIOS COM HALTERES/COSTAS/Dumbbell-One-Arm-Row-(rack-support)-(female)_Back__converted.gif","EXERCÍCIOS COM HALTERES","COSTAS"
"feminino","Dumbbell-Palm-Rotational-Bent-Over-Row-(female)_Back_converted","FEMININO/EXERCÍCIOS COM HALTERES/COSTAS/Dumbbell-Palm-Rotational-Bent-Over-Row-(female)_Back_converted.gif","EXERCÍCIOS COM HALTERES","COSTAS"
"feminino","Dumbbell-Pronated-to-Neutral-Grip-Row-(female)_Bac_converted","FEMININO/EXERCÍCIOS COM HALTERES/COSTAS/Dumbbell-Pronated-to-Neutral-Grip-Row-(female)_Bac_converted.gif","EXERCÍCIOS COM HALTERES","COSTAS"
"feminino","Dumbbell-Rear-Delt-Fly-(female)_Shoulders_converted","FEMININO/EXERCÍCIOS COM HALTERES/COSTAS/Dumbbell-Rear-Delt-Fly-(female)_Shoulders_converted.gif","EXERCÍCIOS COM HALTERES","COSTAS"
"feminino","Dumbbell-Rear-Delt-Row-(female)_Back_converted","FEMININO/EXERCÍCIOS COM HALTERES/COSTAS/Dumbbell-Rear-Delt-Row-(female)_Back_converted.gif","EXERCÍCIOS COM HALTERES","COSTAS"
"feminino","Dumbbell-Rear-Fly-(female)_Shoulders_converted","FEMININO/EXERCÍCIOS COM HALTERES/COSTAS/Dumbbell-Rear-Fly-(female)_Shoulders_converted.gif","EXERCÍCIOS COM HALTERES","COSTAS"
"feminino","Dumbbell-Renegade-Row-(female)_Back__converted","FEMININO/EXERCÍCIOS COM HALTERES/COSTAS/Dumbbell-Renegade-Row-(female)_Back__converted.gif","EXERCÍCIOS COM HALTERES","COSTAS"
"feminino","Dumbbell-Reverse-Grip-Incline-Row-(female)_Back_converted","FEMININO/EXERCÍCIOS COM HALTERES/COSTAS/Dumbbell-Reverse-Grip-Incline-Row-(female)_Back_converted.gif","EXERCÍCIOS COM HALTERES","COSTAS"
"feminino","Dumbbell-Reverse-Grip-Row-(female)_Back_converted","FEMININO/EXERCÍCIOS COM HALTERES/COSTAS/Dumbbell-Reverse-Grip-Row-(female)_Back_converted.gif","EXERCÍCIOS COM HALTERES","COSTAS"
"feminino","Dumbbell-Seated-Bent-Arm-Lateral-Raise-(female)_Sh_converted","FEMININO/EXERCÍCIOS COM HALTERES/COSTAS/Dumbbell-Seated-Bent-Arm-Lateral-Raise-(female)_Sh_converted.gif","EXERCÍCIOS COM HALTERES","COSTAS"
"feminino","Dumbbell-Standing-Scapular-External-Rotation-(back-POV)-(female)_Back__converted","FEMININO/EXERCÍCIOS COM HALTERES/COSTAS/Dumbbell-Standing-Scapular-External-Rotation-(back-POV)-(female)_Back__converted.gif","EXERCÍCIOS COM HALTERES","COSTAS"
"feminino","Dumbbell-Standing-Scapular-External-Rotation-(female)_Back__converted","FEMININO/EXERCÍCIOS COM HALTERES/COSTAS/Dumbbell-Standing-Scapular-External-Rotation-(female)_Back__converted.gif","EXERCÍCIOS COM HALTERES","COSTAS"
"feminino","Dumbbell-Standing-Scapular-External-Rotation-(front-POV)-(female)_Back__converted","FEMININO/EXERCÍCIOS COM HALTERES/COSTAS/Dumbbell-Standing-Scapular-External-Rotation-(front-POV)-(female)_Back__converted.gif","EXERCÍCIOS COM HALTERES","COSTAS"
"feminino","Dumbbel-Seated-Arnold-Press-(female)_Shoulders__converted","FEMININO/EXERCÍCIOS COM HALTERES/OMBRO/Dumbbel-Seated-Arnold-Press-(female)_Shoulders__converted.gif","EXERCÍCIOS COM HALTERES","OMBRO"
"feminino","Dumbbell-Alternate-Front-Raise-(female)_Shoulders__converted","FEMININO/EXERCÍCIOS COM HALTERES/OMBRO/Dumbbell-Alternate-Front-Raise-(female)_Shoulders__converted.gif","EXERCÍCIOS COM HALTERES","OMBRO"
"feminino","Dumbbell-Alternate-Shoulder-Press-(female)_Shoulders_converted","FEMININO/EXERCÍCIOS COM HALTERES/OMBRO/Dumbbell-Alternate-Shoulder-Press-(female)_Shoulders_converted.gif","EXERCÍCIOS COM HALTERES","OMBRO"
"feminino","Dumbbell-Alternate-Side-Press-(female)_Shoulders__converted","FEMININO/EXERCÍCIOS COM HALTERES/OMBRO/Dumbbell-Alternate-Side-Press-(female)_Shoulders__converted.gif","EXERCÍCIOS COM HALTERES","OMBRO"
"feminino","Dumbbell-Arnold-Press-(female)_Shoulders_converted","FEMININO/EXERCÍCIOS COM HALTERES/OMBRO/Dumbbell-Arnold-Press-(female)_Shoulders_converted.gif","EXERCÍCIOS COM HALTERES","OMBRO"
"feminino","Dumbbell-Bench-Seated-Press-(female)_Shoulders__converted","FEMININO/EXERCÍCIOS COM HALTERES/OMBRO/Dumbbell-Bench-Seated-Press-(female)_Shoulders__converted.gif","EXERCÍCIOS COM HALTERES","OMBRO"
"feminino","Dumbbell-Decline-Shrug-(female)_Back__converted","FEMININO/EXERCÍCIOS COM HALTERES/OMBRO/Dumbbell-Decline-Shrug-(female)_Back__converted.gif","EXERCÍCIOS COM HALTERES","OMBRO"
"feminino","Dumbbell-Front-Raise-(female)_Shoulders_converted","FEMININO/EXERCÍCIOS COM HALTERES/OMBRO/Dumbbell-Front-Raise-(female)_Shoulders_converted.gif","EXERCÍCIOS COM HALTERES","OMBRO"
"feminino","Dumbbell-Incline-Front-Raise-(female)_Shoulders__converted","FEMININO/EXERCÍCIOS COM HALTERES/OMBRO/Dumbbell-Incline-Front-Raise-(female)_Shoulders__converted.gif","EXERCÍCIOS COM HALTERES","OMBRO"
"feminino","Dumbbell-Incline-Shrug-(female)_Back_converted","FEMININO/EXERCÍCIOS COM HALTERES/OMBRO/Dumbbell-Incline-Shrug-(female)_Back_converted.gif","EXERCÍCIOS COM HALTERES","OMBRO"
"feminino","Dumbbell-Lateral-to-Front-Raise-(female)_Shoulders_converted","FEMININO/EXERCÍCIOS COM HALTERES/OMBRO/Dumbbell-Lateral-to-Front-Raise-(female)_Shoulders_converted.gif","EXERCÍCIOS COM HALTERES","OMBRO"
"feminino","Dumbbell-Lying-External-Shoulder-Rotation-(female)_converted","FEMININO/EXERCÍCIOS COM HALTERES/OMBRO/Dumbbell-Lying-External-Shoulder-Rotation-(female)_converted.gif","EXERCÍCIOS COM HALTERES","OMBRO"
"feminino","Dumbbell-Lying-Front-Raise-(female)_Shoulders__converted","FEMININO/EXERCÍCIOS COM HALTERES/OMBRO/Dumbbell-Lying-Front-Raise-(female)_Shoulders__converted.gif","EXERCÍCIOS COM HALTERES","OMBRO"
"feminino","Dumbbell-One-Arm-Front-Raise-(female)_Shoulders__converted","FEMININO/EXERCÍCIOS COM HALTERES/OMBRO/Dumbbell-One-Arm-Front-Raise-(female)_Shoulders__converted.gif","EXERCÍCIOS COM HALTERES","OMBRO"
"feminino","Dumbbell-One-Arm-Lateral-Raise-(female)_Shoulder_converted","FEMININO/EXERCÍCIOS COM HALTERES/OMBRO/Dumbbell-One-Arm-Lateral-Raise-(female)_Shoulder_converted.gif","EXERCÍCIOS COM HALTERES","OMBRO"
"feminino","Dumbbell-One-Arm-Shoulder-Press-(version-2)-(femal_converted","FEMININO/EXERCÍCIOS COM HALTERES/OMBRO/Dumbbell-One-Arm-Shoulder-Press-(version-2)-(femal_converted.gif","EXERCÍCIOS COM HALTERES","OMBRO"
"feminino","Dumbbell-Rear-Delt-Raise-(female)_Shoulders__converted","FEMININO/EXERCÍCIOS COM HALTERES/OMBRO/Dumbbell-Rear-Delt-Raise-(female)_Shoulders__converted.gif","EXERCÍCIOS COM HALTERES","OMBRO"
"feminino","Dumbbell-Seated-Front-Raise-(female)_Shoulders_converted","FEMININO/EXERCÍCIOS COM HALTERES/OMBRO/Dumbbell-Seated-Front-Raise-(female)_Shoulders_converted.gif","EXERCÍCIOS COM HALTERES","OMBRO"
"feminino","Dumbbell-Seated-Lateral-Raise-(female)_Shoulders__converted","FEMININO/EXERCÍCIOS COM HALTERES/OMBRO/Dumbbell-Seated-Lateral-Raise-(female)_Shoulders__converted.gif","EXERCÍCIOS COM HALTERES","OMBRO"
"feminino","Dumbbell-Seated-Lateral-Raise-(female)_Shoulders_converted","FEMININO/EXERCÍCIOS COM HALTERES/OMBRO/Dumbbell-Seated-Lateral-Raise-(female)_Shoulders_converted.gif","EXERCÍCIOS COM HALTERES","OMBRO"
"feminino","Dumbbell-Seated-Shoulder-Press-(female)_Shoulders_converted","FEMININO/EXERCÍCIOS COM HALTERES/OMBRO/Dumbbell-Seated-Shoulder-Press-(female)_Shoulders_converted.gif","EXERCÍCIOS COM HALTERES","OMBRO"
"geral","Dumbbell-Shoulder-External-Rotation-in-Support-(fe_converted","FEMININO/EXERCÍCIOS COM HALTERES/OMBRO/Dumbbell-Shoulder-External-Rotation-in-Support-(fe_converted.gif","EXERCÍCIOS COM HALTERES","OMBRO"
"feminino","Dumbbell-Shrug-(female)_Back_converted","FEMININO/EXERCÍCIOS COM HALTERES/OMBRO/Dumbbell-Shrug-(female)_Back_converted.gif","EXERCÍCIOS COM HALTERES","OMBRO"
"feminino","Dumbbell-Side-Lying-Raises-on-Floor-(female)_Shoul_converted","FEMININO/EXERCÍCIOS COM HALTERES/OMBRO/Dumbbell-Side-Lying-Raises-on-Floor-(female)_Shoul_converted.gif","EXERCÍCIOS COM HALTERES","OMBRO"
"feminino","Dumbbell-Single-arm-Leaning-Lateral-Raise-(female)_converted","FEMININO/EXERCÍCIOS COM HALTERES/OMBRO/Dumbbell-Single-arm-Leaning-Lateral-Raise-(female)_converted.gif","EXERCÍCIOS COM HALTERES","OMBRO"
"feminino","Dumbbell-Standing-Bent-Arm-Lateral-raise-(female)_Shoulders_converted","FEMININO/EXERCÍCIOS COM HALTERES/OMBRO/Dumbbell-Standing-Bent-Arm-Lateral-raise-(female)_Shoulders_converted.gif","EXERCÍCIOS COM HALTERES","OMBRO"
"feminino","Dumbbell-Standing-Lateral-Raise-(female)_Shoulders_converted","FEMININO/EXERCÍCIOS COM HALTERES/OMBRO/Dumbbell-Standing-Lateral-Raise-(female)_Shoulders_converted.gif","EXERCÍCIOS COM HALTERES","OMBRO"
"feminino","Dumbbell-Standing-Overhead-Press-(female)_Shoulders__converted","FEMININO/EXERCÍCIOS COM HALTERES/OMBRO/Dumbbell-Standing-Overhead-Press-(female)_Shoulders__converted.gif","EXERCÍCIOS COM HALTERES","OMBRO"
"feminino","Dumbbell-Standing-Palms-In-Press-(female)_Shoulder_converted","FEMININO/EXERCÍCIOS COM HALTERES/OMBRO/Dumbbell-Standing-Palms-In-Press-(female)_Shoulder_converted.gif","EXERCÍCIOS COM HALTERES","OMBRO"
"feminino","Dumbbell-Standing-Reverse-Butterfly-(female)_Shoul_converted","FEMININO/EXERCÍCIOS COM HALTERES/OMBRO/Dumbbell-Standing-Reverse-Butterfly-(female)_Shoul_converted.gif","EXERCÍCIOS COM HALTERES","OMBRO"
"geral","Dumbbell-Standing-Shoulder-External-Rotation-at-90_converted","FEMININO/EXERCÍCIOS COM HALTERES/OMBRO/Dumbbell-Standing-Shoulder-External-Rotation-at-90_converted.gif","EXERCÍCIOS COM HALTERES","OMBRO"
"feminino","Dumbbell-Upright-Row-(female)_Shoulder_converted","FEMININO/EXERCÍCIOS COM HALTERES/OMBRO/Dumbbell-Upright-Row-(female)_Shoulder_converted.gif","EXERCÍCIOS COM HALTERES","OMBRO"
"feminino","Weighted-Front-Raise-(female)_Shoulders__converted","FEMININO/EXERCÍCIOS COM HALTERES/OMBRO/Weighted-Front-Raise-(female)_Shoulders__converted.gif","EXERCÍCIOS COM HALTERES","OMBRO"
"feminino","Weighted-Plate-Standing-Around-the-World-(female)__converted","FEMININO/EXERCÍCIOS COM HALTERES/OMBRO/Weighted-Plate-Standing-Around-the-World-(female)__converted.gif","EXERCÍCIOS COM HALTERES","OMBRO"
"feminino","Weighted-Svend-Press-(female)_Chest__converted","FEMININO/EXERCÍCIOS COM HALTERES/OMBRO/Weighted-Svend-Press-(female)_Chest__converted.gif","EXERCÍCIOS COM HALTERES","OMBRO"
"feminino","Dumbbell-Alternating-Floor-Press-(female)_Chest__converted","FEMININO/EXERCÍCIOS COM HALTERES/PEITO/Dumbbell-Alternating-Floor-Press-(female)_Chest__converted.gif","EXERCÍCIOS COM HALTERES","PEITO"
"feminino","Dumbbell-Bench-Press-(female)_Chest_converted","FEMININO/EXERCÍCIOS COM HALTERES/PEITO/Dumbbell-Bench-Press-(female)_Chest_converted.gif","EXERCÍCIOS COM HALTERES","PEITO"
"feminino","Dumbbell-Close-Grip-Press-(female)_Upper-Arms_converted","FEMININO/EXERCÍCIOS COM HALTERES/PEITO/Dumbbell-Close-Grip-Press-(female)_Upper-Arms_converted.gif","EXERCÍCIOS COM HALTERES","PEITO"
"feminino","Dumbbell-Decline-Bench-Press-(female)_Chest_converted","FEMININO/EXERCÍCIOS COM HALTERES/PEITO/Dumbbell-Decline-Bench-Press-(female)_Chest_converted.gif","EXERCÍCIOS COM HALTERES","PEITO"
"feminino","Dumbbell-Decline-Fly-(female)_Chest__converted","FEMININO/EXERCÍCIOS COM HALTERES/PEITO/Dumbbell-Decline-Fly-(female)_Chest__converted.gif","EXERCÍCIOS COM HALTERES","PEITO"
"feminino","Dumbbell-Decline-Twist-Fly-(female)_Chest_converted","FEMININO/EXERCÍCIOS COM HALTERES/PEITO/Dumbbell-Decline-Twist-Fly-(female)_Chest_converted.gif","EXERCÍCIOS COM HALTERES","PEITO"
"feminino","Dumbbell-Fly-(female)_Chest_converted","FEMININO/EXERCÍCIOS COM HALTERES/PEITO/Dumbbell-Fly-(female)_Chest_converted.gif","EXERCÍCIOS COM HALTERES","PEITO"
"feminino","Dumbbell-Fly-on-Exercise-Ball-(female)_Chest_converted","FEMININO/EXERCÍCIOS COM HALTERES/PEITO/Dumbbell-Fly-on-Exercise-Ball-(female)_Chest_converted.gif","EXERCÍCIOS COM HALTERES","PEITO"
"feminino","Dumbbell-Incline-Bench-Press-(female)_Chest_converted","FEMININO/EXERCÍCIOS COM HALTERES/PEITO/Dumbbell-Incline-Bench-Press-(female)_Chest_converted.gif","EXERCÍCIOS COM HALTERES","PEITO"
"feminino","Dumbbell-Incline-Fly-(female)_Chest_converted","FEMININO/EXERCÍCIOS COM HALTERES/PEITO/Dumbbell-Incline-Fly-(female)_Chest_converted.gif","EXERCÍCIOS COM HALTERES","PEITO"
"feminino","Dumbbell-Incline-Fly-on-Exercise-Ball-(female)_Chest_converted","FEMININO/EXERCÍCIOS COM HALTERES/PEITO/Dumbbell-Incline-Fly-on-Exercise-Ball-(female)_Chest_converted.gif","EXERCÍCIOS COM HALTERES","PEITO"
"feminino","Dumbbell-Incline-Hammer-Press-(female)_Chest_converted","FEMININO/EXERCÍCIOS COM HALTERES/PEITO/Dumbbell-Incline-Hammer-Press-(female)_Chest_converted.gif","EXERCÍCIOS COM HALTERES","PEITO"
"feminino","Dumbbell-Incline-One-Arm-Press-(female)_Chest__converted","FEMININO/EXERCÍCIOS COM HALTERES/PEITO/Dumbbell-Incline-One-Arm-Press-(female)_Chest__converted.gif","EXERCÍCIOS COM HALTERES","PEITO"
"feminino","Dumbbell-Incline-Squeeze-Press-(female)_Upper-Arms_converted","FEMININO/EXERCÍCIOS COM HALTERES/PEITO/Dumbbell-Incline-Squeeze-Press-(female)_Upper-Arms_converted.gif","EXERCÍCIOS COM HALTERES","PEITO"
"feminino","Dumbbell-Lying-Fly-on-Floor-(female)_Chest__converted","FEMININO/EXERCÍCIOS COM HALTERES/PEITO/Dumbbell-Lying-Fly-on-Floor-(female)_Chest__converted.gif","EXERCÍCIOS COM HALTERES","PEITO"
"feminino","Dumbbell-Lying-Hammer-Press-(female)_Chest_converted","FEMININO/EXERCÍCIOS COM HALTERES/PEITO/Dumbbell-Lying-Hammer-Press-(female)_Chest_converted.gif","EXERCÍCIOS COM HALTERES","PEITO"
"feminino","Dumbbell-Lying-on-Floor-Chest-Press-(female)_Chest_converted","FEMININO/EXERCÍCIOS COM HALTERES/PEITO/Dumbbell-Lying-on-Floor-Chest-Press-(female)_Chest_converted.gif","EXERCÍCIOS COM HALTERES","PEITO"
"feminino","Dumbbell-Lying-on-Floor-Hammer-Press-(female)_Ches_converted","FEMININO/EXERCÍCIOS COM HALTERES/PEITO/Dumbbell-Lying-on-Floor-Hammer-Press-(female)_Ches_converted.gif","EXERCÍCIOS COM HALTERES","PEITO"
"feminino","Dumbbell-Lying-One-Arm-Press-(female)_Chest__converted","FEMININO/EXERCÍCIOS COM HALTERES/PEITO/Dumbbell-Lying-One-Arm-Press-(female)_Chest__converted.gif","EXERCÍCIOS COM HALTERES","PEITO"
"feminino","Dumbbell-Lying-Straight-Arm-Press-on-Floor-(female_converted","FEMININO/EXERCÍCIOS COM HALTERES/PEITO/Dumbbell-Lying-Straight-Arm-Press-on-Floor-(female_converted.gif","EXERCÍCIOS COM HALTERES","PEITO"
"feminino","Dumbbell-Pullover-(VERSION-2)-(female)_Back__converted","FEMININO/EXERCÍCIOS COM HALTERES/PEITO/Dumbbell-Pullover-(VERSION-2)-(female)_Back__converted.gif","EXERCÍCIOS COM HALTERES","PEITO"
"feminino","Dumbbell-Pullover-on-Exercise-Ball-(female)_Chest__converted","FEMININO/EXERCÍCIOS COM HALTERES/PEITO/Dumbbell-Pullover-on-Exercise-Ball-(female)_Chest__converted.gif","EXERCÍCIOS COM HALTERES","PEITO"
"feminino","Dumbbell-Squeeze-Bench-Press-(female)_Chest__converted","FEMININO/EXERCÍCIOS COM HALTERES/PEITO/Dumbbell-Squeeze-Bench-Press-(female)_Chest__converted.gif","EXERCÍCIOS COM HALTERES","PEITO"
"feminino","Dumbbell-Straight-Arm-Pullover-(female)_Chest_converted","FEMININO/EXERCÍCIOS COM HALTERES/PEITO/Dumbbell-Straight-Arm-Pullover-(female)_Chest_converted.gif","EXERCÍCIOS COM HALTERES","PEITO"
"feminino","Dumbbell-Straight-Arm-Pullover-(VERSION-2)-(female_converted 2","FEMININO/EXERCÍCIOS COM HALTERES/PEITO/Dumbbell-Straight-Arm-Pullover-(VERSION-2)-(female_converted 2.gif","EXERCÍCIOS COM HALTERES","PEITO"
"feminino","Hyght-Dumbbell-Fly-(female)_Chest__converted","FEMININO/EXERCÍCIOS COM HALTERES/PEITO/Hyght-Dumbbell-Fly-(female)_Chest__converted.gif","EXERCÍCIOS COM HALTERES","PEITO"
"feminino","Dumbbell-Banded-Hip-Thrust-(female)_Hips__converted","FEMININO/EXERCÍCIOS COM HALTERES/PERNA/Dumbbell-Banded-Hip-Thrust-(female)_Hips__converted.gif","EXERCÍCIOS COM HALTERES","PERNA"
"feminino","Dumbbell-Bar-Grip-Sumo-Squat-(female)_Hips_converted","FEMININO/EXERCÍCIOS COM HALTERES/PERNA/Dumbbell-Bar-Grip-Sumo-Squat-(female)_Hips_converted.gif","EXERCÍCIOS COM HALTERES","PERNA"
"feminino","Dumbbell-Bench-Squat-(female)_Thighs__converted","FEMININO/EXERCÍCIOS COM HALTERES/PERNA/Dumbbell-Bench-Squat-(female)_Thighs__converted.gif","EXERCÍCIOS COM HALTERES","PERNA"
"feminino","Dumbbell-Bulgarian-Split-Squat-(female)_Thighs_converted","FEMININO/EXERCÍCIOS COM HALTERES/PERNA/Dumbbell-Bulgarian-Split-Squat-(female)_Thighs_converted.gif","EXERCÍCIOS COM HALTERES","PERNA"
"feminino","Dumbbell-Burpee-(female)_Cardio__converted","FEMININO/EXERCÍCIOS COM HALTERES/PERNA/Dumbbell-Burpee-(female)_Cardio__converted.gif","EXERCÍCIOS COM HALTERES","PERNA"
"feminino","Dumbbell-Clean-(female)_Thighs__converted","FEMININO/EXERCÍCIOS COM HALTERES/PERNA/Dumbbell-Clean-(female)_Thighs__converted.gif","EXERCÍCIOS COM HALTERES","PERNA"
"feminino","Dumbbell-Curtsey-lunge-(female)_Thighs__converted","FEMININO/EXERCÍCIOS COM HALTERES/PERNA/Dumbbell-Curtsey-lunge-(female)_Thighs__converted.gif","EXERCÍCIOS COM HALTERES","PERNA"
"feminino","Dumbbell-Deadlift-(female)_Back_converted","FEMININO/EXERCÍCIOS COM HALTERES/PERNA/Dumbbell-Deadlift-(female)_Back_converted.gif","EXERCÍCIOS COM HALTERES","PERNA"
"feminino","Dumbbell-deadlift-(female)-360-degrees_Back_converted","FEMININO/EXERCÍCIOS COM HALTERES/PERNA/Dumbbell-deadlift-(female)-360-degrees_Back_converted.gif","EXERCÍCIOS COM HALTERES","PERNA"
"feminino","Dumbbell-Front-Squat-(female)_Thighs_converted","FEMININO/EXERCÍCIOS COM HALTERES/PERNA/Dumbbell-Front-Squat-(female)_Thighs_converted.gif","EXERCÍCIOS COM HALTERES","PERNA"
"feminino","Dumbbell-Glute-Bridge-(female)_Hips__converted","FEMININO/EXERCÍCIOS COM HALTERES/PERNA/Dumbbell-Glute-Bridge-(female)_Hips__converted.gif","EXERCÍCIOS COM HALTERES","PERNA"
"feminino","Dumbbell-Gobelt-Curtsey-Lunge-(female)_Thighs__converted","FEMININO/EXERCÍCIOS COM HALTERES/PERNA/Dumbbell-Gobelt-Curtsey-Lunge-(female)_Thighs__converted.gif","EXERCÍCIOS COM HALTERES","PERNA"
"feminino","Dumbbell-Goblet-Split-Squat-Front-Foot-Elevanted-(female)_Thighs_converted","FEMININO/EXERCÍCIOS COM HALTERES/PERNA/Dumbbell-Goblet-Split-Squat-Front-Foot-Elevanted-(female)_Thighs_converted.gif","EXERCÍCIOS COM HALTERES","PERNA"
"feminino","Dumbbell-Goblet-Split-Squat-Front-Foot-Elevanted-(female)_Thighs-FIX__converted","FEMININO/EXERCÍCIOS COM HALTERES/PERNA/Dumbbell-Goblet-Split-Squat-Front-Foot-Elevanted-(female)_Thighs-FIX__converted.gif","EXERCÍCIOS COM HALTERES","PERNA"
"feminino","Dumbbell-Goblet-Squat-(female)_Thighs_converted","FEMININO/EXERCÍCIOS COM HALTERES/PERNA/Dumbbell-Goblet-Squat-(female)_Thighs_converted.gif","EXERCÍCIOS COM HALTERES","PERNA"
"feminino","Dumbbell-Hip-Thrust-(VERSION-2)-(female)_Hips__converted","FEMININO/EXERCÍCIOS COM HALTERES/PERNA/Dumbbell-Hip-Thrust-(VERSION-2)-(female)_Hips__converted.gif","EXERCÍCIOS COM HALTERES","PERNA"
"geral","Dumbbell-Ipsilateral-Single-Leg-Stiff-Leg-Deadlift_converted","FEMININO/EXERCÍCIOS COM HALTERES/PERNA/Dumbbell-Ipsilateral-Single-Leg-Stiff-Leg-Deadlift_converted.gif","EXERCÍCIOS COM HALTERES","PERNA"
"feminino","Dumbbell-Iron-Cross-(female)_Shoulders_converted","FEMININO/EXERCÍCIOS COM HALTERES/PERNA/Dumbbell-Iron-Cross-(female)_Shoulders_converted.gif","EXERCÍCIOS COM HALTERES","PERNA"
"feminino","Dumbbell-Lateral-Step-Up-(female)_Thighs__converted","FEMININO/EXERCÍCIOS COM HALTERES/PERNA/Dumbbell-Lateral-Step-Up-(female)_Thighs__converted.gif","EXERCÍCIOS COM HALTERES","PERNA"
"feminino","Dumbbell-Lunge-(female)_Thighs_converted","FEMININO/EXERCÍCIOS COM HALTERES/PERNA/Dumbbell-Lunge-(female)_Thighs_converted.gif","EXERCÍCIOS COM HALTERES","PERNA"
"feminino","Dumbbell-Lying-Femoral-(female)_Thighs_converted","FEMININO/EXERCÍCIOS COM HALTERES/PERNA/Dumbbell-Lying-Femoral-(female)_Thighs_converted.gif","EXERCÍCIOS COM HALTERES","PERNA"
"feminino","Dumbbell-Lying-Hamstring-Curl-(female)_Thighs__converted","FEMININO/EXERCÍCIOS COM HALTERES/PERNA/Dumbbell-Lying-Hamstring-Curl-(female)_Thighs__converted.gif","EXERCÍCIOS COM HALTERES","PERNA"
"feminino","Dumbbell-One-Arm-Snatch-(female)_Weightlifting__converted","FEMININO/EXERCÍCIOS COM HALTERES/PERNA/Dumbbell-One-Arm-Snatch-(female)_Weightlifting__converted.gif","EXERCÍCIOS COM HALTERES","PERNA"
"feminino","Dumbbell-Overhead-Squat-(female)_Thighs__converted","FEMININO/EXERCÍCIOS COM HALTERES/PERNA/Dumbbell-Overhead-Squat-(female)_Thighs__converted.gif","EXERCÍCIOS COM HALTERES","PERNA"
"feminino","Dumbbell-Pause-Squat-(female)_Hips__converted","FEMININO/EXERCÍCIOS COM HALTERES/PERNA/Dumbbell-Pause-Squat-(female)_Hips__converted.gif","EXERCÍCIOS COM HALTERES","PERNA"
"feminino","Dumbbell-Plank-Jack-(female)_Plyometrics__converted 2","FEMININO/EXERCÍCIOS COM HALTERES/PERNA/Dumbbell-Plank-Jack-(female)_Plyometrics__converted 2.gif","EXERCÍCIOS COM HALTERES","PERNA"
"feminino","Dumbbell-Plank-Jack-(female)_Plyometrics__converted","FEMININO/EXERCÍCIOS COM HALTERES/PERNA/Dumbbell-Plank-Jack-(female)_Plyometrics__converted.gif","EXERCÍCIOS COM HALTERES","PERNA"
"feminino","Dumbbell-Plyo-Squat-(female)_Thighs__converted","FEMININO/EXERCÍCIOS COM HALTERES/PERNA/Dumbbell-Plyo-Squat-(female)_Thighs__converted.gif","EXERCÍCIOS COM HALTERES","PERNA"
"feminino","Dumbbell-Rear-Lunge-(female)_Thighs__converted","FEMININO/EXERCÍCIOS COM HALTERES/PERNA/Dumbbell-Rear-Lunge-(female)_Thighs__converted.gif","EXERCÍCIOS COM HALTERES","PERNA"
"feminino","Dumbbell-Rear-Lunge-from-Step-(female)_Thighs__converted","FEMININO/EXERCÍCIOS COM HALTERES/PERNA/Dumbbell-Rear-Lunge-from-Step-(female)_Thighs__converted.gif","EXERCÍCIOS COM HALTERES","PERNA"
"feminino","Dumbbell-Romanian-Deadlift-(female)_Hips-FIX__converted","FEMININO/EXERCÍCIOS COM HALTERES/PERNA/Dumbbell-Romanian-Deadlift-(female)_Hips-FIX__converted.gif","EXERCÍCIOS COM HALTERES","PERNA"
"feminino","Dumbbell-Seated-Calf-Raise-(female)_Calves_converted","FEMININO/EXERCÍCIOS COM HALTERES/PERNA/Dumbbell-Seated-Calf-Raise-(female)_Calves_converted.gif","EXERCÍCIOS COM HALTERES","PERNA"
"feminino","Dumbbell-Side-Lunge-(female)_Hips__converted","FEMININO/EXERCÍCIOS COM HALTERES/PERNA/Dumbbell-Side-Lunge-(female)_Hips__converted.gif","EXERCÍCIOS COM HALTERES","PERNA"
"feminino","Dumbbell-Single-Leg-Calf-Raise-(female)-(VERSION-2)_Calves_converted","FEMININO/EXERCÍCIOS COM HALTERES/PERNA/Dumbbell-Single-Leg-Calf-Raise-(female)-(VERSION-2)_Calves_converted.gif","EXERCÍCIOS COM HALTERES","PERNA"
"feminino","Dumbbell-Single-Leg-Deadlift-(female)_Hips_converted","FEMININO/EXERCÍCIOS COM HALTERES/PERNA/Dumbbell-Single-Leg-Deadlift-(female)_Hips_converted.gif","EXERCÍCIOS COM HALTERES","PERNA"
"feminino","Dumbbell-Single-Leg-Glute-Bridge-(female)_Hips__converted","FEMININO/EXERCÍCIOS COM HALTERES/PERNA/Dumbbell-Single-Leg-Glute-Bridge-(female)_Hips__converted.gif","EXERCÍCIOS COM HALTERES","PERNA"
"feminino","Dumbbell-Single-Leg-Squat-(female)_Thighs_converted","FEMININO/EXERCÍCIOS COM HALTERES/PERNA/Dumbbell-Single-Leg-Squat-(female)_Thighs_converted.gif","EXERCÍCIOS COM HALTERES","PERNA"
"feminino","Dumbbell-Single-Leg-Squat-(VERSION-2)-(female)_Thighs_converted","FEMININO/EXERCÍCIOS COM HALTERES/PERNA/Dumbbell-Single-Leg-Squat-(VERSION-2)-(female)_Thighs_converted.gif","EXERCÍCIOS COM HALTERES","PERNA"
"feminino","Dumbbell-Single-Leg-Step-Up-(female)_Thighs__converted","FEMININO/EXERCÍCIOS COM HALTERES/PERNA/Dumbbell-Single-Leg-Step-Up-(female)_Thighs__converted.gif","EXERCÍCIOS COM HALTERES","PERNA"
"feminino","Dumbbell-Single-Stiff-Leg-Deadlift-(female)_Hips__converted","FEMININO/EXERCÍCIOS COM HALTERES/PERNA/Dumbbell-Single-Stiff-Leg-Deadlift-(female)_Hips__converted.gif","EXERCÍCIOS COM HALTERES","PERNA"
"geral","Dumbbell-Split-Lunge-Stretch_Hips__converted","FEMININO/EXERCÍCIOS COM HALTERES/PERNA/Dumbbell-Split-Lunge-Stretch_Hips__converted.gif","EXERCÍCIOS COM HALTERES","PERNA"
"feminino","Dumbbell-Split-Squat-(female)_Thighs__converted","FEMININO/EXERCÍCIOS COM HALTERES/PERNA/Dumbbell-Split-Squat-(female)_Thighs__converted.gif","EXERCÍCIOS COM HALTERES","PERNA"
"feminino","Dumbbell-Split-Squat-Front-Foot-Elevanted-(female)_converted","FEMININO/EXERCÍCIOS COM HALTERES/PERNA/Dumbbell-Split-Squat-Front-Foot-Elevanted-(female)_converted.gif","EXERCÍCIOS COM HALTERES","PERNA"
"feminino","Dumbbell-Squat-(female)_Thighs_converted","FEMININO/EXERCÍCIOS COM HALTERES/PERNA/Dumbbell-Squat-(female)_Thighs_converted.gif","EXERCÍCIOS COM HALTERES","PERNA"
"feminino","Dumbbell-Staggered-Stance-Romanian-Deadlift-(femal_converted 2","FEMININO/EXERCÍCIOS COM HALTERES/PERNA/Dumbbell-Staggered-Stance-Romanian-Deadlift-(femal_converted 2.gif","EXERCÍCIOS COM HALTERES","PERNA"
"feminino","Dumbbell-Staggered-Stance-Romanian-Deadlift-(femal_converted","FEMININO/EXERCÍCIOS COM HALTERES/PERNA/Dumbbell-Staggered-Stance-Romanian-Deadlift-(femal_converted.gif","EXERCÍCIOS COM HALTERES","PERNA"
"feminino","Dumbbell-Standing-Calf-Raise-(female)_Calves_converted","FEMININO/EXERCÍCIOS COM HALTERES/PERNA/Dumbbell-Standing-Calf-Raise-(female)_Calves_converted.gif","EXERCÍCIOS COM HALTERES","PERNA"
"feminino","Dumbbell-Standing-Single-Leg-Calf-Raise-(female)_C_converted","FEMININO/EXERCÍCIOS COM HALTERES/PERNA/Dumbbell-Standing-Single-Leg-Calf-Raise-(female)_C_converted.gif","EXERCÍCIOS COM HALTERES","PERNA"
"feminino","Dumbbell-Static-Lunge-(female)_Thighs__converted","FEMININO/EXERCÍCIOS COM HALTERES/PERNA/Dumbbell-Static-Lunge-(female)_Thighs__converted.gif","EXERCÍCIOS COM HALTERES","PERNA"
"feminino","Dumbbell-Step-Up-(female)_Thighs__converted","FEMININO/EXERCÍCIOS COM HALTERES/PERNA/Dumbbell-Step-Up-(female)_Thighs__converted.gif","EXERCÍCIOS COM HALTERES","PERNA"
"feminino","Dumbbell-Stiff-Leg-Deadlift-(female)_Hips_converted","FEMININO/EXERCÍCIOS COM HALTERES/PERNA/Dumbbell-Stiff-Leg-Deadlift-(female)_Hips_converted.gif","EXERCÍCIOS COM HALTERES","PERNA"
"feminino","Dumbbell-Stiff-Leg-Deadlift-(female)_Waist_converted","FEMININO/EXERCÍCIOS COM HALTERES/PERNA/Dumbbell-Stiff-Leg-Deadlift-(female)_Waist_converted.gif","EXERCÍCIOS COM HALTERES","PERNA"
"feminino","Dumbbell-Sumo-Deadlift-(female)_Hips__converted","FEMININO/EXERCÍCIOS COM HALTERES/PERNA/Dumbbell-Sumo-Deadlift-(female)_Hips__converted.gif","EXERCÍCIOS COM HALTERES","PERNA"
"feminino","Dumbbell-Sumo-Pull-Through-(female)_Hips_converted","FEMININO/EXERCÍCIOS COM HALTERES/PERNA/Dumbbell-Sumo-Pull-Through-(female)_Hips_converted.gif","EXERCÍCIOS COM HALTERES","PERNA"
"feminino","Dumbbell-Sumo-Squat-(female)_Thighs__converted","FEMININO/EXERCÍCIOS COM HALTERES/PERNA/Dumbbell-Sumo-Squat-(female)_Thighs__converted.gif","EXERCÍCIOS COM HALTERES","PERNA"
"feminino","Dumbbell-Supported-Squat-(female)_Thighs__converted","FEMININO/EXERCÍCIOS COM HALTERES/PERNA/Dumbbell-Supported-Squat-(female)_Thighs__converted.gif","EXERCÍCIOS COM HALTERES","PERNA"
"feminino","Dumbbell-Thruster-(female)_Thighs__converted","FEMININO/EXERCÍCIOS COM HALTERES/PERNA/Dumbbell-Thruster-(female)_Thighs__converted.gif","EXERCÍCIOS COM HALTERES","PERNA"
"feminino","Dumbbell-Walking-Lunge-(female)_Thighs_converted","FEMININO/EXERCÍCIOS COM HALTERES/PERNA/Dumbbell-Walking-Lunge-(female)_Thighs_converted.gif","EXERCÍCIOS COM HALTERES","PERNA"
"geral","Dumbell-Contralateral-Glute-Dominant-Bulgarian-Spl_converted","FEMININO/EXERCÍCIOS COM HALTERES/PERNA/Dumbell-Contralateral-Glute-Dominant-Bulgarian-Spl_converted.gif","EXERCÍCIOS COM HALTERES","PERNA"
"geral","Dumbell-Glute-Dominant-Bulgarian-Split-Squat-(fema_converted 2","FEMININO/EXERCÍCIOS COM HALTERES/PERNA/Dumbell-Glute-Dominant-Bulgarian-Split-Squat-(fema_converted 2.gif","EXERCÍCIOS COM HALTERES","PERNA"
"geral","Dumbell-Glute-Dominant-Bulgarian-Split-Squat-(fema_converted","FEMININO/EXERCÍCIOS COM HALTERES/PERNA/Dumbell-Glute-Dominant-Bulgarian-Split-Squat-(fema_converted.gif","EXERCÍCIOS COM HALTERES","PERNA"
"feminino","Farmers-walk-(female)_Cardio__converted","FEMININO/EXERCÍCIOS COM HALTERES/PERNA/Farmers-walk-(female)_Cardio__converted.gif","EXERCÍCIOS COM HALTERES","PERNA"
"geral","Weighted-Dumbbell-Straight-Leg-Diagonal-Kickback-(_converted","FEMININO/EXERCÍCIOS COM HALTERES/PERNA/Weighted-Dumbbell-Straight-Leg-Diagonal-Kickback-(_converted.gif","EXERCÍCIOS COM HALTERES","PERNA"
"geral","Weighted-Plate-Stagged-Stance-Romanian-Deadlift-(f_converted","FEMININO/EXERCÍCIOS COM HALTERES/PERNA/Weighted-Plate-Stagged-Stance-Romanian-Deadlift-(f_converted.gif","EXERCÍCIOS COM HALTERES","PERNA"
"feminino","Weighted-Sissy-Squat-(female)_Thighs_converted","FEMININO/EXERCÍCIOS COM HALTERES/PERNA/Weighted-Sissy-Squat-(female)_Thighs_converted.gif","EXERCÍCIOS COM HALTERES","PERNA"
"feminino","Dumbbell-Close-grip-Press-(female)_Upper-Arms__converted","FEMININO/EXERCÍCIOS COM HALTERES/TRICEPS/Dumbbell-Close-grip-Press-(female)_Upper-Arms__converted.gif","EXERCÍCIOS COM HALTERES","TRICEPS"
"feminino","Dumbbell-Incline-Triceps-Extension-(female)_Upper-Arms_converted","FEMININO/EXERCÍCIOS COM HALTERES/TRICEPS/Dumbbell-Incline-Triceps-Extension-(female)_Upper-Arms_converted.gif","EXERCÍCIOS COM HALTERES","TRICEPS"
"feminino","Dumbbell-Incline-Two-Arm-Extension-(female)_Upper-_converted","FEMININO/EXERCÍCIOS COM HALTERES/TRICEPS/Dumbbell-Incline-Two-Arm-Extension-(female)_Upper-_converted.gif","EXERCÍCIOS COM HALTERES","TRICEPS"
"feminino","Dumbbell-Kickback-(female)_Upper-arms_converted","FEMININO/EXERCÍCIOS COM HALTERES/TRICEPS/Dumbbell-Kickback-(female)_Upper-arms_converted.gif","EXERCÍCIOS COM HALTERES","TRICEPS"
"feminino","Dumbbell-Kneeling-Triceps-Kickback-(female)_Upper-_converted","FEMININO/EXERCÍCIOS COM HALTERES/TRICEPS/Dumbbell-Kneeling-Triceps-Kickback-(female)_Upper-_converted.gif","EXERCÍCIOS COM HALTERES","TRICEPS"
"feminino","Dumbbell-Lying-Alternate-Extension-(female)_Upper-Arms_converted","FEMININO/EXERCÍCIOS COM HALTERES/TRICEPS/Dumbbell-Lying-Alternate-Extension-(female)_Upper-Arms_converted.gif","EXERCÍCIOS COM HALTERES","TRICEPS"
"feminino","Dumbbell-Lying-Extension-(across-face)-(female)_Up_converted","FEMININO/EXERCÍCIOS COM HALTERES/TRICEPS/Dumbbell-Lying-Extension-(across-face)-(female)_Up_converted.gif","EXERCÍCIOS COM HALTERES","TRICEPS"
"geral","Dumbbell-Lying-One-Arm-Pronated-Triceps-Extension-_converted","FEMININO/EXERCÍCIOS COM HALTERES/TRICEPS/Dumbbell-Lying-One-Arm-Pronated-Triceps-Extension-_converted.gif","EXERCÍCIOS COM HALTERES","TRICEPS"
"feminino","Dumbbell-Lying-Triceps-Extension-(female)_Upper-Arms__converted","FEMININO/EXERCÍCIOS COM HALTERES/TRICEPS/Dumbbell-Lying-Triceps-Extension-(female)_Upper-Arms__converted.gif","EXERCÍCIOS COM HALTERES","TRICEPS"
"feminino","Dumbbell-Lying-Triceps-Extension-(female)_Upper-Arms_converted","FEMININO/EXERCÍCIOS COM HALTERES/TRICEPS/Dumbbell-Lying-Triceps-Extension-(female)_Upper-Arms_converted.gif","EXERCÍCIOS COM HALTERES","TRICEPS"
"feminino","Dumbbell-Lying-Triceps-Extension-on-Floor-(female)_converted","FEMININO/EXERCÍCIOS COM HALTERES/TRICEPS/Dumbbell-Lying-Triceps-Extension-on-Floor-(female)_converted.gif","EXERCÍCIOS COM HALTERES","TRICEPS"
"geral","Dumbbell-Lying-Triceps-Extension-on-Floor-(VERSION_converted","FEMININO/EXERCÍCIOS COM HALTERES/TRICEPS/Dumbbell-Lying-Triceps-Extension-on-Floor-(VERSION_converted.gif","EXERCÍCIOS COM HALTERES","TRICEPS"
"feminino","Dumbbell-One-Arm-Kickback-(female)_Upper-Arms__converted","FEMININO/EXERCÍCIOS COM HALTERES/TRICEPS/Dumbbell-One-Arm-Kickback-(female)_Upper-Arms__converted.gif","EXERCÍCIOS COM HALTERES","TRICEPS"
"feminino","Dumbbell-One-Arm-Triceps-Extension-(female)_Upper-_converted","FEMININO/EXERCÍCIOS COM HALTERES/TRICEPS/Dumbbell-One-Arm-Triceps-Extension-(female)_Upper-_converted.gif","EXERCÍCIOS COM HALTERES","TRICEPS"
"feminino","Dumbbell-One-Arm-Triceps-Extension-(on-bench)-(female)_Upper-Arms_converted","FEMININO/EXERCÍCIOS COM HALTERES/TRICEPS/Dumbbell-One-Arm-Triceps-Extension-(on-bench)-(female)_Upper-Arms_converted.gif","EXERCÍCIOS COM HALTERES","TRICEPS"
"feminino","Dumbbell-Pronate-grip-Triceps-Extension-(female)_Upper-Arms_converted","FEMININO/EXERCÍCIOS COM HALTERES/TRICEPS/Dumbbell-Pronate-grip-Triceps-Extension-(female)_Upper-Arms_converted.gif","EXERCÍCIOS COM HALTERES","TRICEPS"
"feminino","Dumbbell-Seated-Kickback-(female)_Upper-Arms_converted","FEMININO/EXERCÍCIOS COM HALTERES/TRICEPS/Dumbbell-Seated-Kickback-(female)_Upper-Arms_converted.gif","EXERCÍCIOS COM HALTERES","TRICEPS"
"feminino","Dumbbell-Seated-Triceps-Extension-(female)_Upper-Arms_converted","FEMININO/EXERCÍCIOS COM HALTERES/TRICEPS/Dumbbell-Seated-Triceps-Extension-(female)_Upper-Arms_converted.gif","EXERCÍCIOS COM HALTERES","TRICEPS"
"geral","Dumbbell-Seated-Triceps-Extension-(VERSION-2)_Uppe_converted","FEMININO/EXERCÍCIOS COM HALTERES/TRICEPS/Dumbbell-Seated-Triceps-Extension-(VERSION-2)_Uppe_converted.gif","EXERCÍCIOS COM HALTERES","TRICEPS"
"feminino","Dumbbell-Standing-Kickback-(female)_Upper-Arms_converted","FEMININO/EXERCÍCIOS COM HALTERES/TRICEPS/Dumbbell-Standing-Kickback-(female)_Upper-Arms_converted.gif","EXERCÍCIOS COM HALTERES","TRICEPS"
"feminino","Dumbbell-Standing-T-spine-Press-(female)_Back__converted","FEMININO/EXERCÍCIOS COM HALTERES/TRICEPS/Dumbbell-Standing-T-spine-Press-(female)_Back__converted.gif","EXERCÍCIOS COM HALTERES","TRICEPS"
"feminino","Dumbbell-Standing-Triceps-Extension-(female)_Upper-Arms_converted","FEMININO/EXERCÍCIOS COM HALTERES/TRICEPS/Dumbbell-Standing-Triceps-Extension-(female)_Upper-Arms_converted.gif","EXERCÍCIOS COM HALTERES","TRICEPS"
"geral","Dumbbell-Triceps-Extension-in-Cross-Legged-Positio_converted","FEMININO/EXERCÍCIOS COM HALTERES/TRICEPS/Dumbbell-Triceps-Extension-in-Cross-Legged-Positio_converted.gif","EXERCÍCIOS COM HALTERES","TRICEPS"
"geral","45-degree-Bycicle-Twisting-Crunch_Waist-FIX__converted","FEMININO/EXERCÍCIOS NA MAQUINA - HACK - BANCO/ABDOMINAIS/45-degree-Bycicle-Twisting-Crunch_Waist-FIX__converted.gif","EXERCÍCIOS NA MAQUINA - HACK - BANCO","ABDOMINAIS"
"feminino","45-degrees-Side-Bend-(female)_Waist_converted","FEMININO/EXERCÍCIOS NA MAQUINA - HACK - BANCO/ABDOMINAIS/45-degrees-Side-Bend-(female)_Waist_converted.gif","EXERCÍCIOS NA MAQUINA - HACK - BANCO","ABDOMINAIS"
"geral","Ab-Roller-Crunch_Waist_converted","FEMININO/EXERCÍCIOS NA MAQUINA - HACK - BANCO/ABDOMINAIS/Ab-Roller-Crunch_Waist_converted.gif","EXERCÍCIOS NA MAQUINA - HACK - BANCO","ABDOMINAIS"
"feminino","Air-Bike-on-a-Chair-(female)_Waist__converted","FEMININO/EXERCÍCIOS NA MAQUINA - HACK - BANCO/ABDOMINAIS/Air-Bike-on-a-Chair-(female)_Waist__converted.gif","EXERCÍCIOS NA MAQUINA - HACK - BANCO","ABDOMINAIS"
"feminino","Captains-Chair-Straight-Leg-Raise-(female)_Waist__converted","FEMININO/EXERCÍCIOS NA MAQUINA - HACK - BANCO/ABDOMINAIS/Captains-Chair-Straight-Leg-Raise-(female)_Waist__converted.gif","EXERCÍCIOS NA MAQUINA - HACK - BANCO","ABDOMINAIS"
"feminino","Decline-Crunch-(female)_Waist__converted","FEMININO/EXERCÍCIOS NA MAQUINA - HACK - BANCO/ABDOMINAIS/Decline-Crunch-(female)_Waist__converted.gif","EXERCÍCIOS NA MAQUINA - HACK - BANCO","ABDOMINAIS"
"feminino","Decline-Knee-Raise-(female)_Waist__converted","FEMININO/EXERCÍCIOS NA MAQUINA - HACK - BANCO/ABDOMINAIS/Decline-Knee-Raise-(female)_Waist__converted.gif","EXERCÍCIOS NA MAQUINA - HACK - BANCO","ABDOMINAIS"
"feminino","Floor-Crunch-Feet-on-Bench-(female)_Waist__converted","FEMININO/EXERCÍCIOS NA MAQUINA - HACK - BANCO/ABDOMINAIS/Floor-Crunch-Feet-on-Bench-(female)_Waist__converted.gif","EXERCÍCIOS NA MAQUINA - HACK - BANCO","ABDOMINAIS"
"feminino","Glute-Ham-Sit-up-(female)_Waist__converted","FEMININO/EXERCÍCIOS NA MAQUINA - HACK - BANCO/ABDOMINAIS/Glute-Ham-Sit-up-(female)_Waist__converted.gif","EXERCÍCIOS NA MAQUINA - HACK - BANCO","ABDOMINAIS"
"feminino","Incline-Leg-Hip-Raise-(leg-straight)-(female)_waist_converted","FEMININO/EXERCÍCIOS NA MAQUINA - HACK - BANCO/ABDOMINAIS/Incline-Leg-Hip-Raise-(leg-straight)-(female)_waist_converted.gif","EXERCÍCIOS NA MAQUINA - HACK - BANCO","ABDOMINAIS"
"feminino","Incline-Twisting-Sit-up-(version-2)-(female)_Waist_converted","FEMININO/EXERCÍCIOS NA MAQUINA - HACK - BANCO/ABDOMINAIS/Incline-Twisting-Sit-up-(version-2)-(female)_Waist_converted.gif","EXERCÍCIOS NA MAQUINA - HACK - BANCO","ABDOMINAIS"
"geral","L-sit_Waist_converted","FEMININO/EXERCÍCIOS NA MAQUINA - HACK - BANCO/ABDOMINAIS/L-sit_Waist_converted.gif","EXERCÍCIOS NA MAQUINA - HACK - BANCO","ABDOMINAIS"
"feminino","Self-Assisted-Inverted-Pullover-(female)_Back__converted","FEMININO/EXERCÍCIOS NA MAQUINA - HACK - BANCO/ABDOMINAIS/Self-Assisted-Inverted-Pullover-(female)_Back__converted.gif","EXERCÍCIOS NA MAQUINA - HACK - BANCO","ABDOMINAIS"
"feminino","Twisted-Leg-Raise-(female)_Waist_converted","FEMININO/EXERCÍCIOS NA MAQUINA - HACK - BANCO/ABDOMINAIS/Twisted-Leg-Raise-(female)_Waist_converted.gif","EXERCÍCIOS NA MAQUINA - HACK - BANCO","ABDOMINAIS"
"feminino","Vertical-Leg-Raise-(on-parallel-bars)-(female)-(VERSION-2)_Hips_converted","FEMININO/EXERCÍCIOS NA MAQUINA - HACK - BANCO/ABDOMINAIS/Vertical-Leg-Raise-(on-parallel-bars)-(female)-(VERSION-2)_Hips_converted.gif","EXERCÍCIOS NA MAQUINA - HACK - BANCO","ABDOMINAIS"
"feminino","Vibrate-Plate-Plank-(female)_Stretching_converted","FEMININO/EXERCÍCIOS NA MAQUINA - HACK - BANCO/ABDOMINAIS/Vibrate-Plate-Plank-(female)_Stretching_converted.gif","EXERCÍCIOS NA MAQUINA - HACK - BANCO","ABDOMINAIS"
"feminino","Weighted-Decline-Crunch-(female)_Waist__converted","FEMININO/EXERCÍCIOS NA MAQUINA - HACK - BANCO/ABDOMINAIS/Weighted-Decline-Crunch-(female)_Waist__converted.gif","EXERCÍCIOS NA MAQUINA - HACK - BANCO","ABDOMINAIS"
"feminino","Assisted-Close-grip-Underhand-Chin-up-(female)_Back_converted","FEMININO/EXERCÍCIOS NA MAQUINA - HACK - BANCO/COSTAS/Assisted-Close-grip-Underhand-Chin-up-(female)_Back_converted.gif","EXERCÍCIOS NA MAQUINA - HACK - BANCO","COSTAS"
"feminino","Assisted-Pull-up-(female)_Back__converted","FEMININO/EXERCÍCIOS NA MAQUINA - HACK - BANCO/COSTAS/Assisted-Pull-up-(female)_Back__converted.gif","EXERCÍCIOS NA MAQUINA - HACK - BANCO","COSTAS"
"feminino","Box-Assisted-Pull-up-(female)_Back__converted","FEMININO/EXERCÍCIOS NA MAQUINA - HACK - BANCO/COSTAS/Box-Assisted-Pull-up-(female)_Back__converted.gif","EXERCÍCIOS NA MAQUINA - HACK - BANCO","COSTAS"
"feminino","Box-Single-Leg-Assisted-Pull-up-(female)_Back__converted","FEMININO/EXERCÍCIOS NA MAQUINA - HACK - BANCO/COSTAS/Box-Single-Leg-Assisted-Pull-up-(female)_Back__converted.gif","EXERCÍCIOS NA MAQUINA - HACK - BANCO","COSTAS"
"feminino","Commando-Pull-up-(female)_Back__converted","FEMININO/EXERCÍCIOS NA MAQUINA - HACK - BANCO/COSTAS/Commando-Pull-up-(female)_Back__converted.gif","EXERCÍCIOS NA MAQUINA - HACK - BANCO","COSTAS"
"feminino","Partner-Assisted-Pull-up-(female)_Back__converted","FEMININO/EXERCÍCIOS NA MAQUINA - HACK - BANCO/COSTAS/Partner-Assisted-Pull-up-(female)_Back__converted.gif","EXERCÍCIOS NA MAQUINA - HACK - BANCO","COSTAS"
"feminino","Reverse-Grip-Machine-Lat-Pulldown-(female)_Back_converted","FEMININO/EXERCÍCIOS NA MAQUINA - HACK - BANCO/COSTAS/Reverse-Grip-Machine-Lat-Pulldown-(female)_Back_converted.gif","EXERCÍCIOS NA MAQUINA - HACK - BANCO","COSTAS"
"feminino","Kneeling-Pike-Push-up-(on-Bench)-(female)_Shoulder_converted","FEMININO/EXERCÍCIOS NA MAQUINA - HACK - BANCO/OMBRO/Kneeling-Pike-Push-up-(on-Bench)-(female)_Shoulder_converted.gif","EXERCÍCIOS NA MAQUINA - HACK - BANCO","OMBRO"
"feminino","Pike-Push-up-(on-Bench)-(VERSION-2)-(female)_Chest_converted","FEMININO/EXERCÍCIOS NA MAQUINA - HACK - BANCO/OMBRO/Pike-Push-up-(on-Bench)-(VERSION-2)-(female)_Chest_converted.gif","EXERCÍCIOS NA MAQUINA - HACK - BANCO","OMBRO"
"feminino","Decline-Push-up-(female)_Chest__converted","FEMININO/EXERCÍCIOS NA MAQUINA - HACK - BANCO/PEITO/Decline-Push-up-(female)_Chest__converted.gif","EXERCÍCIOS NA MAQUINA - HACK - BANCO","PEITO"
"feminino","Decline-Push-Up-(Kneeling)-(female)_Chest-FIX__converted","FEMININO/EXERCÍCIOS NA MAQUINA - HACK - BANCO/PEITO/Decline-Push-Up-(Kneeling)-(female)_Chest-FIX__converted.gif","EXERCÍCIOS NA MAQUINA - HACK - BANCO","PEITO"
"feminino","Inverted-Row-(female)_Back_converted","FEMININO/EXERCÍCIOS NA MAQUINA - HACK - BANCO/PEITO/Inverted-Row-(female)_Back_converted.gif","EXERCÍCIOS NA MAQUINA - HACK - BANCO","PEITO"
"feminino","Inverted-Row-Bent-Knees-(female)_Back__converted","FEMININO/EXERCÍCIOS NA MAQUINA - HACK - BANCO/PEITO/Inverted-Row-Bent-Knees-(female)_Back__converted.gif","EXERCÍCIOS NA MAQUINA - HACK - BANCO","PEITO"
"feminino","45-Degree-Hip-Extension-Glute-Focused-(female)_Hips__converted","FEMININO/EXERCÍCIOS NA MAQUINA - HACK - BANCO/PERNA/45-Degree-Hip-Extension-Glute-Focused-(female)_Hips__converted.gif","EXERCÍCIOS NA MAQUINA - HACK - BANCO","PERNA"
"geral","45-Degree-Hip-Extension-Glute-Focused-(VERSION-2)-_converted","FEMININO/EXERCÍCIOS NA MAQUINA - HACK - BANCO/PERNA/45-Degree-Hip-Extension-Glute-Focused-(VERSION-2)-_converted.gif","EXERCÍCIOS NA MAQUINA - HACK - BANCO","PERNA"
"geral","45-degree-hyperextension-(arms-in-front-of-chest)_Back_converted","FEMININO/EXERCÍCIOS NA MAQUINA - HACK - BANCO/PERNA/45-degree-hyperextension-(arms-in-front-of-chest)_Back_converted.gif","EXERCÍCIOS NA MAQUINA - HACK - BANCO","PERNA"
"geral","45-degree-hyperextension-(arms-in-front-of-chest)-(Side-view)_Back_converted","FEMININO/EXERCÍCIOS NA MAQUINA - HACK - BANCO/PERNA/45-degree-hyperextension-(arms-in-front-of-chest)-(Side-view)_Back_converted.gif","EXERCÍCIOS NA MAQUINA - HACK - BANCO","PERNA"
"geral","45-degree-twisting-hyperextension_Hips_converted","FEMININO/EXERCÍCIOS NA MAQUINA - HACK - BANCO/PERNA/45-degree-twisting-hyperextension_Hips_converted.gif","EXERCÍCIOS NA MAQUINA - HACK - BANCO","PERNA"
"feminino","Back-Forward-Leg-Swings-(female)_Hips__converted","FEMININO/EXERCÍCIOS NA MAQUINA - HACK - BANCO/PERNA/Back-Forward-Leg-Swings-(female)_Hips__converted.gif","EXERCÍCIOS NA MAQUINA - HACK - BANCO","PERNA"
"feminino","Deep-Sumo-Squat-Hold-(female)_Hips__converted","FEMININO/EXERCÍCIOS NA MAQUINA - HACK - BANCO/PERNA/Deep-Sumo-Squat-Hold-(female)_Hips__converted.gif","EXERCÍCIOS NA MAQUINA - HACK - BANCO","PERNA"
"feminino","Donkey-Calf-Raise-(female)_Calves_converted","FEMININO/EXERCÍCIOS NA MAQUINA - HACK - BANCO/PERNA/Donkey-Calf-Raise-(female)_Calves_converted.gif","EXERCÍCIOS NA MAQUINA - HACK - BANCO","PERNA"
"feminino","Dynamic-Leg-Swing-(female)_Hips__converted","FEMININO/EXERCÍCIOS NA MAQUINA - HACK - BANCO/PERNA/Dynamic-Leg-Swing-(female)_Hips__converted.gif","EXERCÍCIOS NA MAQUINA - HACK - BANCO","PERNA"
"feminino","Elevated-Legs-Hip-Thrust-(female)_Hips__converted","FEMININO/EXERCÍCIOS NA MAQUINA - HACK - BANCO/PERNA/Elevated-Legs-Hip-Thrust-(female)_Hips__converted.gif","EXERCÍCIOS NA MAQUINA - HACK - BANCO","PERNA"
"feminino","Elevated-Single-Leg-Hip-Thrust-(female)_Hips__converted","FEMININO/EXERCÍCIOS NA MAQUINA - HACK - BANCO/PERNA/Elevated-Single-Leg-Hip-Thrust-(female)_Hips__converted.gif","EXERCÍCIOS NA MAQUINA - HACK - BANCO","PERNA"
"feminino","Elevated-Staggered-Leg-Hip-Thrust-(female)_Hips__converted","FEMININO/EXERCÍCIOS NA MAQUINA - HACK - BANCO/PERNA/Elevated-Staggered-Leg-Hip-Thrust-(female)_Hips__converted.gif","EXERCÍCIOS NA MAQUINA - HACK - BANCO","PERNA"
"feminino","Elevated-Two-Legs-Hip-Thrust-(female)_Hips__converted","FEMININO/EXERCÍCIOS NA MAQUINA - HACK - BANCO/PERNA/Elevated-Two-Legs-Hip-Thrust-(female)_Hips__converted.gif","EXERCÍCIOS NA MAQUINA - HACK - BANCO","PERNA"
"feminino","Far-Leg-Hip-Thrust-(female)_Hips__converted","FEMININO/EXERCÍCIOS NA MAQUINA - HACK - BANCO/PERNA/Far-Leg-Hip-Thrust-(female)_Hips__converted.gif","EXERCÍCIOS NA MAQUINA - HACK - BANCO","PERNA"
"feminino","Frog-Reverse-Hyperextension-(on-a-bench)-(female)__converted","FEMININO/EXERCÍCIOS NA MAQUINA - HACK - BANCO/PERNA/Frog-Reverse-Hyperextension-(on-a-bench)-(female)__converted.gif","EXERCÍCIOS NA MAQUINA - HACK - BANCO","PERNA"
"feminino","Hip-Flexor-Stretch-Rear-foot-elevated-(female)_Hips_converted","FEMININO/EXERCÍCIOS NA MAQUINA - HACK - BANCO/PERNA/Hip-Flexor-Stretch-Rear-foot-elevated-(female)_Hips_converted.gif","EXERCÍCIOS NA MAQUINA - HACK - BANCO","PERNA"
"feminino","Hyperextension-(VERSION-2)-(female)_Hips__converted","FEMININO/EXERCÍCIOS NA MAQUINA - HACK - BANCO/PERNA/Hyperextension-(VERSION-2)-(female)_Hips__converted.gif","EXERCÍCIOS NA MAQUINA - HACK - BANCO","PERNA"
"feminino","Kneeling-Leg-Half-Circle-on-bench-(female)_Hips__converted","FEMININO/EXERCÍCIOS NA MAQUINA - HACK - BANCO/PERNA/Kneeling-Leg-Half-Circle-on-bench-(female)_Hips__converted.gif","EXERCÍCIOS NA MAQUINA - HACK - BANCO","PERNA"
"feminino","Lever-Squat-(plate-loaded)-(female)_Thighs__converted","FEMININO/EXERCÍCIOS NA MAQUINA - HACK - BANCO/PERNA/Lever-Squat-(plate-loaded)-(female)_Thighs__converted.gif","EXERCÍCIOS NA MAQUINA - HACK - BANCO","PERNA"
"feminino","Lever-Standing-Calf-Raise-(female)_Calves_converted","FEMININO/EXERCÍCIOS NA MAQUINA - HACK - BANCO/PERNA/Lever-Standing-Calf-Raise-(female)_Calves_converted.gif","EXERCÍCIOS NA MAQUINA - HACK - BANCO","PERNA"
"feminino","Lever-Standing-Hip-Extension-(female)_Hips_converted","FEMININO/EXERCÍCIOS NA MAQUINA - HACK - BANCO/PERNA/Lever-Standing-Hip-Extension-(female)_Hips_converted.gif","EXERCÍCIOS NA MAQUINA - HACK - BANCO","PERNA"
"feminino","Lever-Standing-Rear-Kick-(female)_Hips_converted","FEMININO/EXERCÍCIOS NA MAQUINA - HACK - BANCO/PERNA/Lever-Standing-Rear-Kick-(female)_Hips_converted.gif","EXERCÍCIOS NA MAQUINA - HACK - BANCO","PERNA"
"geral","Lever-stepper_Cardio_converted","FEMININO/EXERCÍCIOS NA MAQUINA - HACK - BANCO/PERNA/Lever-stepper_Cardio_converted.gif","EXERCÍCIOS NA MAQUINA - HACK - BANCO","PERNA"
"feminino","One-Leg-Floor-Calf-Raise-(female)_Calves_converted","FEMININO/EXERCÍCIOS NA MAQUINA - HACK - BANCO/PERNA/One-Leg-Floor-Calf-Raise-(female)_Calves_converted.gif","EXERCÍCIOS NA MAQUINA - HACK - BANCO","PERNA"
"feminino","Potty-Squat-with-Support-(female)_Hips__converted","FEMININO/EXERCÍCIOS NA MAQUINA - HACK - BANCO/PERNA/Potty-Squat-with-Support-(female)_Hips__converted.gif","EXERCÍCIOS NA MAQUINA - HACK - BANCO","PERNA"
"feminino","Reverse-Hyper-on-Flat-Bench-(female)_Hips__converted","FEMININO/EXERCÍCIOS NA MAQUINA - HACK - BANCO/PERNA/Reverse-Hyper-on-Flat-Bench-(female)_Hips__converted.gif","EXERCÍCIOS NA MAQUINA - HACK - BANCO","PERNA"
"feminino","Side-to-Side-Leg-Swings-(female)_Hips_converted","FEMININO/EXERCÍCIOS NA MAQUINA - HACK - BANCO/PERNA/Side-to-Side-Leg-Swings-(female)_Hips_converted.gif","EXERCÍCIOS NA MAQUINA - HACK - BANCO","PERNA"
"feminino","Single-Leg-Squat-with-Support-(female)_Thighs__converted","FEMININO/EXERCÍCIOS NA MAQUINA - HACK - BANCO/PERNA/Single-Leg-Squat-with-Support-(female)_Thighs__converted.gif","EXERCÍCIOS NA MAQUINA - HACK - BANCO","PERNA"
"feminino","Sled-45-degrees-Leg-Press-(female)_Thighs__converted","FEMININO/EXERCÍCIOS NA MAQUINA - HACK - BANCO/PERNA/Sled-45-degrees-Leg-Press-(female)_Thighs__converted.gif","EXERCÍCIOS NA MAQUINA - HACK - BANCO","PERNA"
"feminino","Sled-45-degrees-Narrow-Stance-Leg-Press-(female)_Thighs_converted","FEMININO/EXERCÍCIOS NA MAQUINA - HACK - BANCO/PERNA/Sled-45-degrees-Narrow-Stance-Leg-Press-(female)_Thighs_converted.gif","EXERCÍCIOS NA MAQUINA - HACK - BANCO","PERNA"
"feminino","Sled-45-degrees-One-Leg-Press-(female)_Hips__converted","FEMININO/EXERCÍCIOS NA MAQUINA - HACK - BANCO/PERNA/Sled-45-degrees-One-Leg-Press-(female)_Hips__converted.gif","EXERCÍCIOS NA MAQUINA - HACK - BANCO","PERNA"
"feminino","Sled-45-degrees-Wide-Stance-Leg-Press-(female)_Thighs_converted","FEMININO/EXERCÍCIOS NA MAQUINA - HACK - BANCO/PERNA/Sled-45-degrees-Wide-Stance-Leg-Press-(female)_Thighs_converted.gif","EXERCÍCIOS NA MAQUINA - HACK - BANCO","PERNA"
"feminino","Sled-Angled-Single-Leg-Press-(female)_Hips__converted","FEMININO/EXERCÍCIOS NA MAQUINA - HACK - BANCO/PERNA/Sled-Angled-Single-Leg-Press-(female)_Hips__converted.gif","EXERCÍCIOS NA MAQUINA - HACK - BANCO","PERNA"
"feminino","Sled-Calf-Press-On-Leg-Press-(female)_Calves_converted","FEMININO/EXERCÍCIOS NA MAQUINA - HACK - BANCO/PERNA/Sled-Calf-Press-On-Leg-Press-(female)_Calves_converted.gif","EXERCÍCIOS NA MAQUINA - HACK - BANCO","PERNA"
"feminino","Sled-Full-Hack-Squat-(female)_Thighs__converted","FEMININO/EXERCÍCIOS NA MAQUINA - HACK - BANCO/PERNA/Sled-Full-Hack-Squat-(female)_Thighs__converted.gif","EXERCÍCIOS NA MAQUINA - HACK - BANCO","PERNA"
"feminino","Sled-Hack-Squat-(female)_Thighs_converted","FEMININO/EXERCÍCIOS NA MAQUINA - HACK - BANCO/PERNA/Sled-Hack-Squat-(female)_Thighs_converted.gif","EXERCÍCIOS NA MAQUINA - HACK - BANCO","PERNA"
"feminino","Sled-One-Leg-Hack-Squat-(female)_Thighs__converted","FEMININO/EXERCÍCIOS NA MAQUINA - HACK - BANCO/PERNA/Sled-One-Leg-Hack-Squat-(female)_Thighs__converted.gif","EXERCÍCIOS NA MAQUINA - HACK - BANCO","PERNA"
"feminino","Standing-Calf-Raise-with-Support-(female)_Calves__converted","FEMININO/EXERCÍCIOS NA MAQUINA - HACK - BANCO/PERNA/Standing-Calf-Raise-with-Support-(female)_Calves__converted.gif","EXERCÍCIOS NA MAQUINA - HACK - BANCO","PERNA"
"feminino","Standing-Hip-Abduction-(female)_Hips__converted","FEMININO/EXERCÍCIOS NA MAQUINA - HACK - BANCO/PERNA/Standing-Hip-Abduction-(female)_Hips__converted.gif","EXERCÍCIOS NA MAQUINA - HACK - BANCO","PERNA"
"feminino","Straight-Leg-Glute-Bridge-(female)_Hips__converted","FEMININO/EXERCÍCIOS NA MAQUINA - HACK - BANCO/PERNA/Straight-Leg-Glute-Bridge-(female)_Hips__converted.gif","EXERCÍCIOS NA MAQUINA - HACK - BANCO","PERNA"
"feminino","Vibrate-Plate-Lunge-(female)_Stretching_converted","FEMININO/EXERCÍCIOS NA MAQUINA - HACK - BANCO/PERNA/Vibrate-Plate-Lunge-(female)_Stretching_converted.gif","EXERCÍCIOS NA MAQUINA - HACK - BANCO","PERNA"
"feminino","Weighted-Hip-Thrusts-(female)_Hips__converted","FEMININO/EXERCÍCIOS NA MAQUINA - HACK - BANCO/PERNA/Weighted-Hip-Thrusts-(female)_Hips__converted.gif","EXERCÍCIOS NA MAQUINA - HACK - BANCO","PERNA"
"feminino","Weighted-Hyperextension-(female)_Hips__converted","FEMININO/EXERCÍCIOS NA MAQUINA - HACK - BANCO/PERNA/Weighted-Hyperextension-(female)_Hips__converted.gif","EXERCÍCIOS NA MAQUINA - HACK - BANCO","PERNA"
"feminino","Assisted-Triceps-Dip-(kneeling)-(female)_Upper-Arms_converted","FEMININO/EXERCÍCIOS NA MAQUINA - HACK - BANCO/TRICEPS/Assisted-Triceps-Dip-(kneeling)-(female)_Upper-Arms_converted.gif","EXERCÍCIOS NA MAQUINA - HACK - BANCO","TRICEPS"
"feminino","Bench-Dip-(knees-bent)-(female)_Upper-arms_converted","FEMININO/EXERCÍCIOS NA MAQUINA - HACK - BANCO/TRICEPS/Bench-Dip-(knees-bent)-(female)_Upper-arms_converted.gif","EXERCÍCIOS NA MAQUINA - HACK - BANCO","TRICEPS"
"feminino","Bench-dip-on-floor-(female)_Upper-Arms_converted","FEMININO/EXERCÍCIOS NA MAQUINA - HACK - BANCO/TRICEPS/Bench-dip-on-floor-(female)_Upper-Arms_converted.gif","EXERCÍCIOS NA MAQUINA - HACK - BANCO","TRICEPS"
"feminino","Chest-Dip-(female)_Chest_converted","FEMININO/EXERCÍCIOS NA MAQUINA - HACK - BANCO/TRICEPS/Chest-Dip-(female)_Chest_converted.gif","EXERCÍCIOS NA MAQUINA - HACK - BANCO","TRICEPS"
"feminino","Chest-Dip-(on-dip-pull-up-cage)-(female)_Chest__converted","FEMININO/EXERCÍCIOS NA MAQUINA - HACK - BANCO/TRICEPS/Chest-Dip-(on-dip-pull-up-cage)-(female)_Chest__converted.gif","EXERCÍCIOS NA MAQUINA - HACK - BANCO","TRICEPS"
"feminino","Lever-Triceps-Extension-(female)_Upper-Arms_converted","FEMININO/EXERCÍCIOS NA MAQUINA - HACK - BANCO/TRICEPS/Lever-Triceps-Extension-(female)_Upper-Arms_converted.gif","EXERCÍCIOS NA MAQUINA - HACK - BANCO","TRICEPS"
"feminino","Lever-Triceps-Extension-(VERSION-2)-(female)_Upper-Arms_converted","FEMININO/EXERCÍCIOS NA MAQUINA - HACK - BANCO/TRICEPS/Lever-Triceps-Extension-(VERSION-2)-(female)_Upper-Arms_converted.gif","EXERCÍCIOS NA MAQUINA - HACK - BANCO","TRICEPS"
"feminino","Lever-Triceps-Extension-(VERSION-3)-(female)_Upper_converted","FEMININO/EXERCÍCIOS NA MAQUINA - HACK - BANCO/TRICEPS/Lever-Triceps-Extension-(VERSION-3)-(female)_Upper_converted.gif","EXERCÍCIOS NA MAQUINA - HACK - BANCO","TRICEPS"
"feminino","Triceps-Dip-(female)_Upper-Arms_converted","FEMININO/EXERCÍCIOS NA MAQUINA - HACK - BANCO/TRICEPS/Triceps-Dip-(female)_Upper-Arms_converted.gif","EXERCÍCIOS NA MAQUINA - HACK - BANCO","TRICEPS"
"feminino","Cable-Horizontal-Pallof-Press-(female)_Waist__converted","FEMININO/EXERCÍCIOS NO CABO OU POLIA/ABDOMINAIS/Cable-Horizontal-Pallof-Press-(female)_Waist__converted.gif","EXERCÍCIOS NO CABO OU POLIA","ABDOMINAIS"
"feminino","Cable-Judo-Flip-(female)_Waist__converted","FEMININO/EXERCÍCIOS NO CABO OU POLIA/ABDOMINAIS/Cable-Judo-Flip-(female)_Waist__converted.gif","EXERCÍCIOS NO CABO OU POLIA","ABDOMINAIS"
"feminino","Cable-Kneeling-Crunch-(female)_converted","FEMININO/EXERCÍCIOS NO CABO OU POLIA/ABDOMINAIS/Cable-Kneeling-Crunch-(female)_converted.gif","EXERCÍCIOS NO CABO OU POLIA","ABDOMINAIS"
"feminino","Cable-Kneeling-Crunch-(female)_Waist__converted","FEMININO/EXERCÍCIOS NO CABO OU POLIA/ABDOMINAIS/Cable-Kneeling-Crunch-(female)_Waist__converted.gif","EXERCÍCIOS NO CABO OU POLIA","ABDOMINAIS"
"feminino","Cable-Kneeling-Twist-(female)_Waist__converted","FEMININO/EXERCÍCIOS NO CABO OU POLIA/ABDOMINAIS/Cable-Kneeling-Twist-(female)_Waist__converted.gif","EXERCÍCIOS NO CABO OU POLIA","ABDOMINAIS"
"feminino","Cable-Seated-Crunch-(female)_Waist__converted","FEMININO/EXERCÍCIOS NO CABO OU POLIA/ABDOMINAIS/Cable-Seated-Crunch-(female)_Waist__converted.gif","EXERCÍCIOS NO CABO OU POLIA","ABDOMINAIS"
"feminino","Cable-Seated-Twist-on-Floor-(female)_Waist_converted","FEMININO/EXERCÍCIOS NO CABO OU POLIA/ABDOMINAIS/Cable-Seated-Twist-on-Floor-(female)_Waist_converted.gif","EXERCÍCIOS NO CABO OU POLIA","ABDOMINAIS"
"feminino","Cable-Side-Bend-(female)_Waist__converted","FEMININO/EXERCÍCIOS NO CABO OU POLIA/ABDOMINAIS/Cable-Side-Bend-(female)_Waist__converted.gif","EXERCÍCIOS NO CABO OU POLIA","ABDOMINAIS"
"feminino","Cable-Single-Leg-Tuck-Reverse-Crunch-(female)_Wais_converted","FEMININO/EXERCÍCIOS NO CABO OU POLIA/ABDOMINAIS/Cable-Single-Leg-Tuck-Reverse-Crunch-(female)_Wais_converted.gif","EXERCÍCIOS NO CABO OU POLIA","ABDOMINAIS"
"feminino","Cable-Standing-Crunch-(with-rope-attachment)-(female)_waist_converted","FEMININO/EXERCÍCIOS NO CABO OU POLIA/ABDOMINAIS/Cable-Standing-Crunch-(with-rope-attachment)-(female)_waist_converted.gif","EXERCÍCIOS NO CABO OU POLIA","ABDOMINAIS"
"feminino","Cable-Standing-Wood-Chopper-(female)_Waist__converted","FEMININO/EXERCÍCIOS NO CABO OU POLIA/ABDOMINAIS/Cable-Standing-Wood-Chopper-(female)_Waist__converted.gif","EXERCÍCIOS NO CABO OU POLIA","ABDOMINAIS"
"geral","Cable-twist-(down-up)_waist_converted","FEMININO/EXERCÍCIOS NO CABO OU POLIA/ABDOMINAIS/Cable-twist-(down-up)_waist_converted.gif","EXERCÍCIOS NO CABO OU POLIA","ABDOMINAIS"
"feminino","Cable-Twist-(female)_Waist__converted","FEMININO/EXERCÍCIOS NO CABO OU POLIA/ABDOMINAIS/Cable-Twist-(female)_Waist__converted.gif","EXERCÍCIOS NO CABO OU POLIA","ABDOMINAIS"
"feminino","Cable-twist-(up-down)-(female)_Waist__converted","FEMININO/EXERCÍCIOS NO CABO OU POLIA/ABDOMINAIS/Cable-twist-(up-down)-(female)_Waist__converted.gif","EXERCÍCIOS NO CABO OU POLIA","ABDOMINAIS"
"feminino","Cable-twist-(up-down)-version-2-(female)_waist_converted","FEMININO/EXERCÍCIOS NO CABO OU POLIA/ABDOMINAIS/Cable-twist-(up-down)-version-2-(female)_waist_converted.gif","EXERCÍCIOS NO CABO OU POLIA","ABDOMINAIS"
"geral","Cable-Reverse-Curl_Forearm_converted","FEMININO/EXERCÍCIOS NO CABO OU POLIA/ANTEBRAÇO/Cable-Reverse-Curl_Forearm_converted.gif","EXERCÍCIOS NO CABO OU POLIA","ANTEBRAÇO"
"feminino","Cable-Standing-Reverse-Grip-Curl-(Straight-bar)-(female)_Forearms_converted","FEMININO/EXERCÍCIOS NO CABO OU POLIA/ANTEBRAÇO/Cable-Standing-Reverse-Grip-Curl-(Straight-bar)-(female)_Forearms_converted.gif","EXERCÍCIOS NO CABO OU POLIA","ANTEBRAÇO"
"feminino","Cable-Biceps-Curl-(SZ-bar)-(female)_Upper-arms__converted","FEMININO/EXERCÍCIOS NO CABO OU POLIA/BICEPS/Cable-Biceps-Curl-(SZ-bar)-(female)_Upper-arms__converted.gif","EXERCÍCIOS NO CABO OU POLIA","BICEPS"
"geral","Cable-Curl_Upper-Arms_converted","FEMININO/EXERCÍCIOS NO CABO OU POLIA/BICEPS/Cable-Curl_Upper-Arms_converted.gif","EXERCÍCIOS NO CABO OU POLIA","BICEPS"
"geral","Cable-Hammer-Curl_Forearm_converted","FEMININO/EXERCÍCIOS NO CABO OU POLIA/BICEPS/Cable-Hammer-Curl_Forearm_converted.gif","EXERCÍCIOS NO CABO OU POLIA","BICEPS"
"feminino","Cable-Lying-Bicep-Curl-(female)_Upper-Arms__converted","FEMININO/EXERCÍCIOS NO CABO OU POLIA/BICEPS/Cable-Lying-Bicep-Curl-(female)_Upper-Arms__converted.gif","EXERCÍCIOS NO CABO OU POLIA","BICEPS"
"feminino","Cable-Lying-Curl-(female)_Upper-Arms__converted","FEMININO/EXERCÍCIOS NO CABO OU POLIA/BICEPS/Cable-Lying-Curl-(female)_Upper-Arms__converted.gif","EXERCÍCIOS NO CABO OU POLIA","BICEPS"
"feminino","Cable-One-Arm-Curl-(female)_Upper-Arms_converted","FEMININO/EXERCÍCIOS NO CABO OU POLIA/BICEPS/Cable-One-Arm-Curl-(female)_Upper-Arms_converted.gif","EXERCÍCIOS NO CABO OU POLIA","BICEPS"
"feminino","Cable-Standing-Inner-Curl-(female)_Upper-Arms_converted","FEMININO/EXERCÍCIOS NO CABO OU POLIA/BICEPS/Cable-Standing-Inner-Curl-(female)_Upper-Arms_converted.gif","EXERCÍCIOS NO CABO OU POLIA","BICEPS"
"feminino","Cable-Bar-Lateral-Pulldown-(female)_Back-FIX__converted","FEMININO/EXERCÍCIOS NO CABO OU POLIA/COSTAS/Cable-Bar-Lateral-Pulldown-(female)_Back-FIX__converted.gif","EXERCÍCIOS NO CABO OU POLIA","COSTAS"
"feminino","Cable-Close-Grip-Front-Lat-Pulldown-(female)_Back_converted","FEMININO/EXERCÍCIOS NO CABO OU POLIA/COSTAS/Cable-Close-Grip-Front-Lat-Pulldown-(female)_Back_converted.gif","EXERCÍCIOS NO CABO OU POLIA","COSTAS"
"feminino","Cable-Cross-over-Lateral-Pulldown-(female)_Back__converted","FEMININO/EXERCÍCIOS NO CABO OU POLIA/COSTAS/Cable-Cross-over-Lateral-Pulldown-(female)_Back__converted.gif","EXERCÍCIOS NO CABO OU POLIA","COSTAS"
"feminino","Cable-Cross-over-Revers-Fly-(female)_Shoulders_converted","FEMININO/EXERCÍCIOS NO CABO OU POLIA/COSTAS/Cable-Cross-over-Revers-Fly-(female)_Shoulders_converted.gif","EXERCÍCIOS NO CABO OU POLIA","COSTAS"
"geral","Cable-Front-Seated-Row_Back_converted","FEMININO/EXERCÍCIOS NO CABO OU POLIA/COSTAS/Cable-Front-Seated-Row_Back_converted.gif","EXERCÍCIOS NO CABO OU POLIA","COSTAS"
"feminino","Cable-Incline-Pushdown-(female)_Back__converted","FEMININO/EXERCÍCIOS NO CABO OU POLIA/COSTAS/Cable-Incline-Pushdown-(female)_Back__converted.gif","EXERCÍCIOS NO CABO OU POLIA","COSTAS"
"feminino","Cable-Incline-Single-Arm-Lat-Pulldown-(female)_Bac_converted","FEMININO/EXERCÍCIOS NO CABO OU POLIA/COSTAS/Cable-Incline-Single-Arm-Lat-Pulldown-(female)_Bac_converted.gif","EXERCÍCIOS NO CABO OU POLIA","COSTAS"
"feminino","Cable-Lateral-Pulldown-with-Mag-Grip-(female)_Back_converted","FEMININO/EXERCÍCIOS NO CABO OU POLIA/COSTAS/Cable-Lateral-Pulldown-with-Mag-Grip-(female)_Back_converted.gif","EXERCÍCIOS NO CABO OU POLIA","COSTAS"
"feminino","Cable-Low-Seated-Row-(female)_Back__converted","FEMININO/EXERCÍCIOS NO CABO OU POLIA/COSTAS/Cable-Low-Seated-Row-(female)_Back__converted.gif","EXERCÍCIOS NO CABO OU POLIA","COSTAS"
"feminino","Cable-Low-Seated-Row-with-V-bar-(female)_Back__converted","FEMININO/EXERCÍCIOS NO CABO OU POLIA/COSTAS/Cable-Low-Seated-Row-with-V-bar-(female)_Back__converted.gif","EXERCÍCIOS NO CABO OU POLIA","COSTAS"
"feminino","Cable-One-Arm-Lat-Pulldown-(female)_back-FIX__converted","FEMININO/EXERCÍCIOS NO CABO OU POLIA/COSTAS/Cable-One-Arm-Lat-Pulldown-(female)_back-FIX__converted.gif","EXERCÍCIOS NO CABO OU POLIA","COSTAS"
"feminino","Cable-One-Arm-Twisting-Seated-Row-(female)_Back_converted","FEMININO/EXERCÍCIOS NO CABO OU POLIA/COSTAS/Cable-One-Arm-Twisting-Seated-Row-(female)_Back_converted.gif","EXERCÍCIOS NO CABO OU POLIA","COSTAS"
"feminino","Cable-Reverse-Grip-Pulldown-(female)_Back_converted","FEMININO/EXERCÍCIOS NO CABO OU POLIA/COSTAS/Cable-Reverse-Grip-Pulldown-(female)_Back_converted.gif","EXERCÍCIOS NO CABO OU POLIA","COSTAS"
"feminino","Cable-Seated-High-Row-(V-bar)-(female)_Back_converted","FEMININO/EXERCÍCIOS NO CABO OU POLIA/COSTAS/Cable-Seated-High-Row-(V-bar)-(female)_Back_converted.gif","EXERCÍCIOS NO CABO OU POLIA","COSTAS"
"feminino","Cable-Seated-Rear-Delt-Raise-(female)_Shoulders__converted","FEMININO/EXERCÍCIOS NO CABO OU POLIA/COSTAS/Cable-Seated-Rear-Delt-Raise-(female)_Shoulders__converted.gif","EXERCÍCIOS NO CABO OU POLIA","COSTAS"
"feminino","Cable-Seated-Row-(female)_Back__converted","FEMININO/EXERCÍCIOS NO CABO OU POLIA/COSTAS/Cable-Seated-Row-(female)_Back__converted.gif","EXERCÍCIOS NO CABO OU POLIA","COSTAS"
"feminino","Cable-Seated-Single-Arm-Row-(female)_Back__converted","FEMININO/EXERCÍCIOS NO CABO OU POLIA/COSTAS/Cable-Seated-Single-Arm-Row-(female)_Back__converted.gif","EXERCÍCIOS NO CABO OU POLIA","COSTAS"
"feminino","Cable-Seated-Wide-grip-Row-(female)_Back_converted","FEMININO/EXERCÍCIOS NO CABO OU POLIA/COSTAS/Cable-Seated-Wide-grip-Row-(female)_Back_converted.gif","EXERCÍCIOS NO CABO OU POLIA","COSTAS"
"feminino","Cable-straight-arm-pulldown-II-(female)_Back_converted","FEMININO/EXERCÍCIOS NO CABO OU POLIA/COSTAS/Cable-straight-arm-pulldown-II-(female)_Back_converted.gif","EXERCÍCIOS NO CABO OU POLIA","COSTAS"
"feminino","Cable-Straight-Back-Seated-Row-(female)_Back_converted","FEMININO/EXERCÍCIOS NO CABO OU POLIA/COSTAS/Cable-Straight-Back-Seated-Row-(female)_Back_converted.gif","EXERCÍCIOS NO CABO OU POLIA","COSTAS"
"feminino","Cable-Wide-Grip-Lat-Pulldown-(female)_Back_converted","FEMININO/EXERCÍCIOS NO CABO OU POLIA/COSTAS/Cable-Wide-Grip-Lat-Pulldown-(female)_Back_converted.gif","EXERCÍCIOS NO CABO OU POLIA","COSTAS"
"feminino","Inverted-Row-with-Straps-(female)_back_converted","FEMININO/EXERCÍCIOS NO CABO OU POLIA/COSTAS/Inverted-Row-with-Straps-(female)_back_converted.gif","EXERCÍCIOS NO CABO OU POLIA","COSTAS"
"feminino","Cable-Front-Raise-(female)_Shoulders_converted","FEMININO/EXERCÍCIOS NO CABO OU POLIA/OMBRO/Cable-Front-Raise-(female)_Shoulders_converted.gif","EXERCÍCIOS NO CABO OU POLIA","OMBRO"
"feminino","Cable-Front-Raise-(rope-attachment)-(female)_Shoul_converted","FEMININO/EXERCÍCIOS NO CABO OU POLIA/OMBRO/Cable-Front-Raise-(rope-attachment)-(female)_Shoul_converted.gif","EXERCÍCIOS NO CABO OU POLIA","OMBRO"
"feminino","Cable-Lateral-Raise-(female)_Shoulders_converted","FEMININO/EXERCÍCIOS NO CABO OU POLIA/OMBRO/Cable-Lateral-Raise-(female)_Shoulders_converted.gif","EXERCÍCIOS NO CABO OU POLIA","OMBRO"
"feminino","Cable-Low-Fly-(female)_Chest__converted","FEMININO/EXERCÍCIOS NO CABO OU POLIA/OMBRO/Cable-Low-Fly-(female)_Chest__converted.gif","EXERCÍCIOS NO CABO OU POLIA","OMBRO"
"feminino","Cable-One-Arm-Front-Raise-(female)_Shoulders_converted","FEMININO/EXERCÍCIOS NO CABO OU POLIA/OMBRO/Cable-One-Arm-Front-Raise-(female)_Shoulders_converted.gif","EXERCÍCIOS NO CABO OU POLIA","OMBRO"
"feminino","Cable-One-Arm-Lateral-Raise-(female)_Shoulders_converted","FEMININO/EXERCÍCIOS NO CABO OU POLIA/OMBRO/Cable-One-Arm-Lateral-Raise-(female)_Shoulders_converted.gif","EXERCÍCIOS NO CABO OU POLIA","OMBRO"
"feminino","Cable-Shoulder-Press-(female)_Shoulders__converted","FEMININO/EXERCÍCIOS NO CABO OU POLIA/OMBRO/Cable-Shoulder-Press-(female)_Shoulders__converted.gif","EXERCÍCIOS NO CABO OU POLIA","OMBRO"
"feminino","Cable-Shrug-(female)_Back__converted","FEMININO/EXERCÍCIOS NO CABO OU POLIA/OMBRO/Cable-Shrug-(female)_Back__converted.gif","EXERCÍCIOS NO CABO OU POLIA","OMBRO"
"feminino","Cable-Standing-Rear-Delt-Row-(with-rope)-(female)_shoulder_converted","FEMININO/EXERCÍCIOS NO CABO OU POLIA/OMBRO/Cable-Standing-Rear-Delt-Row-(with-rope)-(female)_shoulder_converted.gif","EXERCÍCIOS NO CABO OU POLIA","OMBRO"
"feminino","Cable-Upright-Row-(female)_Shoulders__converted","FEMININO/EXERCÍCIOS NO CABO OU POLIA/OMBRO/Cable-Upright-Row-(female)_Shoulders__converted.gif","EXERCÍCIOS NO CABO OU POLIA","OMBRO"
"feminino","Cable-Bent-Over-Single-Arm-Crossover-(female)_Ches_converted","FEMININO/EXERCÍCIOS NO CABO OU POLIA/PEITO/Cable-Bent-Over-Single-Arm-Crossover-(female)_Ches_converted.gif","EXERCÍCIOS NO CABO OU POLIA","PEITO"
"feminino","Cable-Decline-Fly-(female)_Chest_converted","FEMININO/EXERCÍCIOS NO CABO OU POLIA/PEITO/Cable-Decline-Fly-(female)_Chest_converted.gif","EXERCÍCIOS NO CABO OU POLIA","PEITO"
"feminino","Cable-Incline-Fly-(female)_Chest__converted","FEMININO/EXERCÍCIOS NO CABO OU POLIA/PEITO/Cable-Incline-Fly-(female)_Chest__converted.gif","EXERCÍCIOS NO CABO OU POLIA","PEITO"
"feminino","Cable-Lying-Fly-(female)_Chest_converted","FEMININO/EXERCÍCIOS NO CABO OU POLIA/PEITO/Cable-Lying-Fly-(female)_Chest_converted.gif","EXERCÍCIOS NO CABO OU POLIA","PEITO"
"feminino","Cable-Seated-Single-Arm-Chest-Press-(female)_Chest_converted","FEMININO/EXERCÍCIOS NO CABO OU POLIA/PEITO/Cable-Seated-Single-Arm-Chest-Press-(female)_Chest_converted.gif","EXERCÍCIOS NO CABO OU POLIA","PEITO"
"geral","Cable-Standing-Chest-Press_Chest_converted","FEMININO/EXERCÍCIOS NO CABO OU POLIA/PEITO/Cable-Standing-Chest-Press_Chest_converted.gif","EXERCÍCIOS NO CABO OU POLIA","PEITO"
"feminino","Cable-Standing-Up-Straight-Crossovers-(female)_Che_converted","FEMININO/EXERCÍCIOS NO CABO OU POLIA/PEITO/Cable-Standing-Up-Straight-Crossovers-(female)_Che_converted.gif","EXERCÍCIOS NO CABO OU POLIA","PEITO"
"feminino","Cable-Upper-Chest-Crossovers-(female)_Chest__converted","FEMININO/EXERCÍCIOS NO CABO OU POLIA/PEITO/Cable-Upper-Chest-Crossovers-(female)_Chest__converted.gif","EXERCÍCIOS NO CABO OU POLIA","PEITO"
"feminino","Cable-Assisted-Inverse-Leg-Curl-(female)_Thighs__converted","FEMININO/EXERCÍCIOS NO CABO OU POLIA/PERNA/Cable-Assisted-Inverse-Leg-Curl-(female)_Thighs__converted.gif","EXERCÍCIOS NO CABO OU POLIA","PERNA"
"feminino","Cable-Deadlift-(female)_Thighs__converted","FEMININO/EXERCÍCIOS NO CABO OU POLIA/PERNA/Cable-Deadlift-(female)_Thighs__converted.gif","EXERCÍCIOS NO CABO OU POLIA","PERNA"
"feminino","Cable-Donkey-Diagonal-Kickback-(female)_Hips__converted","FEMININO/EXERCÍCIOS NO CABO OU POLIA/PERNA/Cable-Donkey-Diagonal-Kickback-(female)_Hips__converted.gif","EXERCÍCIOS NO CABO OU POLIA","PERNA"
"feminino","Cable-Donkey-Kickback-(female)_Hips_converted","FEMININO/EXERCÍCIOS NO CABO OU POLIA/PERNA/Cable-Donkey-Kickback-(female)_Hips_converted.gif","EXERCÍCIOS NO CABO OU POLIA","PERNA"
"feminino","Cable-Goblet-Squat-(female)_Thighs__converted","FEMININO/EXERCÍCIOS NO CABO OU POLIA/PERNA/Cable-Goblet-Squat-(female)_Thighs__converted.gif","EXERCÍCIOS NO CABO OU POLIA","PERNA"
"feminino","Cable-Hip-Abduction-(version-2)-(female)_Hips-FIX__converted","FEMININO/EXERCÍCIOS NO CABO OU POLIA/PERNA/Cable-Hip-Abduction-(version-2)-(female)_Hips-FIX__converted.gif","EXERCÍCIOS NO CABO OU POLIA","PERNA"
"feminino","Cable-Hip-Adduction-(female)_Hips_converted","FEMININO/EXERCÍCIOS NO CABO OU POLIA/PERNA/Cable-Hip-Adduction-(female)_Hips_converted.gif","EXERCÍCIOS NO CABO OU POLIA","PERNA"
"feminino","Cable-Ipsilateral-Glute-Dominant-Step-up-(female)__converted","FEMININO/EXERCÍCIOS NO CABO OU POLIA/PERNA/Cable-Ipsilateral-Glute-Dominant-Step-up-(female)__converted.gif","EXERCÍCIOS NO CABO OU POLIA","PERNA"
"feminino","Cable-Kneeling-Glute-Kickback-(female)_Hips__converted","FEMININO/EXERCÍCIOS NO CABO OU POLIA/PERNA/Cable-Kneeling-Glute-Kickback-(female)_Hips__converted.gif","EXERCÍCIOS NO CABO OU POLIA","PERNA"
"feminino","Cable-Kneeling-Hip-Abduction-(female)_Hips__converted","FEMININO/EXERCÍCIOS NO CABO OU POLIA/PERNA/Cable-Kneeling-Hip-Abduction-(female)_Hips__converted.gif","EXERCÍCIOS NO CABO OU POLIA","PERNA"
"geral","Cable-Narrow-Chair-Stand-Up_Hips_converted","FEMININO/EXERCÍCIOS NO CABO OU POLIA/PERNA/Cable-Narrow-Chair-Stand-Up_Hips_converted.gif","EXERCÍCIOS NO CABO OU POLIA","PERNA"
"feminino","Cable-Pull-Through-(female)_Hips__converted","FEMININO/EXERCÍCIOS NO CABO OU POLIA/PERNA/Cable-Pull-Through-(female)_Hips__converted.gif","EXERCÍCIOS NO CABO OU POLIA","PERNA"
"feminino","Cable-Romanian-Deadlift-(female)_Hips__converted","FEMININO/EXERCÍCIOS NO CABO OU POLIA/PERNA/Cable-Romanian-Deadlift-(female)_Hips__converted.gif","EXERCÍCIOS NO CABO OU POLIA","PERNA"
"feminino","Cable-Seated-Foot-Eversion-(female)_Calves__converted","FEMININO/EXERCÍCIOS NO CABO OU POLIA/PERNA/Cable-Seated-Foot-Eversion-(female)_Calves__converted.gif","EXERCÍCIOS NO CABO OU POLIA","PERNA"
"feminino","Cable-Seated-Foot-Inversion-(female)_Calves__converted","FEMININO/EXERCÍCIOS NO CABO OU POLIA/PERNA/Cable-Seated-Foot-Inversion-(female)_Calves__converted.gif","EXERCÍCIOS NO CABO OU POLIA","PERNA"
"feminino","Cable-Seated-Single-Leg-Extension-(female)_Thighs__converted","FEMININO/EXERCÍCIOS NO CABO OU POLIA/PERNA/Cable-Seated-Single-Leg-Extension-(female)_Thighs__converted.gif","EXERCÍCIOS NO CABO OU POLIA","PERNA"
"geral","Cable-standing-hip-extension-(version-2)_Hips_converted","FEMININO/EXERCÍCIOS NO CABO OU POLIA/PERNA/Cable-standing-hip-extension-(version-2)_Hips_converted.gif","EXERCÍCIOS NO CABO OU POLIA","PERNA"
"feminino","Cable-Standing-Hip-Thrust-(female)_Hips__converted","FEMININO/EXERCÍCIOS NO CABO OU POLIA/PERNA/Cable-Standing-Hip-Thrust-(female)_Hips__converted.gif","EXERCÍCIOS NO CABO OU POLIA","PERNA"
"feminino","Cable-Stiff-Leg-Deadlift-from-Stepbox-(female)_Hips_converted","FEMININO/EXERCÍCIOS NO CABO OU POLIA/PERNA/Cable-Stiff-Leg-Deadlift-from-Stepbox-(female)_Hips_converted.gif","EXERCÍCIOS NO CABO OU POLIA","PERNA"
"feminino","Cable-Straight-Leg-Diagonal-Kickback-(female)_Hips_converted","FEMININO/EXERCÍCIOS NO CABO OU POLIA/PERNA/Cable-Straight-Leg-Diagonal-Kickback-(female)_Hips_converted.gif","EXERCÍCIOS NO CABO OU POLIA","PERNA"
"feminino","Cable-Straight-Legs-Pull-Through-(with-rope)-(female)_converted","FEMININO/EXERCÍCIOS NO CABO OU POLIA/PERNA/Cable-Straight-Legs-Pull-Through-(with-rope)-(female)_converted.gif","EXERCÍCIOS NO CABO OU POLIA","PERNA"
"geral","Cable-Supported-Single-Leg-Hamstrings-Concentratio_converted","FEMININO/EXERCÍCIOS NO CABO OU POLIA/PERNA/Cable-Supported-Single-Leg-Hamstrings-Concentratio_converted.gif","EXERCÍCIOS NO CABO OU POLIA","PERNA"
"feminino","Seated-Hip-External-Rotation-(female)_Hips__converted","FEMININO/EXERCÍCIOS NO CABO OU POLIA/PERNA/Seated-Hip-External-Rotation-(female)_Hips__converted.gif","EXERCÍCIOS NO CABO OU POLIA","PERNA"
"feminino","Seated-Tibialis-Anterior-Press-(female)_Calves__converted","FEMININO/EXERCÍCIOS NO CABO OU POLIA/PERNA/Seated-Tibialis-Anterior-Press-(female)_Calves__converted.gif","EXERCÍCIOS NO CABO OU POLIA","PERNA"
"feminino","Cable-Concentration-Extension-(on-knee)-(female)_U_converted","FEMININO/EXERCÍCIOS NO CABO OU POLIA/TRICEPS/Cable-Concentration-Extension-(on-knee)-(female)_U_converted.gif","EXERCÍCIOS NO CABO OU POLIA","TRICEPS"
"feminino","Cable-High-Pulley-Overhead-Tricep-Extension-(female)_Upper-Arms_converted","FEMININO/EXERCÍCIOS NO CABO OU POLIA/TRICEPS/Cable-High-Pulley-Overhead-Tricep-Extension-(female)_Upper-Arms_converted.gif","EXERCÍCIOS NO CABO OU POLIA","TRICEPS"
"geral","Cable-High-Pulley-Straight-Bar-Overhead-Triceps-Ex_converted","FEMININO/EXERCÍCIOS NO CABO OU POLIA/TRICEPS/Cable-High-Pulley-Straight-Bar-Overhead-Triceps-Ex_converted.gif","EXERCÍCIOS NO CABO OU POLIA","TRICEPS"
"geral","Cable-kickback-II_Upper-Arms_converted","FEMININO/EXERCÍCIOS NO CABO OU POLIA/TRICEPS/Cable-kickback-II_Upper-Arms_converted.gif","EXERCÍCIOS NO CABO OU POLIA","TRICEPS"
"feminino","Cable-Kneeling-Triceps-Extension-(female)_Upper-Ar_converted","FEMININO/EXERCÍCIOS NO CABO OU POLIA/TRICEPS/Cable-Kneeling-Triceps-Extension-(female)_Upper-Ar_converted.gif","EXERCÍCIOS NO CABO OU POLIA","TRICEPS"
"feminino","Cable-Lying-Triceps-Extension-(Low)-(female)_Upper_converted","FEMININO/EXERCÍCIOS NO CABO OU POLIA/TRICEPS/Cable-Lying-Triceps-Extension-(Low)-(female)_Upper_converted.gif","EXERCÍCIOS NO CABO OU POLIA","TRICEPS"
"feminino","Cable-One-Arm-Tricep-Pushdown-(female)_Upper-Arms__converted","FEMININO/EXERCÍCIOS NO CABO OU POLIA/TRICEPS/Cable-One-Arm-Tricep-Pushdown-(female)_Upper-Arms__converted.gif","EXERCÍCIOS NO CABO OU POLIA","TRICEPS"
"feminino","Cable-Overhead-Triceps-Extension-(rope-attachment)-(female)_Upper-Arms_converted","FEMININO/EXERCÍCIOS NO CABO OU POLIA/TRICEPS/Cable-Overhead-Triceps-Extension-(rope-attachment)-(female)_Upper-Arms_converted.gif","EXERCÍCIOS NO CABO OU POLIA","TRICEPS"
"feminino","Cable-Pushdown-(with-rope-attachment)-(female)_Upper-Arms_converted","FEMININO/EXERCÍCIOS NO CABO OU POLIA/TRICEPS/Cable-Pushdown-(with-rope-attachment)-(female)_Upper-Arms_converted.gif","EXERCÍCIOS NO CABO OU POLIA","TRICEPS"
"feminino","Cable-Reverse-grip-Pushdown-(female)_Upper-Arms__converted","FEMININO/EXERCÍCIOS NO CABO OU POLIA/TRICEPS/Cable-Reverse-grip-Pushdown-(female)_Upper-Arms__converted.gif","EXERCÍCIOS NO CABO OU POLIA","TRICEPS"
"geral","Cable-Reverse-Grip-Triceps-Pushdown-(SZ-bar)-(fema_converted","FEMININO/EXERCÍCIOS NO CABO OU POLIA/TRICEPS/Cable-Reverse-Grip-Triceps-Pushdown-(SZ-bar)-(fema_converted.gif","EXERCÍCIOS NO CABO OU POLIA","TRICEPS"
"feminino","Cable-Standing-One-Arm-Triceps-Extension-(female)_Upper-Arms_converted","FEMININO/EXERCÍCIOS NO CABO OU POLIA/TRICEPS/Cable-Standing-One-Arm-Triceps-Extension-(female)_Upper-Arms_converted.gif","EXERCÍCIOS NO CABO OU POLIA","TRICEPS"
"feminino","Cable-Triceps-Pushdown-(SZ-bar)-(female)_Upper-arm_converted","FEMININO/EXERCÍCIOS NO CABO OU POLIA/TRICEPS/Cable-Triceps-Pushdown-(SZ-bar)-(female)_Upper-arm_converted.gif","EXERCÍCIOS NO CABO OU POLIA","TRICEPS"
"feminino","Cable-Triceps-Pushdown-(V-bar)-(female)_Upper-Arms_converted","FEMININO/EXERCÍCIOS NO CABO OU POLIA/TRICEPS/Cable-Triceps-Pushdown-(V-bar)-(female)_Upper-Arms_converted.gif","EXERCÍCIOS NO CABO OU POLIA","TRICEPS"
"feminino","3-Leg-Chatarunga-Pose-(female)_Stretching__converted 2","FEMININO/FUNCIONAL/3-Leg-Chatarunga-Pose-(female)_Stretching__converted 2.gif","FUNCIONAL","FUNCIONAL"
"feminino","3-Leg-Chatarunga-Pose-(female)_Stretching__converted","FEMININO/FUNCIONAL/3-Leg-Chatarunga-Pose-(female)_Stretching__converted.gif","FUNCIONAL","FUNCIONAL"
"feminino","3-Leg-Dog-Pose-(female)_Stretching__converted","FEMININO/FUNCIONAL/3-Leg-Dog-Pose-(female)_Stretching__converted.gif","FUNCIONAL","FUNCIONAL"
"feminino","3-Sec-Sumo-Squat-(female)_Hips__converted","FEMININO/FUNCIONAL/3-Sec-Sumo-Squat-(female)_Hips__converted.gif","FUNCIONAL","FUNCIONAL"
"feminino","4-Coners-Side-Step-(female)_Plyometrics__converted","FEMININO/FUNCIONAL/4-Coners-Side-Step-(female)_Plyometrics__converted.gif","FUNCIONAL","FUNCIONAL"
"feminino","4-Punches-Side-Squat-(female)_Plyometrics__converted","FEMININO/FUNCIONAL/4-Punches-Side-Squat-(female)_Plyometrics__converted.gif","FUNCIONAL","FUNCIONAL"
"feminino","4-Reverse-Lunge-and-4-Side-Taps-(female)_Plyometri_converted 2","FEMININO/FUNCIONAL/4-Reverse-Lunge-and-4-Side-Taps-(female)_Plyometri_converted 2.gif","FUNCIONAL","FUNCIONAL"
"feminino","4-Reverse-Lunge-and-4-Side-Taps-(female)_Plyometri_converted","FEMININO/FUNCIONAL/4-Reverse-Lunge-and-4-Side-Taps-(female)_Plyometri_converted.gif","FUNCIONAL","FUNCIONAL"
"feminino","45-degrees-Step-Out-(female)_Plyometrics__converted","FEMININO/FUNCIONAL/45-degrees-Step-Out-(female)_Plyometrics__converted.gif","FUNCIONAL","FUNCIONAL"
"feminino","90-to-90-(beginner)-(female)_Hips__converted","FEMININO/FUNCIONAL/90-to-90-(beginner)-(female)_Hips__converted.gif","FUNCIONAL","FUNCIONAL"
"feminino","90-to-90-Hip-Leans-(female)_Hips__converted","FEMININO/FUNCIONAL/90-to-90-Hip-Leans-(female)_Hips__converted.gif","FUNCIONAL","FUNCIONAL"
"feminino","90-to-90-Knee-Thrust-(female)_Hips__converted","FEMININO/FUNCIONAL/90-to-90-Knee-Thrust-(female)_Hips__converted.gif","FUNCIONAL","FUNCIONAL"
"feminino","90-to-90-Lean-(female)_Hips__converted","FEMININO/FUNCIONAL/90-to-90-Lean-(female)_Hips__converted.gif","FUNCIONAL","FUNCIONAL"
"feminino","90-to-90-Leg-Lift-and-Kickout-(female)_Hips__converted","FEMININO/FUNCIONAL/90-to-90-Leg-Lift-and-Kickout-(female)_Hips__converted.gif","FUNCIONAL","FUNCIONAL"
"feminino","90-to-90-Overhead-Reach-(female)_Stretching__converted 2","FEMININO/FUNCIONAL/90-to-90-Overhead-Reach-(female)_Stretching__converted 2.gif","FUNCIONAL","FUNCIONAL"
"feminino","90-to-90-Overhead-Reach-(female)_Stretching__converted","FEMININO/FUNCIONAL/90-to-90-Overhead-Reach-(female)_Stretching__converted.gif","FUNCIONAL","FUNCIONAL"
"feminino","90-to-90-Stretch-(female)_Stretching__converted","FEMININO/FUNCIONAL/90-to-90-Stretch-(female)_Stretching__converted.gif","FUNCIONAL","FUNCIONAL"
"feminino","90-to-90-Switch-(female)_Stretching__converted","FEMININO/FUNCIONAL/90-to-90-Switch-(female)_Stretching__converted.gif","FUNCIONAL","FUNCIONAL"
"feminino","90-to-90-to-Shin-Box-Step-Through-(female)_Hips__converted","FEMININO/FUNCIONAL/90-to-90-to-Shin-Box-Step-Through-(female)_Hips__converted.gif","FUNCIONAL","FUNCIONAL"
"feminino","3-4-Sit-up-(female)_Waist_converted","FEMININO/FUNCIONAL/ABDOMINAIS/3-4-Sit-up-(female)_Waist_converted.gif","FUNCIONAL","ABDOMINAIS"
"feminino","90-Degree-Heel-Touch-(female)_Waist_converted","FEMININO/FUNCIONAL/ABDOMINAIS/90-Degree-Heel-Touch-(female)_Waist_converted.gif","FUNCIONAL","ABDOMINAIS"
"feminino","90-Degree-Single-Knee-Crunch-(female)_Waist__converted 2","FEMININO/FUNCIONAL/ABDOMINAIS/90-Degree-Single-Knee-Crunch-(female)_Waist__converted 2.gif","FUNCIONAL","ABDOMINAIS"
"feminino","90-Degree-Single-Knee-Crunch-(female)_Waist__converted","FEMININO/FUNCIONAL/ABDOMINAIS/90-Degree-Single-Knee-Crunch-(female)_Waist__converted.gif","FUNCIONAL","ABDOMINAIS"
"feminino","Ab-Mat-Sit-Up-(female)_Waist__converted","FEMININO/FUNCIONAL/ABDOMINAIS/Ab-Mat-Sit-Up-(female)_Waist__converted.gif","FUNCIONAL","ABDOMINAIS"
"feminino","Ab-Twist-Toe-Tap-(female)_Waist__converted","FEMININO/FUNCIONAL/ABDOMINAIS/Ab-Twist-Toe-Tap-(female)_Waist__converted.gif","FUNCIONAL","ABDOMINAIS"
"feminino","Abdominal-Stretch-(female)_Waist_converted","FEMININO/FUNCIONAL/ABDOMINAIS/Abdominal-Stretch-(female)_Waist_converted.gif","FUNCIONAL","ABDOMINAIS"
"feminino","Air-Twisting-Crunch-(female)_Waist__converted","FEMININO/FUNCIONAL/ABDOMINAIS/Air-Twisting-Crunch-(female)_Waist__converted.gif","FUNCIONAL","ABDOMINAIS"
"feminino","Alternate-Heel-Touchers-(female)_waist_converted","FEMININO/FUNCIONAL/ABDOMINAIS/Alternate-Heel-Touchers-(female)_waist_converted.gif","FUNCIONAL","ABDOMINAIS"
"feminino","Alternate-Leg-Raise-with-Head-up-(female)_Waist__converted 2","FEMININO/FUNCIONAL/ABDOMINAIS/Alternate-Leg-Raise-with-Head-up-(female)_Waist__converted 2.gif","FUNCIONAL","ABDOMINAIS"
"feminino","Alternate-Leg-Raise-with-Head-up-(female)_Waist__converted","FEMININO/FUNCIONAL/ABDOMINAIS/Alternate-Leg-Raise-with-Head-up-(female)_Waist__converted.gif","FUNCIONAL","ABDOMINAIS"
"feminino","Alternate-Leg-Reach-Crunch-(female)_Waist__converted","FEMININO/FUNCIONAL/ABDOMINAIS/Alternate-Leg-Reach-Crunch-(female)_Waist__converted.gif","FUNCIONAL","ABDOMINAIS"
"geral","Alternate-Lying-Floor-Leg-Raise_Waist_converted","FEMININO/FUNCIONAL/ABDOMINAIS/Alternate-Lying-Floor-Leg-Raise_Waist_converted.gif","FUNCIONAL","ABDOMINAIS"
"feminino","Alternate-Oblique-Crunch-(female)_Waist__converted","FEMININO/FUNCIONAL/ABDOMINAIS/Alternate-Oblique-Crunch-(female)_Waist__converted.gif","FUNCIONAL","ABDOMINAIS"
"feminino","Arm-Rotation-Knee-Lift-(female)_Waist__converted","FEMININO/FUNCIONAL/ABDOMINAIS/Arm-Rotation-Knee-Lift-(female)_Waist__converted.gif","FUNCIONAL","ABDOMINAIS"
"feminino","Backward-Abdominal-Stretch-(female)_Waist__converted","FEMININO/FUNCIONAL/ABDOMINAIS/Backward-Abdominal-Stretch-(female)_Waist__converted.gif","FUNCIONAL","ABDOMINAIS"
"feminino","Ballerina-Side-Bends-(female)_Waist__converted","FEMININO/FUNCIONAL/ABDOMINAIS/Ballerina-Side-Bends-(female)_Waist__converted.gif","FUNCIONAL","ABDOMINAIS"
"feminino","Bicycle-Crunch-(female)_Waist__converted","FEMININO/FUNCIONAL/ABDOMINAIS/Bicycle-Crunch-(female)_Waist__converted.gif","FUNCIONAL","ABDOMINAIS"
"feminino","Bike-Crunch-and-Feet-Tap-(female)_Waist__converted","FEMININO/FUNCIONAL/ABDOMINAIS/Bike-Crunch-and-Feet-Tap-(female)_Waist__converted.gif","FUNCIONAL","ABDOMINAIS"
"feminino","Bird-Dog-(female)_Waist-FIX__converted","FEMININO/FUNCIONAL/ABDOMINAIS/Bird-Dog-(female)_Waist-FIX__converted.gif","FUNCIONAL","ABDOMINAIS"
"feminino","Body-Slide-(female)_Waist__converted","FEMININO/FUNCIONAL/ABDOMINAIS/Body-Slide-(female)_Waist__converted.gif","FUNCIONAL","ABDOMINAIS"
"feminino","Bodyweight-Front-Slam-(female)_Waist__converted","FEMININO/FUNCIONAL/ABDOMINAIS/Bodyweight-Front-Slam-(female)_Waist__converted.gif","FUNCIONAL","ABDOMINAIS"
"feminino","Bodyweight-Windmill-(female)_Waist__converted","FEMININO/FUNCIONAL/ABDOMINAIS/Bodyweight-Windmill-(female)_Waist__converted.gif","FUNCIONAL","ABDOMINAIS"
"feminino","Bodyweight-Windmill-Cut-(female)_Waist__converted","FEMININO/FUNCIONAL/ABDOMINAIS/Bodyweight-Windmill-Cut-(female)_Waist__converted.gif","FUNCIONAL","ABDOMINAIS"
"feminino","Bottle-Weighted-Russian-Twist-(female)_Waist__converted","FEMININO/FUNCIONAL/ABDOMINAIS/Bottle-Weighted-Russian-Twist-(female)_Waist__converted.gif","FUNCIONAL","ABDOMINAIS"
"feminino","Bottoms-Up-(female)_Waist_converted","FEMININO/FUNCIONAL/ABDOMINAIS/Bottoms-Up-(female)_Waist_converted.gif","FUNCIONAL","ABDOMINAIS"
"feminino","Bridge---Mountain-Climber-(Cross-Body)-(female)_Waist_converted","FEMININO/FUNCIONAL/ABDOMINAIS/Bridge---Mountain-Climber-(Cross-Body)-(female)_Waist_converted.gif","FUNCIONAL","ABDOMINAIS"
"feminino","Butterfly-Twist-(female)_Waist__converted","FEMININO/FUNCIONAL/ABDOMINAIS/Butterfly-Twist-(female)_Waist__converted.gif","FUNCIONAL","ABDOMINAIS"
"geral","Bycicle-Twisting-Crunch_Waist-FIX__converted","FEMININO/FUNCIONAL/ABDOMINAIS/Bycicle-Twisting-Crunch_Waist-FIX__converted.gif","FUNCIONAL","ABDOMINAIS"
"feminino","Cat-Stretch-(female)_Waist__converted","FEMININO/FUNCIONAL/ABDOMINAIS/Cat-Stretch-(female)_Waist__converted.gif","FUNCIONAL","ABDOMINAIS"
"feminino","Celebratory-Hip-Thrust-(female)_Waist__converted","FEMININO/FUNCIONAL/ABDOMINAIS/Celebratory-Hip-Thrust-(female)_Waist__converted.gif","FUNCIONAL","ABDOMINAIS"
"feminino","Chin-to-chest-Stretch-(female)_waist_converted","FEMININO/FUNCIONAL/ABDOMINAIS/Chin-to-chest-Stretch-(female)_waist_converted.gif","FUNCIONAL","ABDOMINAIS"
"feminino","Cobra-Side-Ab-Stretch-(female)_Waist__converted","FEMININO/FUNCIONAL/ABDOMINAIS/Cobra-Side-Ab-Stretch-(female)_Waist__converted.gif","FUNCIONAL","ABDOMINAIS"
"feminino","Cobra-Yoga-Pose-(female)_Waist_converted","FEMININO/FUNCIONAL/ABDOMINAIS/Cobra-Yoga-Pose-(female)_Waist_converted.gif","FUNCIONAL","ABDOMINAIS"
"feminino","Cobra-Yoga-Pose-(female)_Waist-FIX__converted","FEMININO/FUNCIONAL/ABDOMINAIS/Cobra-Yoga-Pose-(female)_Waist-FIX__converted.gif","FUNCIONAL","ABDOMINAIS"
"feminino","Cocoons-(female)_waist_converted","FEMININO/FUNCIONAL/ABDOMINAIS/Cocoons-(female)_waist_converted.gif","FUNCIONAL","ABDOMINAIS"
"feminino","Crab-Twist-Toe-Touch-(female)_Waist_converted","FEMININO/FUNCIONAL/ABDOMINAIS/Crab-Twist-Toe-Touch-(female)_Waist_converted.gif","FUNCIONAL","ABDOMINAIS"
"feminino","Cross-Body-Twisting-Crunch-(female)_Waist__converted","FEMININO/FUNCIONAL/ABDOMINAIS/Cross-Body-Twisting-Crunch-(female)_Waist__converted.gif","FUNCIONAL","ABDOMINAIS"
"geral","Crunch-(arms-straight)_waist_converted","FEMININO/FUNCIONAL/ABDOMINAIS/Crunch-(arms-straight)_waist_converted.gif","FUNCIONAL","ABDOMINAIS"
"geral","Crunch-(leg-raise)_Waist_converted","FEMININO/FUNCIONAL/ABDOMINAIS/Crunch-(leg-raise)_Waist_converted.gif","FUNCIONAL","ABDOMINAIS"
"geral","Crunch-(on-bench)_Waist_converted","FEMININO/FUNCIONAL/ABDOMINAIS/Crunch-(on-bench)_Waist_converted.gif","FUNCIONAL","ABDOMINAIS"
"feminino","Crunch-(straight-leg-up)-(female)_waist_converted","FEMININO/FUNCIONAL/ABDOMINAIS/Crunch-(straight-leg-up)-(female)_waist_converted.gif","FUNCIONAL","ABDOMINAIS"
"feminino","Crunch-Floor-(female)_Waist__converted","FEMININO/FUNCIONAL/ABDOMINAIS/Crunch-Floor-(female)_Waist__converted.gif","FUNCIONAL","ABDOMINAIS"
"feminino","Dead-Bug-(female)_Waist_converted","FEMININO/FUNCIONAL/ABDOMINAIS/Dead-Bug-(female)_Waist_converted.gif","FUNCIONAL","ABDOMINAIS"
"feminino","Dead-Bug-(VERSION-3)-(female)_Waist__converted","FEMININO/FUNCIONAL/ABDOMINAIS/Dead-Bug-(VERSION-3)-(female)_Waist__converted.gif","FUNCIONAL","ABDOMINAIS"
"feminino","Decline-Bent-Leg-Reverse-Crunch-(female)_Waist__converted","FEMININO/FUNCIONAL/ABDOMINAIS/Decline-Bent-Leg-Reverse-Crunch-(female)_Waist__converted.gif","FUNCIONAL","ABDOMINAIS"
"feminino","Double-Woodchopper-(female)_Waist__converted","FEMININO/FUNCIONAL/ABDOMINAIS/Double-Woodchopper-(female)_Waist__converted.gif","FUNCIONAL","ABDOMINAIS"
"feminino","Ear-to-Knee-Side-Bend-(female)_Waist__converted","FEMININO/FUNCIONAL/ABDOMINAIS/Ear-to-Knee-Side-Bend-(female)_Waist__converted.gif","FUNCIONAL","ABDOMINAIS"
"feminino","Elbow-Push-up-(female)_Waist_converted","FEMININO/FUNCIONAL/ABDOMINAIS/Elbow-Push-up-(female)_Waist_converted.gif","FUNCIONAL","ABDOMINAIS"
"feminino","Elbow-to-Knee-Sit-up-(female)_Waist__converted","FEMININO/FUNCIONAL/ABDOMINAIS/Elbow-to-Knee-Sit-up-(female)_Waist__converted.gif","FUNCIONAL","ABDOMINAIS"
"feminino","Flexion-Leg-Sit-up-(straight-arm)-(female)_waist_converted","FEMININO/FUNCIONAL/ABDOMINAIS/Flexion-Leg-Sit-up-(straight-arm)-(female)_waist_converted.gif","FUNCIONAL","ABDOMINAIS"
"feminino","Frog-Crunch-(female)_Waist_converted","FEMININO/FUNCIONAL/ABDOMINAIS/Frog-Crunch-(female)_Waist_converted.gif","FUNCIONAL","ABDOMINAIS"
"feminino","Frog-Crunch-Feet-Together-(female)_Waist__converted","FEMININO/FUNCIONAL/ABDOMINAIS/Frog-Crunch-Feet-Together-(female)_Waist__converted.gif","FUNCIONAL","ABDOMINAIS"
"feminino","Front-Elbow-Plank-(female)_Waist__converted","FEMININO/FUNCIONAL/ABDOMINAIS/Front-Elbow-Plank-(female)_Waist__converted.gif","FUNCIONAL","ABDOMINAIS"
"feminino","Front-Plank-(female)_Waist__converted","FEMININO/FUNCIONAL/ABDOMINAIS/Front-Plank-(female)_Waist__converted.gif","FUNCIONAL","ABDOMINAIS"
"feminino","Front-Plank-Open-and-Close-(female)_Waist__converted","FEMININO/FUNCIONAL/ABDOMINAIS/Front-Plank-Open-and-Close-(female)_Waist__converted.gif","FUNCIONAL","ABDOMINAIS"
"feminino","Front-Plank-Toe-Tap-(female)_Waist_converted","FEMININO/FUNCIONAL/ABDOMINAIS/Front-Plank-Toe-Tap-(female)_Waist_converted.gif","FUNCIONAL","ABDOMINAIS"
"feminino","Front-Plank-with-Arm-and-Leg-Lift-(female)_Waist-F_converted","FEMININO/FUNCIONAL/ABDOMINAIS/Front-Plank-with-Arm-and-Leg-Lift-(female)_Waist-F_converted.gif","FUNCIONAL","ABDOMINAIS"
"feminino","Front-Plank-with-Arm-Lift-(female)_Waist__converted","FEMININO/FUNCIONAL/ABDOMINAIS/Front-Plank-with-Arm-Lift-(female)_Waist__converted.gif","FUNCIONAL","ABDOMINAIS"
"feminino","Half-Plyo-Squat-Twist-(female)_Waist__converted","FEMININO/FUNCIONAL/ABDOMINAIS/Half-Plyo-Squat-Twist-(female)_Waist__converted.gif","FUNCIONAL","ABDOMINAIS"
"feminino","Half-Squat-Side-Reach-(female)_Waist__converted","FEMININO/FUNCIONAL/ABDOMINAIS/Half-Squat-Side-Reach-(female)_Waist__converted.gif","FUNCIONAL","ABDOMINAIS"
"feminino","Half-Squat-Torso-Punches-(female)_Waist__converted","FEMININO/FUNCIONAL/ABDOMINAIS/Half-Squat-Torso-Punches-(female)_Waist__converted.gif","FUNCIONAL","ABDOMINAIS"
"feminino","Half-Wipers-(bent-leg)-(female)_Waist__converted","FEMININO/FUNCIONAL/ABDOMINAIS/Half-Wipers-(bent-leg)-(female)_Waist__converted.gif","FUNCIONAL","ABDOMINAIS"
"feminino","Hands-Behind-Head-Side-Leg-Raise-(female)_Waist__converted","FEMININO/FUNCIONAL/ABDOMINAIS/Hands-Behind-Head-Side-Leg-Raise-(female)_Waist__converted.gif","FUNCIONAL","ABDOMINAIS"
"feminino","High-Plank-Knee-Drop-(female)_Waist__converted","FEMININO/FUNCIONAL/ABDOMINAIS/High-Plank-Knee-Drop-(female)_Waist__converted.gif","FUNCIONAL","ABDOMINAIS"
"feminino","Hip-Crunch-(female)_Waist__converted","FEMININO/FUNCIONAL/ABDOMINAIS/Hip-Crunch-(female)_Waist__converted.gif","FUNCIONAL","ABDOMINAIS"
"feminino","Hip-Raise-(bent-knee)-(female)_waist_converted","FEMININO/FUNCIONAL/ABDOMINAIS/Hip-Raise-(bent-knee)-(female)_waist_converted.gif","FUNCIONAL","ABDOMINAIS"
"feminino","Hip-Raise-(bent-knee)-(VERSION-2)-(female)_Waist__converted","FEMININO/FUNCIONAL/ABDOMINAIS/Hip-Raise-(bent-knee)-(VERSION-2)-(female)_Waist__converted.gif","FUNCIONAL","ABDOMINAIS"
"geral","Hip-Raise-Bridge_Waist_converted","FEMININO/FUNCIONAL/ABDOMINAIS/Hip-Raise-Bridge_Waist_converted.gif","FUNCIONAL","ABDOMINAIS"
"feminino","Hip-Roll-Plank-(female)_Waist_converted","FEMININO/FUNCIONAL/ABDOMINAIS/Hip-Roll-Plank-(female)_Waist_converted.gif","FUNCIONAL","ABDOMINAIS"
"feminino","Hollow-Hold-(female)_Waist__converted","FEMININO/FUNCIONAL/ABDOMINAIS/Hollow-Hold-(female)_Waist__converted.gif","FUNCIONAL","ABDOMINAIS"
"feminino","Inchworm-(female)_Waist_converted","FEMININO/FUNCIONAL/ABDOMINAIS/Inchworm-(female)_Waist_converted.gif","FUNCIONAL","ABDOMINAIS"
"geral","Jack-knife Floor_Waist-FIX__converted","FEMININO/FUNCIONAL/ABDOMINAIS/Jack-knife Floor_Waist-FIX__converted.gif","FUNCIONAL","ABDOMINAIS"
"geral","Jack-Split-Crunches_Waist-FIX__converted","FEMININO/FUNCIONAL/ABDOMINAIS/Jack-Split-Crunches_Waist-FIX__converted.gif","FUNCIONAL","ABDOMINAIS"
"feminino","Janda-Sit-up-(female)_Waist_converted","FEMININO/FUNCIONAL/ABDOMINAIS/Janda-Sit-up-(female)_Waist_converted.gif","FUNCIONAL","ABDOMINAIS"
"feminino","Knee-Touch-Crunch-(female)_Waist__converted","FEMININO/FUNCIONAL/ABDOMINAIS/Knee-Touch-Crunch-(female)_Waist__converted.gif","FUNCIONAL","ABDOMINAIS"
"feminino","Knee-Tuck-Push-Up-(female)_Waist__converted","FEMININO/FUNCIONAL/ABDOMINAIS/Knee-Tuck-Push-Up-(female)_Waist__converted.gif","FUNCIONAL","ABDOMINAIS"
"feminino","Kneeling-Abdominal-Draw-In-(female)_Waist__converted","FEMININO/FUNCIONAL/ABDOMINAIS/Kneeling-Abdominal-Draw-In-(female)_Waist__converted.gif","FUNCIONAL","ABDOMINAIS"
"feminino","Kneeling-Dynamic-Plank-(female)_Waist1__converted","FEMININO/FUNCIONAL/ABDOMINAIS/Kneeling-Dynamic-Plank-(female)_Waist1__converted.gif","FUNCIONAL","ABDOMINAIS"
"feminino","Kneeling-Plank-(female)_Waist__converted","FEMININO/FUNCIONAL/ABDOMINAIS/Kneeling-Plank-(female)_Waist__converted.gif","FUNCIONAL","ABDOMINAIS"
"feminino","Kneeling-Shoulder-Tap-(female)_Waist_converted","FEMININO/FUNCIONAL/ABDOMINAIS/Kneeling-Shoulder-Tap-(female)_Waist_converted.gif","FUNCIONAL","ABDOMINAIS"
"feminino","Kneeling-Side-Plank-Twist-(female)_Waist__converted","FEMININO/FUNCIONAL/ABDOMINAIS/Kneeling-Side-Plank-Twist-(female)_Waist__converted.gif","FUNCIONAL","ABDOMINAIS"
"feminino","Lean-Back-Air-Cycling-on-a-Chair-(female)_Waist__converted 2","FEMININO/FUNCIONAL/ABDOMINAIS/Lean-Back-Air-Cycling-on-a-Chair-(female)_Waist__converted 2.gif","FUNCIONAL","ABDOMINAIS"
"feminino","Lean-Back-Air-Cycling-on-a-Chair-(female)_Waist__converted","FEMININO/FUNCIONAL/ABDOMINAIS/Lean-Back-Air-Cycling-on-a-Chair-(female)_Waist__converted.gif","FUNCIONAL","ABDOMINAIS"
"feminino","Leg-Climb-Crunch-(female)_Waist__converted","FEMININO/FUNCIONAL/ABDOMINAIS/Leg-Climb-Crunch-(female)_Waist__converted.gif","FUNCIONAL","ABDOMINAIS"
"feminino","Leg-Front-Kick-(female)_Waist__converted","FEMININO/FUNCIONAL/ABDOMINAIS/Leg-Front-Kick-(female)_Waist__converted.gif","FUNCIONAL","ABDOMINAIS"
"geral","Leg-Raise-Hip-Lift_Waist_converted","FEMININO/FUNCIONAL/ABDOMINAIS/Leg-Raise-Hip-Lift_Waist_converted.gif","FUNCIONAL","ABDOMINAIS"
"feminino","Long-Arm-Crunch-(female)_Waist__converted","FEMININO/FUNCIONAL/ABDOMINAIS/Long-Arm-Crunch-(female)_Waist__converted.gif","FUNCIONAL","ABDOMINAIS"
"feminino","Lying-(prone)-Abdominal-Stretch-(female)_Waist__converted 2","FEMININO/FUNCIONAL/ABDOMINAIS/Lying-(prone)-Abdominal-Stretch-(female)_Waist__converted 2.gif","FUNCIONAL","ABDOMINAIS"
"feminino","Lying-(prone)-Abdominal-Stretch-(female)_Waist__converted","FEMININO/FUNCIONAL/ABDOMINAIS/Lying-(prone)-Abdominal-Stretch-(female)_Waist__converted.gif","FUNCIONAL","ABDOMINAIS"
"feminino","Lying-90-Degrees-Leg-Tap-Crunch-(female)_Waist__converted 2","FEMININO/FUNCIONAL/ABDOMINAIS/Lying-90-Degrees-Leg-Tap-Crunch-(female)_Waist__converted 2.gif","FUNCIONAL","ABDOMINAIS"
"feminino","Lying-90-Degrees-Leg-Tap-Crunch-(female)_Waist__converted","FEMININO/FUNCIONAL/ABDOMINAIS/Lying-90-Degrees-Leg-Tap-Crunch-(female)_Waist__converted.gif","FUNCIONAL","ABDOMINAIS"
"feminino","Lying-Ab-Hold-(female)_Waist__converted","FEMININO/FUNCIONAL/ABDOMINAIS/Lying-Ab-Hold-(female)_Waist__converted.gif","FUNCIONAL","ABDOMINAIS"
"feminino","Lying-Alternate-Bent-Leg-Raise-(female)_Waist__converted","FEMININO/FUNCIONAL/ABDOMINAIS/Lying-Alternate-Bent-Leg-Raise-(female)_Waist__converted.gif","FUNCIONAL","ABDOMINAIS"
"feminino","Lying-Alternate-Toe-Touch-(female)_Waist__converted","FEMININO/FUNCIONAL/ABDOMINAIS/Lying-Alternate-Toe-Touch-(female)_Waist__converted.gif","FUNCIONAL","ABDOMINAIS"
"feminino","Lying-Alternating-Knee-Tuck-(female)_Waist__converted 2","FEMININO/FUNCIONAL/ABDOMINAIS/Lying-Alternating-Knee-Tuck-(female)_Waist__converted 2.gif","FUNCIONAL","ABDOMINAIS"
"feminino","Lying-Alternating-Knee-Tuck-(female)_Waist__converted","FEMININO/FUNCIONAL/ABDOMINAIS/Lying-Alternating-Knee-Tuck-(female)_Waist__converted.gif","FUNCIONAL","ABDOMINAIS"
"feminino","Lying-Bent-Knee-Raise-and-Extend-(female)_Waist__converted 2","FEMININO/FUNCIONAL/ABDOMINAIS/Lying-Bent-Knee-Raise-and-Extend-(female)_Waist__converted 2.gif","FUNCIONAL","ABDOMINAIS"
"feminino","Lying-Bent-Knee-Raise-and-Extend-(female)_Waist__converted","FEMININO/FUNCIONAL/ABDOMINAIS/Lying-Bent-Knee-Raise-and-Extend-(female)_Waist__converted.gif","FUNCIONAL","ABDOMINAIS"
"feminino","Lying-Bent-Knee-Side-Roll-(female)_Waist__converted","FEMININO/FUNCIONAL/ABDOMINAIS/Lying-Bent-Knee-Side-Roll-(female)_Waist__converted.gif","FUNCIONAL","ABDOMINAIS"
"feminino","Lying-Bent-Leg-Tuck-(female)_Waist__converted","FEMININO/FUNCIONAL/ABDOMINAIS/Lying-Bent-Leg-Tuck-(female)_Waist__converted.gif","FUNCIONAL","ABDOMINAIS"
"feminino","Lying-Bicycle-Crunch-(female)_Waist__converted","FEMININO/FUNCIONAL/ABDOMINAIS/Lying-Bicycle-Crunch-(female)_Waist__converted.gif","FUNCIONAL","ABDOMINAIS"
"feminino","Lying-Butterfly-Crunch-(female)_Waist__converted","FEMININO/FUNCIONAL/ABDOMINAIS/Lying-Butterfly-Crunch-(female)_Waist__converted.gif","FUNCIONAL","ABDOMINAIS"
"feminino","Lying-Cross-Ankle-Tap-(female)_Waist__converted","FEMININO/FUNCIONAL/ABDOMINAIS/Lying-Cross-Ankle-Tap-(female)_Waist__converted.gif","FUNCIONAL","ABDOMINAIS"
"feminino","Lying-Crossed-Legs-Twist-(female)_Waist__converted","FEMININO/FUNCIONAL/ABDOMINAIS/Lying-Crossed-Legs-Twist-(female)_Waist__converted.gif","FUNCIONAL","ABDOMINAIS"
"feminino","Lying-Crunch-(straight-legs)-(female)_Waist__converted","FEMININO/FUNCIONAL/ABDOMINAIS/Lying-Crunch-(straight-legs)-(female)_Waist__converted.gif","FUNCIONAL","ABDOMINAIS"
"feminino","Lying-Elbow-to-Knee-(female)_Waist__converted","FEMININO/FUNCIONAL/ABDOMINAIS/Lying-Elbow-to-Knee-(female)_Waist__converted.gif","FUNCIONAL","ABDOMINAIS"
"feminino","Lying-Flat-Hip-Raise-(female)_Waist__converted","FEMININO/FUNCIONAL/ABDOMINAIS/Lying-Flat-Hip-Raise-(female)_Waist__converted.gif","FUNCIONAL","ABDOMINAIS"
"feminino","Lying-Floor-Quarter-Twisting-Crunch-(female)_Waist_converted","FEMININO/FUNCIONAL/ABDOMINAIS/Lying-Floor-Quarter-Twisting-Crunch-(female)_Waist_converted.gif","FUNCIONAL","ABDOMINAIS"
"feminino","Lying-Frog-Crunch-Feet-Together-(female)_Waist__converted","FEMININO/FUNCIONAL/ABDOMINAIS/Lying-Frog-Crunch-Feet-Together-(female)_Waist__converted.gif","FUNCIONAL","ABDOMINAIS"
"feminino","Lying-Leg-Extension-(female)_Waist__converted","FEMININO/FUNCIONAL/ABDOMINAIS/Lying-Leg-Extension-(female)_Waist__converted.gif","FUNCIONAL","ABDOMINAIS"
"feminino","Lying-leg-hip-raise-(female)_Waist__converted","FEMININO/FUNCIONAL/ABDOMINAIS/Lying-leg-hip-raise-(female)_Waist__converted.gif","FUNCIONAL","ABDOMINAIS"
"feminino","Lying-Leg-Raise-(female)_Waist__converted","FEMININO/FUNCIONAL/ABDOMINAIS/Lying-Leg-Raise-(female)_Waist__converted.gif","FUNCIONAL","ABDOMINAIS"
"feminino","Lying-Leg-Raise-to-Side-(female)_Waist_converted","FEMININO/FUNCIONAL/ABDOMINAIS/Lying-Leg-Raise-to-Side-(female)_Waist_converted.gif","FUNCIONAL","ABDOMINAIS"
"feminino","Lying-Quarter-Hip-Raise-(female)_Waist__converted","FEMININO/FUNCIONAL/ABDOMINAIS/Lying-Quarter-Hip-Raise-(female)_Waist__converted.gif","FUNCIONAL","ABDOMINAIS"
"feminino","Lying-Reverse-Abdominal-Press-(female)_Waist__converted","FEMININO/FUNCIONAL/ABDOMINAIS/Lying-Reverse-Abdominal-Press-(female)_Waist__converted.gif","FUNCIONAL","ABDOMINAIS"
"feminino","Lying-Russian-Twist-(female)_Waist__converted","FEMININO/FUNCIONAL/ABDOMINAIS/Lying-Russian-Twist-(female)_Waist__converted.gif","FUNCIONAL","ABDOMINAIS"
"feminino","Lying-Scissor-Crunch-(female)_Waist__converted","FEMININO/FUNCIONAL/ABDOMINAIS/Lying-Scissor-Crunch-(female)_Waist__converted.gif","FUNCIONAL","ABDOMINAIS"
"feminino","Lying-Side-Reverse-Crunch-(female)_Waist__converted","FEMININO/FUNCIONAL/ABDOMINAIS/Lying-Side-Reverse-Crunch-(female)_Waist__converted.gif","FUNCIONAL","ABDOMINAIS"
"feminino","Lying-Single-Leg-Lift-(female)_Waist__converted","FEMININO/FUNCIONAL/ABDOMINAIS/Lying-Single-Leg-Lift-(female)_Waist__converted.gif","FUNCIONAL","ABDOMINAIS"
"feminino","Lying-Single-Leg-Raise-(female)_Waist__converted","FEMININO/FUNCIONAL/ABDOMINAIS/Lying-Single-Leg-Raise-(female)_Waist__converted.gif","FUNCIONAL","ABDOMINAIS"
"feminino","Lying-Single-to-Double-Leg-Raise-(female)_Waist__converted","FEMININO/FUNCIONAL/ABDOMINAIS/Lying-Single-to-Double-Leg-Raise-(female)_Waist__converted.gif","FUNCIONAL","ABDOMINAIS"
"feminino","Lying-Straight-Leg-Reverse-Crunch-(female)_Waist__converted","FEMININO/FUNCIONAL/ABDOMINAIS/Lying-Straight-Leg-Reverse-Crunch-(female)_Waist__converted.gif","FUNCIONAL","ABDOMINAIS"
"feminino","Lying-Tuck-Crunch-(female)_Waist__converted","FEMININO/FUNCIONAL/ABDOMINAIS/Lying-Tuck-Crunch-(female)_Waist__converted.gif","FUNCIONAL","ABDOMINAIS"
"feminino","Lying-Windshield-Wiper-(female)_Waist__converted","FEMININO/FUNCIONAL/ABDOMINAIS/Lying-Windshield-Wiper-(female)_Waist__converted.gif","FUNCIONAL","ABDOMINAIS"
"geral","Middle-Back-Stretch_Waist_converted","FEMININO/FUNCIONAL/ABDOMINAIS/Middle-Back-Stretch_Waist_converted.gif","FUNCIONAL","ABDOMINAIS"
"geral","Middle-Back-Stretch_Waist-FIX__converted","FEMININO/FUNCIONAL/ABDOMINAIS/Middle-Back-Stretch_Waist-FIX__converted.gif","FUNCIONAL","ABDOMINAIS"
"feminino","Mountain-Climber-and-Dynamic-Plank-(female)_Waist__converted","FEMININO/FUNCIONAL/ABDOMINAIS/Mountain-Climber-and-Dynamic-Plank-(female)_Waist__converted.gif","FUNCIONAL","ABDOMINAIS"
"feminino","Negative-Dragon-Flag-(female)_Waist__converted","FEMININO/FUNCIONAL/ABDOMINAIS/Negative-Dragon-Flag-(female)_Waist__converted.gif","FUNCIONAL","ABDOMINAIS"
"feminino","Oblique-V-up-on-Floor-(female)_Waist__converted","FEMININO/FUNCIONAL/ABDOMINAIS/Oblique-V-up-on-Floor-(female)_Waist__converted.gif","FUNCIONAL","ABDOMINAIS"
"feminino","Plank-Alternate-Knee-Tuck-(female)_Waist__converted","FEMININO/FUNCIONAL/ABDOMINAIS/Plank-Alternate-Knee-Tuck-(female)_Waist__converted.gif","FUNCIONAL","ABDOMINAIS"
"geral","Plank-Feet-Tap_Waist__converted","FEMININO/FUNCIONAL/ABDOMINAIS/Plank-Feet-Tap_Waist__converted.gif","FUNCIONAL","ABDOMINAIS"
"feminino","Plank-from-Knees-(female)_Waist__converted","FEMININO/FUNCIONAL/ABDOMINAIS/Plank-from-Knees-(female)_Waist__converted.gif","FUNCIONAL","ABDOMINAIS"
"feminino","Plank-Jack-(female)_Waist_converted","FEMININO/FUNCIONAL/ABDOMINAIS/Plank-Jack-(female)_Waist_converted.gif","FUNCIONAL","ABDOMINAIS"
"feminino","Plank-Leg-Raises-(female)_Waist__converted","FEMININO/FUNCIONAL/ABDOMINAIS/Plank-Leg-Raises-(female)_Waist__converted.gif","FUNCIONAL","ABDOMINAIS"
"feminino","Plank-on-Hands-(female)_Waist__converted","FEMININO/FUNCIONAL/ABDOMINAIS/Plank-on-Hands-(female)_Waist__converted.gif","FUNCIONAL","ABDOMINAIS"
"feminino","Plank-Pike-Slide-with-Towel-(female)_Waist__converted","FEMININO/FUNCIONAL/ABDOMINAIS/Plank-Pike-Slide-with-Towel-(female)_Waist__converted.gif","FUNCIONAL","ABDOMINAIS"
"feminino","Plank-Row-(female)_Waist__converted","FEMININO/FUNCIONAL/ABDOMINAIS/Plank-Row-(female)_Waist__converted.gif","FUNCIONAL","ABDOMINAIS"
"feminino","Plank-to-Pike-(female)_Waist__converted","FEMININO/FUNCIONAL/ABDOMINAIS/Plank-to-Pike-(female)_Waist__converted.gif","FUNCIONAL","ABDOMINAIS"
"feminino","Plank-Walk-Up-(female)_Waist__converted","FEMININO/FUNCIONAL/ABDOMINAIS/Plank-Walk-Up-(female)_Waist__converted.gif","FUNCIONAL","ABDOMINAIS"
"feminino","Quarter-Sit-up-(female)_Waist_converted","FEMININO/FUNCIONAL/ABDOMINAIS/Quarter-Sit-up-(female)_Waist_converted.gif","FUNCIONAL","ABDOMINAIS"
"feminino","Resistance-Band-Lying-Leg-Raise-(female)_Waist__converted","FEMININO/FUNCIONAL/ABDOMINAIS/Resistance-Band-Lying-Leg-Raise-(female)_Waist__converted.gif","FUNCIONAL","ABDOMINAIS"
"feminino","Resistance-Band-Plank-Jack-(female)_Waist__converted","FEMININO/FUNCIONAL/ABDOMINAIS/Resistance-Band-Plank-Jack-(female)_Waist__converted.gif","FUNCIONAL","ABDOMINAIS"
"feminino","Reverse-Crunch-(female)_Waist-FIX__converted","FEMININO/FUNCIONAL/ABDOMINAIS/Reverse-Crunch-(female)_Waist-FIX__converted.gif","FUNCIONAL","ABDOMINAIS"
"feminino","Reverse-Crunch-Leg-Drop-(female)_Waist__converted","FEMININO/FUNCIONAL/ABDOMINAIS/Reverse-Crunch-Leg-Drop-(female)_Waist__converted.gif","FUNCIONAL","ABDOMINAIS"
"feminino","Reverse-Plank-(female)_Waist__converted","FEMININO/FUNCIONAL/ABDOMINAIS/Reverse-Plank-(female)_Waist__converted.gif","FUNCIONAL","ABDOMINAIS"
"feminino","Reverse-Plank-on-Elbows-(female)_Waist__converted","FEMININO/FUNCIONAL/ABDOMINAIS/Reverse-Plank-on-Elbows-(female)_Waist__converted.gif","FUNCIONAL","ABDOMINAIS"
"feminino","RKC-Plank-(female)_Waist__converted","FEMININO/FUNCIONAL/ABDOMINAIS/RKC-Plank-(female)_Waist__converted.gif","FUNCIONAL","ABDOMINAIS"
"feminino","Rolling-Bridge-(female)_Waist-FIX__converted","FEMININO/FUNCIONAL/ABDOMINAIS/Rolling-Bridge-(female)_Waist-FIX__converted.gif","FUNCIONAL","ABDOMINAIS"
"feminino","Rolling-Plank-(female)_Waist__converted","FEMININO/FUNCIONAL/ABDOMINAIS/Rolling-Plank-(female)_Waist__converted.gif","FUNCIONAL","ABDOMINAIS"
"feminino","Rotate-Push-up-(female)_Waist__converted","FEMININO/FUNCIONAL/ABDOMINAIS/Rotate-Push-up-(female)_Waist__converted.gif","FUNCIONAL","ABDOMINAIS"
"feminino","Russian-Twist-(beginner-level)-(female)_Waist__converted","FEMININO/FUNCIONAL/ABDOMINAIS/Russian-Twist-(beginner-level)-(female)_Waist__converted.gif","FUNCIONAL","ABDOMINAIS"
"feminino","Russian-Twist-(female)_waist_converted","FEMININO/FUNCIONAL/ABDOMINAIS/Russian-Twist-(female)_waist_converted.gif","FUNCIONAL","ABDOMINAIS"
"feminino","Russian-Twist-Chop-(female)_Waist__converted","FEMININO/FUNCIONAL/ABDOMINAIS/Russian-Twist-Chop-(female)_Waist__converted.gif","FUNCIONAL","ABDOMINAIS"
"feminino","Russian-Twist-Punch-(female)_Waist__converted","FEMININO/FUNCIONAL/ABDOMINAIS/Russian-Twist-Punch-(female)_Waist__converted.gif","FUNCIONAL","ABDOMINAIS"
"feminino","Russian-Twist-with-Hands-on-Chest-(female)_Waist_converted","FEMININO/FUNCIONAL/ABDOMINAIS/Russian-Twist-with-Hands-on-Chest-(female)_Waist_converted.gif","FUNCIONAL","ABDOMINAIS"
"feminino","Seated-8-Leg-Crunch-(female)_Waist__converted","FEMININO/FUNCIONAL/ABDOMINAIS/Seated-8-Leg-Crunch-(female)_Waist__converted.gif","FUNCIONAL","ABDOMINAIS"
"feminino","Seated-Back-Shift-(female)_Waist__converted","FEMININO/FUNCIONAL/ABDOMINAIS/Seated-Back-Shift-(female)_Waist__converted.gif","FUNCIONAL","ABDOMINAIS"
"feminino","Seated-Back-Twist-(female)_Waist__converted","FEMININO/FUNCIONAL/ABDOMINAIS/Seated-Back-Twist-(female)_Waist__converted.gif","FUNCIONAL","ABDOMINAIS"
"feminino","Seated-Forward-Roll-Up-on-a-Chair-(female)_Waist__converted","FEMININO/FUNCIONAL/ABDOMINAIS/Seated-Forward-Roll-Up-on-a-Chair-(female)_Waist__converted.gif","FUNCIONAL","ABDOMINAIS"
"feminino","Seated-In-Out-Leg-Raise-on-Floor-(female)_Waist_converted","FEMININO/FUNCIONAL/ABDOMINAIS/Seated-In-Out-Leg-Raise-on-Floor-(female)_Waist_converted.gif","FUNCIONAL","ABDOMINAIS"
"feminino","Seated-Sky-Gaze-(female)_Waist__converted","FEMININO/FUNCIONAL/ABDOMINAIS/Seated-Sky-Gaze-(female)_Waist__converted.gif","FUNCIONAL","ABDOMINAIS"
"geral","Side-Bridge_Waist_converted","FEMININO/FUNCIONAL/ABDOMINAIS/Side-Bridge_Waist_converted.gif","FUNCIONAL","ABDOMINAIS"
"geral","Side-Crunch_Waist-FIX__converted","FEMININO/FUNCIONAL/ABDOMINAIS/Side-Crunch_Waist-FIX__converted.gif","FUNCIONAL","ABDOMINAIS"
"feminino","Side-Lying-Side-Crunch-(female)_Waist__converted","FEMININO/FUNCIONAL/ABDOMINAIS/Side-Lying-Side-Crunch-(female)_Waist__converted.gif","FUNCIONAL","ABDOMINAIS"
"feminino","Side-Plank-(beginner)-(female)_Waist-FIX__converted","FEMININO/FUNCIONAL/ABDOMINAIS/Side-Plank-(beginner)-(female)_Waist-FIX__converted.gif","FUNCIONAL","ABDOMINAIS"
"feminino","Side-Plank-Glute-Raise-(female)_Waist__converted","FEMININO/FUNCIONAL/ABDOMINAIS/Side-Plank-Glute-Raise-(female)_Waist__converted.gif","FUNCIONAL","ABDOMINAIS"
"feminino","Side-Plank-Pull-(female)_Waist__converted","FEMININO/FUNCIONAL/ABDOMINAIS/Side-Plank-Pull-(female)_Waist__converted.gif","FUNCIONAL","ABDOMINAIS"
"feminino","Side-Plank-Raise-(female)_Waist__converted","FEMININO/FUNCIONAL/ABDOMINAIS/Side-Plank-Raise-(female)_Waist__converted.gif","FUNCIONAL","ABDOMINAIS"
"feminino","Side-Plank-Scissors-(female)_Waist__converted","FEMININO/FUNCIONAL/ABDOMINAIS/Side-Plank-Scissors-(female)_Waist__converted.gif","FUNCIONAL","ABDOMINAIS"
"feminino","Side-Slide-(female)_Waist__converted","FEMININO/FUNCIONAL/ABDOMINAIS/Side-Slide-(female)_Waist__converted.gif","FUNCIONAL","ABDOMINAIS"
"feminino","Side-Step-Hands-On-Waist-(female)_Plyometrics__converted","FEMININO/FUNCIONAL/ABDOMINAIS/Side-Step-Hands-On-Waist-(female)_Plyometrics__converted.gif","FUNCIONAL","ABDOMINAIS"
"feminino","Sideway-Turn-(female)_Waist__converted","FEMININO/FUNCIONAL/ABDOMINAIS/Sideway-Turn-(female)_Waist__converted.gif","FUNCIONAL","ABDOMINAIS"
"geral","Sideways-Lifts-Vertical-Turn-(straight-legs)_Waist_converted","FEMININO/FUNCIONAL/ABDOMINAIS/Sideways-Lifts-Vertical-Turn-(straight-legs)_Waist_converted.gif","FUNCIONAL","ABDOMINAIS"
"feminino","Single-Dead-Bug-(female)_Waist__converted","FEMININO/FUNCIONAL/ABDOMINAIS/Single-Dead-Bug-(female)_Waist__converted.gif","FUNCIONAL","ABDOMINAIS"
"feminino","Single-Starfish-Crunch-(female)_Waist__converted","FEMININO/FUNCIONAL/ABDOMINAIS/Single-Starfish-Crunch-(female)_Waist__converted.gif","FUNCIONAL","ABDOMINAIS"
"geral","Sit-Up_Waist-FIX__converted","FEMININO/FUNCIONAL/ABDOMINAIS/Sit-Up_Waist-FIX__converted.gif","FUNCIONAL","ABDOMINAIS"
"feminino","Sit-up-Stand-up-(female)_Waist__converted","FEMININO/FUNCIONAL/ABDOMINAIS/Sit-up-Stand-up-(female)_Waist__converted.gif","FUNCIONAL","ABDOMINAIS"
"feminino","Sitting-Air-Bike-on-a-Chair-(female)_Waist__converted","FEMININO/FUNCIONAL/ABDOMINAIS/Sitting-Air-Bike-on-a-Chair-(female)_Waist__converted.gif","FUNCIONAL","ABDOMINAIS"
"feminino","Sitting-Core-Tight-Rotation-(female)_Waist__converted","FEMININO/FUNCIONAL/ABDOMINAIS/Sitting-Core-Tight-Rotation-(female)_Waist__converted.gif","FUNCIONAL","ABDOMINAIS"
"feminino","Sitting-Front-Slam-on-a-Chair-(female)_Waist__converted","FEMININO/FUNCIONAL/ABDOMINAIS/Sitting-Front-Slam-on-a-Chair-(female)_Waist__converted.gif","FUNCIONAL","ABDOMINAIS"
"feminino","Sitting-Knee-Drives-on-a-Chair-(female)_Waist__converted","FEMININO/FUNCIONAL/ABDOMINAIS/Sitting-Knee-Drives-on-a-Chair-(female)_Waist__converted.gif","FUNCIONAL","ABDOMINAIS"
"feminino","Sitting-Lotus-Dynamic-Side-Stretch-(female)_Waist__converted","FEMININO/FUNCIONAL/ABDOMINAIS/Sitting-Lotus-Dynamic-Side-Stretch-(female)_Waist__converted.gif","FUNCIONAL","ABDOMINAIS"
"feminino","Sitting-Lotus-Pose-Twist-(female)_Waist__converted","FEMININO/FUNCIONAL/ABDOMINAIS/Sitting-Lotus-Pose-Twist-(female)_Waist__converted.gif","FUNCIONAL","ABDOMINAIS"
"feminino","Sitting-Opposite-Touch-on-a-Chair-(female)_Waist__converted","FEMININO/FUNCIONAL/ABDOMINAIS/Sitting-Opposite-Touch-on-a-Chair-(female)_Waist__converted.gif","FUNCIONAL","ABDOMINAIS"
"feminino","Sitting-Side-Crunch-(female)_Waist__converted","FEMININO/FUNCIONAL/ABDOMINAIS/Sitting-Side-Crunch-(female)_Waist__converted.gif","FUNCIONAL","ABDOMINAIS"
"feminino","Sitting-Toe-Touch-(female)_Waist__converted","FEMININO/FUNCIONAL/ABDOMINAIS/Sitting-Toe-Touch-(female)_Waist__converted.gif","FUNCIONAL","ABDOMINAIS"
"feminino","Sitting-Windmill-on-Chair-(female)_Waist__converted","FEMININO/FUNCIONAL/ABDOMINAIS/Sitting-Windmill-on-Chair-(female)_Waist__converted.gif","FUNCIONAL","ABDOMINAIS"
"feminino","Sitting-Windshield-Wipers-(female)_Waist__converted","FEMININO/FUNCIONAL/ABDOMINAIS/Sitting-Windshield-Wipers-(female)_Waist__converted.gif","FUNCIONAL","ABDOMINAIS"
"feminino","Sitting-Woodchopper-on-a-Chair-(female)_Waist__converted","FEMININO/FUNCIONAL/ABDOMINAIS/Sitting-Woodchopper-on-a-Chair-(female)_Waist__converted.gif","FUNCIONAL","ABDOMINAIS"
"feminino","Spine-(Lumbar)---Flexion-(female)_Waist__converted","FEMININO/FUNCIONAL/ABDOMINAIS/Spine-(Lumbar)---Flexion-(female)_Waist__converted.gif","FUNCIONAL","ABDOMINAIS"
"feminino","Standing-Ab-Twist-(female)_Waist__converted","FEMININO/FUNCIONAL/ABDOMINAIS/Standing-Ab-Twist-(female)_Waist__converted.gif","FUNCIONAL","ABDOMINAIS"
"feminino","Standing-Abdominal-Vacuum-(female)_Waist__converted","FEMININO/FUNCIONAL/ABDOMINAIS/Standing-Abdominal-Vacuum-(female)_Waist__converted.gif","FUNCIONAL","ABDOMINAIS"
"feminino","Standing-Abs-Rotation-Stretch-(female)_Waist__converted","FEMININO/FUNCIONAL/ABDOMINAIS/Standing-Abs-Rotation-Stretch-(female)_Waist__converted.gif","FUNCIONAL","ABDOMINAIS"
"feminino","Standing-Air-Bike-(female)_Waist__converted","FEMININO/FUNCIONAL/ABDOMINAIS/Standing-Air-Bike-(female)_Waist__converted.gif","FUNCIONAL","ABDOMINAIS"
"feminino","Standing-Arms-Out-Twist-(female)_Waist__converted","FEMININO/FUNCIONAL/ABDOMINAIS/Standing-Arms-Out-Twist-(female)_Waist__converted.gif","FUNCIONAL","ABDOMINAIS"
"feminino","Standing-Behind-Sky-Reach-(female)_Waist__converted","FEMININO/FUNCIONAL/ABDOMINAIS/Standing-Behind-Sky-Reach-(female)_Waist__converted.gif","FUNCIONAL","ABDOMINAIS"
"feminino","Standing-Boat-Row-(female)_Waist__converted","FEMININO/FUNCIONAL/ABDOMINAIS/Standing-Boat-Row-(female)_Waist__converted.gif","FUNCIONAL","ABDOMINAIS"
"feminino","Standing-Core-Twist-(female)_Waist__converted","FEMININO/FUNCIONAL/ABDOMINAIS/Standing-Core-Twist-(female)_Waist__converted.gif","FUNCIONAL","ABDOMINAIS"
"feminino","Standing-Side-Bend-(bent-arm)-(female)_Waist_converted","FEMININO/FUNCIONAL/ABDOMINAIS/Standing-Side-Bend-(bent-arm)-(female)_Waist_converted.gif","FUNCIONAL","ABDOMINAIS"
"feminino","Standing-Side-Bend-(female)_Waist_converted","FEMININO/FUNCIONAL/ABDOMINAIS/Standing-Side-Bend-(female)_Waist_converted.gif","FUNCIONAL","ABDOMINAIS"
"feminino","Standing-Side-Bend-(VERSION-2)-(female)_Waist__converted","FEMININO/FUNCIONAL/ABDOMINAIS/Standing-Side-Bend-(VERSION-2)-(female)_Waist__converted.gif","FUNCIONAL","ABDOMINAIS"
"feminino","Standing-Side-Crunch-(female)_Waist_converted","FEMININO/FUNCIONAL/ABDOMINAIS/Standing-Side-Crunch-(female)_Waist_converted.gif","FUNCIONAL","ABDOMINAIS"
"feminino","Standing-Side-Crunch-(VERSION-2)-(female)_Waist__converted","FEMININO/FUNCIONAL/ABDOMINAIS/Standing-Side-Crunch-(VERSION-2)-(female)_Waist__converted.gif","FUNCIONAL","ABDOMINAIS"
"feminino","Standing-Side-Crunch-Elbow-to-Knee-(female)_Waist__converted","FEMININO/FUNCIONAL/ABDOMINAIS/Standing-Side-Crunch-Elbow-to-Knee-(female)_Waist__converted.gif","FUNCIONAL","ABDOMINAIS"
"feminino","Standing-Torso-Twist-(female)_Waist__converted","FEMININO/FUNCIONAL/ABDOMINAIS/Standing-Torso-Twist-(female)_Waist__converted.gif","FUNCIONAL","ABDOMINAIS"
"feminino","Standing-Torso-Twist-Arms-Swing-(female)_Waist__converted","FEMININO/FUNCIONAL/ABDOMINAIS/Standing-Torso-Twist-Arms-Swing-(female)_Waist__converted.gif","FUNCIONAL","ABDOMINAIS"
"feminino","Standing-Twist-Stretch-(female)_Waist__converted","FEMININO/FUNCIONAL/ABDOMINAIS/Standing-Twist-Stretch-(female)_Waist__converted.gif","FUNCIONAL","ABDOMINAIS"
"feminino","Standing-Two-Side-Bend-(bent-arm)-(female)_Waist_converted","FEMININO/FUNCIONAL/ABDOMINAIS/Standing-Two-Side-Bend-(bent-arm)-(female)_Waist_converted.gif","FUNCIONAL","ABDOMINAIS"
"feminino","Standing-Two-Side-Bend-(female)_Waist_converted","FEMININO/FUNCIONAL/ABDOMINAIS/Standing-Two-Side-Bend-(female)_Waist_converted.gif","FUNCIONAL","ABDOMINAIS"
"feminino","Standing-Wheel-Rollout-(female)_Waist_converted","FEMININO/FUNCIONAL/ABDOMINAIS/Standing-Wheel-Rollout-(female)_Waist_converted.gif","FUNCIONAL","ABDOMINAIS"
"feminino","Stick-Assisted-Isometric-Core-(female)_Waist__converted","FEMININO/FUNCIONAL/ABDOMINAIS/Stick-Assisted-Isometric-Core-(female)_Waist__converted.gif","FUNCIONAL","ABDOMINAIS"
"feminino","Stick-Side-Bend-Stretch-(female)_Waist__converted","FEMININO/FUNCIONAL/ABDOMINAIS/Stick-Side-Bend-Stretch-(female)_Waist__converted.gif","FUNCIONAL","ABDOMINAIS"
"feminino","Stick-Side-to-Front-Bend-Stretch-(female)_Waist__converted","FEMININO/FUNCIONAL/ABDOMINAIS/Stick-Side-to-Front-Bend-Stretch-(female)_Waist__converted.gif","FUNCIONAL","ABDOMINAIS"
"feminino","Stick-Standing-Twist-Stretch-(female)_Waist__converted","FEMININO/FUNCIONAL/ABDOMINAIS/Stick-Standing-Twist-Stretch-(female)_Waist__converted.gif","FUNCIONAL","ABDOMINAIS"
"feminino","Straight-Leg-Sit-Up-(female)_Waist__converted","FEMININO/FUNCIONAL/ABDOMINAIS/Straight-Leg-Sit-Up-(female)_Waist__converted.gif","FUNCIONAL","ABDOMINAIS"
"feminino","Superman-(female)_Waist_converted","FEMININO/FUNCIONAL/ABDOMINAIS/Superman-(female)_Waist_converted.gif","FUNCIONAL","ABDOMINAIS"
"feminino","Tabletop-Plank-Raise-and-Reach-(female)_Waist__converted","FEMININO/FUNCIONAL/ABDOMINAIS/Tabletop-Plank-Raise-and-Reach-(female)_Waist__converted.gif","FUNCIONAL","ABDOMINAIS"
"feminino","Tilt-and-Extend-(female)_Waist__converted","FEMININO/FUNCIONAL/ABDOMINAIS/Tilt-and-Extend-(female)_Waist__converted.gif","FUNCIONAL","ABDOMINAIS"
"feminino","Twist-Crunch-Legs-Up-(female)_Waist__converted","FEMININO/FUNCIONAL/ABDOMINAIS/Twist-Crunch-Legs-Up-(female)_Waist__converted.gif","FUNCIONAL","ABDOMINAIS"
"geral","Twist-Sit-up_Waist_converted","FEMININO/FUNCIONAL/ABDOMINAIS/Twist-Sit-up_Waist_converted.gif","FUNCIONAL","ABDOMINAIS"
"geral","Twisting-Crunch-(arms-straight)_Waist_converted","FEMININO/FUNCIONAL/ABDOMINAIS/Twisting-Crunch-(arms-straight)_Waist_converted.gif","FUNCIONAL","ABDOMINAIS"
"feminino","Twisting-Crunch-(female)_Waist__converted","FEMININO/FUNCIONAL/ABDOMINAIS/Twisting-Crunch-(female)_Waist__converted.gif","FUNCIONAL","ABDOMINAIS"
"feminino","V-Hold-(beginner-level)-(female)_Waist__converted","FEMININO/FUNCIONAL/ABDOMINAIS/V-Hold-(beginner-level)-(female)_Waist__converted.gif","FUNCIONAL","ABDOMINAIS"
"geral","V-up_Waist-FIX__converted","FEMININO/FUNCIONAL/ABDOMINAIS/V-up_Waist-FIX__converted.gif","FUNCIONAL","ABDOMINAIS"
"feminino","V-up-Double-Crunch-(female)_Waist__converted 3","FEMININO/FUNCIONAL/ABDOMINAIS/V-up-Double-Crunch-(female)_Waist__converted 3.gif","FUNCIONAL","ABDOMINAIS"
"feminino","V-up-Double-Crunch-(female)_Waist__converted","FEMININO/FUNCIONAL/ABDOMINAIS/V-up-Double-Crunch-(female)_Waist__converted.gif","FUNCIONAL","ABDOMINAIS"
"feminino","V-Up-Hold-(female)_Waist__converted","FEMININO/FUNCIONAL/ABDOMINAIS/V-Up-Hold-(female)_Waist__converted.gif","FUNCIONAL","ABDOMINAIS"
"feminino","V-up-with-Clap-(female)_Waist__converted","FEMININO/FUNCIONAL/ABDOMINAIS/V-up-with-Clap-(female)_Waist__converted.gif","FUNCIONAL","ABDOMINAIS"
"feminino","Weighted-V-up-Passes-with-Pad-(female)_Waist__converted","FEMININO/FUNCIONAL/ABDOMINAIS/Weighted-V-up-Passes-with-Pad-(female)_Waist__converted.gif","FUNCIONAL","ABDOMINAIS"
"feminino","Wheel-Rollout-(female)_Waist_converted","FEMININO/FUNCIONAL/ABDOMINAIS/Wheel-Rollout-(female)_Waist_converted.gif","FUNCIONAL","ABDOMINAIS"
"feminino","Wide-Leg-Sit-Up-(female)_Waist__converted","FEMININO/FUNCIONAL/ABDOMINAIS/Wide-Leg-Sit-Up-(female)_Waist__converted.gif","FUNCIONAL","ABDOMINAIS"
"feminino","Wide-Stance-Side-Bend-(female)_Waist__converted","FEMININO/FUNCIONAL/ABDOMINAIS/Wide-Stance-Side-Bend-(female)_Waist__converted.gif","FUNCIONAL","ABDOMINAIS"
"feminino","Wide-Stance-Thoracic-Rotation-(female)_Waist__converted","FEMININO/FUNCIONAL/ABDOMINAIS/Wide-Stance-Thoracic-Rotation-(female)_Waist__converted.gif","FUNCIONAL","ABDOMINAIS"
"feminino","Wipers-(straight-leg)-(female)_Waist__converted","FEMININO/FUNCIONAL/ABDOMINAIS/Wipers-(straight-leg)-(female)_Waist__converted.gif","FUNCIONAL","ABDOMINAIS"
"feminino","Woodchops-(female)_Waist__converted","FEMININO/FUNCIONAL/ABDOMINAIS/Woodchops-(female)_Waist__converted.gif","FUNCIONAL","ABDOMINAIS"
"feminino","Abduction-Of-One-Leg-Flexion-Stretch-(female)_Hips_converted","FEMININO/FUNCIONAL/Abduction-Of-One-Leg-Flexion-Stretch-(female)_Hips_converted.gif","FUNCIONAL","FUNCIONAL"
"feminino","Above-Head-Chest-Stretch-(female)_Chest_converted","FEMININO/FUNCIONAL/Above-Head-Chest-Stretch-(female)_Chest_converted.gif","FUNCIONAL","FUNCIONAL"
"feminino","Adductor-Stretch-(female)_Hips_converted","FEMININO/FUNCIONAL/Adductor-Stretch-(female)_Hips_converted.gif","FUNCIONAL","FUNCIONAL"
"feminino","Air-Punches-March-(female)_Plyometrics__converted","FEMININO/FUNCIONAL/Air-Punches-March-(female)_Plyometrics__converted.gif","FUNCIONAL","FUNCIONAL"
"feminino","All-Fours-Squad-Stretch-(female)_Thighs_converted","FEMININO/FUNCIONAL/All-Fours-Squad-Stretch-(female)_Thighs_converted.gif","FUNCIONAL","FUNCIONAL"
"feminino","Alternate-Butt-Kick-to-Knee-Thrust-(female)_Plyome_converted 2","FEMININO/FUNCIONAL/Alternate-Butt-Kick-to-Knee-Thrust-(female)_Plyome_converted 2.gif","FUNCIONAL","FUNCIONAL"
"feminino","Alternate-Butt-Kick-to-Knee-Thrust-(female)_Plyome_converted","FEMININO/FUNCIONAL/Alternate-Butt-Kick-to-Knee-Thrust-(female)_Plyome_converted.gif","FUNCIONAL","FUNCIONAL"
"feminino","Alternate-Donkey-Kick-(female)_Hips__converted","FEMININO/FUNCIONAL/Alternate-Donkey-Kick-(female)_Hips__converted.gif","FUNCIONAL","FUNCIONAL"
"feminino","Alternate-Forward-Kick-(female)_Plyometrics__converted","FEMININO/FUNCIONAL/Alternate-Forward-Kick-(female)_Plyometrics__converted.gif","FUNCIONAL","FUNCIONAL"
"feminino","Alternate-Front-Step-Knee-Drive-(female)_Plyometri_converted 2","FEMININO/FUNCIONAL/Alternate-Front-Step-Knee-Drive-(female)_Plyometri_converted 2.gif","FUNCIONAL","FUNCIONAL"
"feminino","Alternate-Front-Step-Knee-Drive-(female)_Plyometri_converted","FEMININO/FUNCIONAL/Alternate-Front-Step-Knee-Drive-(female)_Plyometri_converted.gif","FUNCIONAL","FUNCIONAL"
"feminino","Alternate-Heel-Touch-Side-Kick-Squat-(female)_Thig_converted","FEMININO/FUNCIONAL/Alternate-Heel-Touch-Side-Kick-Squat-(female)_Thig_converted.gif","FUNCIONAL","FUNCIONAL"
"feminino","Alternate-High-Knee-Turn-Sky-Reach-(female)_Plyome_converted 2","FEMININO/FUNCIONAL/Alternate-High-Knee-Turn-Sky-Reach-(female)_Plyome_converted 2.gif","FUNCIONAL","FUNCIONAL"
"feminino","Alternate-High-Knee-Turn-Sky-Reach-(female)_Plyome_converted","FEMININO/FUNCIONAL/Alternate-High-Knee-Turn-Sky-Reach-(female)_Plyome_converted.gif","FUNCIONAL","FUNCIONAL"
"feminino","Alternate-Leg-Raise-(female)_Hips_converted","FEMININO/FUNCIONAL/Alternate-Leg-Raise-(female)_Hips_converted.gif","FUNCIONAL","FUNCIONAL"
"geral","Alternate-Leg-Raise-from-Reverse-Plank-Position-(f_converted 2","FEMININO/FUNCIONAL/Alternate-Leg-Raise-from-Reverse-Plank-Position-(f_converted 2.gif","FUNCIONAL","FUNCIONAL"
"geral","Alternate-Leg-Raise-from-Reverse-Plank-Position-(f_converted","FEMININO/FUNCIONAL/Alternate-Leg-Raise-from-Reverse-Plank-Position-(f_converted.gif","FUNCIONAL","FUNCIONAL"
"feminino","Alternate-Obliques-Pulse-Twist-Side-Reach-(female)_converted 2","FEMININO/FUNCIONAL/Alternate-Obliques-Pulse-Twist-Side-Reach-(female)_converted 2.gif","FUNCIONAL","FUNCIONAL"
"feminino","Alternating-Hamstring-Curl-Kick-(female)_Plyometri_converted 2","FEMININO/FUNCIONAL/Alternating-Hamstring-Curl-Kick-(female)_Plyometri_converted 2.gif","FUNCIONAL","FUNCIONAL"
"feminino","Assisted-Sit-Up-(female)_Waist__converted","FEMININO/FUNCIONAL/Assisted-Sit-Up-(female)_Waist__converted.gif","FUNCIONAL","FUNCIONAL"
"feminino","Back-Hugs-Chest-Stretch-(female)_Stretching__converted","FEMININO/FUNCIONAL/Back-Hugs-Chest-Stretch-(female)_Stretching__converted.gif","FUNCIONAL","FUNCIONAL"
"feminino","Back-Pec-Stretch-(female)_Back_converted","FEMININO/FUNCIONAL/Back-Pec-Stretch-(female)_Back_converted.gif","FUNCIONAL","FUNCIONAL"
"feminino","Back-Squeeze-(female)_Shoulders__converted","FEMININO/FUNCIONAL/Back-Squeeze-(female)_Shoulders__converted.gif","FUNCIONAL","FUNCIONAL"
"feminino","Battling-Ropes-(female)_converted","FEMININO/FUNCIONAL/Battling-Ropes-(female)_converted.gif","FUNCIONAL","FUNCIONAL"
"feminino","Bent-Arm-Lift-(female)_Shoulders_ 1_converted","FEMININO/FUNCIONAL/Bent-Arm-Lift-(female)_Shoulders_ 1_converted.gif","FUNCIONAL","FUNCIONAL"
"feminino","Bodyweight-Arms-Out-Squat-(female)_Thighs__converted","FEMININO/FUNCIONAL/Bodyweight-Arms-Out-Squat-(female)_Thighs__converted.gif","FUNCIONAL","FUNCIONAL"
"feminino","Bodyweight-Around-Head-Rotation-(female)_Shoulders_converted","FEMININO/FUNCIONAL/Bodyweight-Around-Head-Rotation-(female)_Shoulders_converted.gif","FUNCIONAL","FUNCIONAL"
"feminino","Bodyweight-Narrow-Squat-(female)_Thighs__converted","FEMININO/FUNCIONAL/Bodyweight-Narrow-Squat-(female)_Thighs__converted.gif","FUNCIONAL","FUNCIONAL"
"feminino","Bodyweight-Overhead-Squat-(female)_Thighs__converted","FEMININO/FUNCIONAL/Bodyweight-Overhead-Squat-(female)_Thighs__converted.gif","FUNCIONAL","FUNCIONAL"
"feminino","Bodyweight-Overhead-Triceps-Extension-(female)_Upper-Arms_converted","FEMININO/FUNCIONAL/Bodyweight-Overhead-Triceps-Extension-(female)_Upper-Arms_converted.gif","FUNCIONAL","FUNCIONAL"
"feminino","Bodyweight-Pulse-Squat-(female)_Thighs-FIX__converted","FEMININO/FUNCIONAL/Bodyweight-Pulse-Squat-(female)_Thighs-FIX__converted.gif","FUNCIONAL","FUNCIONAL"
"feminino","Bodyweight-Rear-Delt-and-Back-Raise-(female)_Back__converted","FEMININO/FUNCIONAL/Bodyweight-Rear-Delt-and-Back-Raise-(female)_Back__converted.gif","FUNCIONAL","FUNCIONAL"
"feminino","Bodyweight-Rear-Delt-Circle-(female)_Back__converted","FEMININO/FUNCIONAL/Bodyweight-Rear-Delt-Circle-(female)_Back__converted.gif","FUNCIONAL","FUNCIONAL"
"feminino","Bodyweight-Reverse-Lunge-High-Knee-(female)_Thighs_converted","FEMININO/FUNCIONAL/Bodyweight-Reverse-Lunge-High-Knee-(female)_Thighs_converted.gif","FUNCIONAL","FUNCIONAL"
"feminino","Bodyweight-Side-Lying-Leg-Adduction-(female)_Hips__converted","FEMININO/FUNCIONAL/Bodyweight-Side-Lying-Leg-Adduction-(female)_Hips__converted.gif","FUNCIONAL","FUNCIONAL"
"feminino","Bodyweight-Squat-Hold-(female)_Stretching__converted","FEMININO/FUNCIONAL/Bodyweight-Squat-Hold-(female)_Stretching__converted.gif","FUNCIONAL","FUNCIONAL"
"feminino","Bodyweight-Standing-Outer-Push-(female)_Shoulders__converted","FEMININO/FUNCIONAL/Bodyweight-Standing-Outer-Push-(female)_Shoulders__converted.gif","FUNCIONAL","FUNCIONAL"
"feminino","Bodyweight-Standing-Triple-Pec-Dec-Pulse-(female)__converted","FEMININO/FUNCIONAL/Bodyweight-Standing-Triple-Pec-Dec-Pulse-(female)__converted.gif","FUNCIONAL","FUNCIONAL"
"geral","Bodyweight-Wrist-Radial-Deviation-with-Elbow-Suppo_converted","FEMININO/FUNCIONAL/Bodyweight-Wrist-Radial-Deviation-with-Elbow-Suppo_converted.gif","FUNCIONAL","FUNCIONAL"
"geral","Bodyweight-Wrist-Ulnar-Deviation-with-Elbow-Suppor_converted","FEMININO/FUNCIONAL/Bodyweight-Wrist-Ulnar-Deviation-with-Elbow-Suppor_converted.gif","FUNCIONAL","FUNCIONAL"
"geral","Ball-Sit-up-(on-stability-ball)_waist_converted","FEMININO/FUNCIONAL/BOLA PILATES/Ball-Sit-up-(on-stability-ball)_waist_converted.gif","FUNCIONAL","BOLA PILATES"
"geral","Bent-knee-Lying-Twist-(On-Stability-Ball)_Waist-FI_converted","FEMININO/FUNCIONAL/BOLA PILATES/Bent-knee-Lying-Twist-(On-Stability-Ball)_Waist-FI_converted.gif","FUNCIONAL","BOLA PILATES"
"feminino","Cobra-Pose-on-Stability-Ball-(female)_Hips__converted","FEMININO/FUNCIONAL/BOLA PILATES/Cobra-Pose-on-Stability-Ball-(female)_Hips__converted.gif","FUNCIONAL","BOLA PILATES"
"geral","Crunch-(legs-on-stability-ball)_Waist_converted","FEMININO/FUNCIONAL/BOLA PILATES/Crunch-(legs-on-stability-ball)_Waist_converted.gif","FUNCIONAL","BOLA PILATES"
"feminino","Crunch-(on-stability-ball)-(female)_waist__converted","FEMININO/FUNCIONAL/BOLA PILATES/Crunch-(on-stability-ball)-(female)_waist__converted.gif","FUNCIONAL","BOLA PILATES"
"feminino","Dead-Bug-with-Stability-Ball-(female)_Waist__converted","FEMININO/FUNCIONAL/BOLA PILATES/Dead-Bug-with-Stability-Ball-(female)_Waist__converted.gif","FUNCIONAL","BOLA PILATES"
"geral","Exercise-Ball-Back-Extension-With-Hands-Behind-Hea_converted","FEMININO/FUNCIONAL/BOLA PILATES/Exercise-Ball-Back-Extension-With-Hands-Behind-Hea_converted.gif","FUNCIONAL","BOLA PILATES"
"geral","Exercise-Ball-One-Legged-Diagonal-Kick-Hamstring-C_converted","FEMININO/FUNCIONAL/BOLA PILATES/Exercise-Ball-One-Legged-Diagonal-Kick-Hamstring-C_converted.gif","FUNCIONAL","BOLA PILATES"
"geral","Leg-Curl-(on-stability-ball)_Thighs_converted","FEMININO/FUNCIONAL/BOLA PILATES/Leg-Curl-(on-stability-ball)_Thighs_converted.gif","FUNCIONAL","BOLA PILATES"
"geral","Lying-Hip-Lift-(on-stability-ball)_Hips-FIX__converted","FEMININO/FUNCIONAL/BOLA PILATES/Lying-Hip-Lift-(on-stability-ball)_Hips-FIX__converted.gif","FUNCIONAL","BOLA PILATES"
"feminino","Lying-Side-to-Side-Roll-on-Stability-Ball-(female)_converted","FEMININO/FUNCIONAL/BOLA PILATES/Lying-Side-to-Side-Roll-on-Stability-Ball-(female)_converted.gif","FUNCIONAL","BOLA PILATES"
"feminino","Pull-In-(on-stability-ball)-(female)_Waist__converted","FEMININO/FUNCIONAL/BOLA PILATES/Pull-In-(on-stability-ball)-(female)_Waist__converted.gif","FUNCIONAL","BOLA PILATES"
"feminino","Push-Up-(on-stability-ball)-(female)_Chest__converted","FEMININO/FUNCIONAL/BOLA PILATES/Push-Up-(on-stability-ball)-(female)_Chest__converted.gif","FUNCIONAL","BOLA PILATES"
"feminino","Roll-and-Side-Twist-on-Stabilitity-Ball-(female)_P_converted","FEMININO/FUNCIONAL/BOLA PILATES/Roll-and-Side-Twist-on-Stabilitity-Ball-(female)_P_converted.gif","FUNCIONAL","BOLA PILATES"
"feminino","Roll-Pull-and-Bend-on-Stabilitity-Ball-(female)_Wa_converted","FEMININO/FUNCIONAL/BOLA PILATES/Roll-Pull-and-Bend-on-Stabilitity-Ball-(female)_Wa_converted.gif","FUNCIONAL","BOLA PILATES"
"geral","Russian-Twist-(on-stability-ball-arms-straight)_Wa_converted","FEMININO/FUNCIONAL/BOLA PILATES/Russian-Twist-(on-stability-ball-arms-straight)_Wa_converted.gif","FUNCIONAL","BOLA PILATES"
"geral","Seated-Lumbar-Extension-Flexion-on-Stability-Ball-_converted","FEMININO/FUNCIONAL/BOLA PILATES/Seated-Lumbar-Extension-Flexion-on-Stability-Ball-_converted.gif","FUNCIONAL","BOLA PILATES"
"feminino","Single-Leg-Extension-(on-stability-ball)-(female)__converted","FEMININO/FUNCIONAL/BOLA PILATES/Single-Leg-Extension-(on-stability-ball)-(female)__converted.gif","FUNCIONAL","BOLA PILATES"
"feminino","Sitting-Knee-Extension-on-a-Stability-Ball-(female_converted","FEMININO/FUNCIONAL/BOLA PILATES/Sitting-Knee-Extension-on-a-Stability-Ball-(female_converted.gif","FUNCIONAL","BOLA PILATES"
"feminino","Sitting-Knee-Raise-on-a-Stability-Ball-(female)_Hi_converted","FEMININO/FUNCIONAL/BOLA PILATES/Sitting-Knee-Raise-on-a-Stability-Ball-(female)_Hi_converted.gif","FUNCIONAL","BOLA PILATES"
"geral","Spinal-Stretch-(on-stability-ball)_Waist-FIX__converted","FEMININO/FUNCIONAL/BOLA PILATES/Spinal-Stretch-(on-stability-ball)_Waist-FIX__converted.gif","FUNCIONAL","BOLA PILATES"
"feminino","Stability-Ball-Rollout-(female)_Hips__converted","FEMININO/FUNCIONAL/BOLA PILATES/Stability-Ball-Rollout-(female)_Hips__converted.gif","FUNCIONAL","BOLA PILATES"
"feminino","Stability-Ball-Rollout-on-Knees-(female)_Hips_converted","FEMININO/FUNCIONAL/BOLA PILATES/Stability-Ball-Rollout-on-Knees-(female)_Hips_converted.gif","FUNCIONAL","BOLA PILATES"
"feminino","Stability-Ball-Rounded-Rollout-(female)_Waist_converted","FEMININO/FUNCIONAL/BOLA PILATES/Stability-Ball-Rounded-Rollout-(female)_Waist_converted.gif","FUNCIONAL","BOLA PILATES"
"geral","Stability-Ball-Single-Leg-Squat_Thighs_converted","FEMININO/FUNCIONAL/BOLA PILATES/Stability-Ball-Single-Leg-Squat_Thighs_converted.gif","FUNCIONAL","BOLA PILATES"
"feminino","Torso-Scissors-on-Stability-Ball-(female)_Waist__converted","FEMININO/FUNCIONAL/BOLA PILATES/Torso-Scissors-on-Stability-Ball-(female)_Waist__converted.gif","FUNCIONAL","BOLA PILATES"
"feminino","V-Up-Down-(with-Stability-ball)-(female)_Waist__converted 2","FEMININO/FUNCIONAL/BOLA PILATES/V-Up-Down-(with-Stability-ball)-(female)_Waist__converted 2.gif","FUNCIONAL","BOLA PILATES"
"feminino","V-Up-Down-(with-Stability-ball)-(female)_Waist__converted","FEMININO/FUNCIONAL/BOLA PILATES/V-Up-Down-(with-Stability-ball)-(female)_Waist__converted.gif","FUNCIONAL","BOLA PILATES"
"feminino","Bouncing-Circle-Draw-(female)_Plyometrics__converted","FEMININO/FUNCIONAL/Bouncing-Circle-Draw-(female)_Plyometrics__converted.gif","FUNCIONAL","FUNCIONAL"
"feminino","Brettzel-(female)_Stretching__converted","FEMININO/FUNCIONAL/Brettzel-(female)_Stretching__converted.gif","FUNCIONAL","FUNCIONAL"
"feminino","Bridge-Alternate-Leg-Lift-(female)_Hips__converted","FEMININO/FUNCIONAL/Bridge-Alternate-Leg-Lift-(female)_Hips__converted.gif","FUNCIONAL","FUNCIONAL"
"geral","Bridge-Hip-Abduction_Hips-FIX__converted","FEMININO/FUNCIONAL/Bridge-Hip-Abduction_Hips-FIX__converted.gif","FUNCIONAL","FUNCIONAL"
"feminino","Bridge-Straight-Leg-Raise-(female)_Hips__converted","FEMININO/FUNCIONAL/Bridge-Straight-Leg-Raise-(female)_Hips__converted.gif","FUNCIONAL","FUNCIONAL"
"feminino","Bridge-Walk-Leg-Raise-(female)_Hips__converted","FEMININO/FUNCIONAL/Bridge-Walk-Leg-Raise-(female)_Hips__converted.gif","FUNCIONAL","FUNCIONAL"
"feminino","Briskly-Walking-Front-POV-(female)_converted","FEMININO/FUNCIONAL/Briskly-Walking-Front-POV-(female)_converted.gif","FUNCIONAL","FUNCIONAL"
"feminino","Briskly-Walking-Side-POV-(female)_converted","FEMININO/FUNCIONAL/Briskly-Walking-Side-POV-(female)_converted.gif","FUNCIONAL","FUNCIONAL"
"feminino","Burpee-with-Push-up-(female)_Cardio__converted","FEMININO/FUNCIONAL/Burpee-with-Push-up-(female)_Cardio__converted.gif","FUNCIONAL","FUNCIONAL"
"feminino","Butt-Kick-with-Row-(female)_Plyometrics__converted","FEMININO/FUNCIONAL/Butt-Kick-with-Row-(female)_Plyometrics__converted.gif","FUNCIONAL","FUNCIONAL"
"feminino","Butt-Kick-with-Row-(front-POV)-(female)_Plyometric_converted","FEMININO/FUNCIONAL/Butt-Kick-with-Row-(front-POV)-(female)_Plyometric_converted.gif","FUNCIONAL","FUNCIONAL"
"feminino","Butt-Kicks-(female)_Cardio_converted","FEMININO/FUNCIONAL/Butt-Kicks-(female)_Cardio_converted.gif","FUNCIONAL","FUNCIONAL"
"feminino","Butterfly-Forward-Leaning-(female)_Stretching__converted","FEMININO/FUNCIONAL/Butterfly-Forward-Leaning-(female)_Stretching__converted.gif","FUNCIONAL","FUNCIONAL"
"feminino","By-MAJOR-GROUPS-Muscle-body-(female)_UNITED_converted","FEMININO/FUNCIONAL/By-MAJOR-GROUPS-Muscle-body-(female)_UNITED_converted.gif","FUNCIONAL","FUNCIONAL"
"feminino","Calf-Raise-Clap-(female)_Plyometrics__converted","FEMININO/FUNCIONAL/Calf-Raise-Clap-(female)_Plyometrics__converted.gif","FUNCIONAL","FUNCIONAL"
"feminino","Calf-Raise-Internal-External-Arms-Rotation-(female_converted","FEMININO/FUNCIONAL/Calf-Raise-Internal-External-Arms-Rotation-(female_converted.gif","FUNCIONAL","FUNCIONAL"
"feminino","Cat-Cow-Circle-(female)_Stretching__converted","FEMININO/FUNCIONAL/Cat-Cow-Circle-(female)_Stretching__converted.gif","FUNCIONAL","FUNCIONAL"
"feminino","Cat-Cow-to-Wide-Downward-Dog-Calf-Stretch-(female)_converted","FEMININO/FUNCIONAL/Cat-Cow-to-Wide-Downward-Dog-Calf-Stretch-(female)_converted.gif","FUNCIONAL","FUNCIONAL"
"feminino","Ceiling-Look-Stretch-(female)_Thighs_converted","FEMININO/FUNCIONAL/Ceiling-Look-Stretch-(female)_Thighs_converted.gif","FUNCIONAL","FUNCIONAL"
"feminino","Chair-Squat-Calf-Rock-(female)_Calves__converted","FEMININO/FUNCIONAL/Chair-Squat-Calf-Rock-(female)_Calves__converted.gif","FUNCIONAL","FUNCIONAL"
"feminino","Chair-Squat-to-Toe-Stand-(female)_Thighs__converted","FEMININO/FUNCIONAL/Chair-Squat-to-Toe-Stand-(female)_Thighs__converted.gif","FUNCIONAL","FUNCIONAL"
"feminino","Cheerleader-Clap-Backhand-Swing-(female)_Shoulders_converted","FEMININO/FUNCIONAL/Cheerleader-Clap-Backhand-Swing-(female)_Shoulders_converted.gif","FUNCIONAL","FUNCIONAL"
"feminino","Chest-Fly-and-Press-Up-(female)_Chest__converted","FEMININO/FUNCIONAL/Chest-Fly-and-Press-Up-(female)_Chest__converted.gif","FUNCIONAL","FUNCIONAL"
"feminino","Chest-Fly-Plyo-Squat-(female)_Hips__converted","FEMININO/FUNCIONAL/Chest-Fly-Plyo-Squat-(female)_Hips__converted.gif","FUNCIONAL","FUNCIONAL"
"feminino","Chest-Fly-Side-Step-(female)_Plyometrics__converted","FEMININO/FUNCIONAL/Chest-Fly-Side-Step-(female)_Plyometrics__converted.gif","FUNCIONAL","FUNCIONAL"
"feminino","Chest-Pull-Back-(female)_Back__converted","FEMININO/FUNCIONAL/Chest-Pull-Back-(female)_Back__converted.gif","FUNCIONAL","FUNCIONAL"
"geral","Chest-Raise-and-Rotate_Shoulders__converted","FEMININO/FUNCIONAL/Chest-Raise-and-Rotate_Shoulders__converted.gif","FUNCIONAL","FUNCIONAL"
"feminino","Child-Pose-(female)_Stretching__converted","FEMININO/FUNCIONAL/Child-Pose-(female)_Stretching__converted.gif","FUNCIONAL","FUNCIONAL"
"feminino","Child-pose-Arms-Rotation-(female)_Stretching__converted","FEMININO/FUNCIONAL/Child-pose-Arms-Rotation-(female)_Stretching__converted.gif","FUNCIONAL","FUNCIONAL"
"feminino","Child-Pose-Back-Shift-(female)_Stretching__converted","FEMININO/FUNCIONAL/Child-Pose-Back-Shift-(female)_Stretching__converted.gif","FUNCIONAL","FUNCIONAL"
"feminino","Child-Pose-Cat-Cow-(female)_Stretching__converted","FEMININO/FUNCIONAL/Child-Pose-Cat-Cow-(female)_Stretching__converted.gif","FUNCIONAL","FUNCIONAL"
"feminino","Child-to-Cobra-Pose-(female)_Stretching__converted","FEMININO/FUNCIONAL/Child-to-Cobra-Pose-(female)_Stretching__converted.gif","FUNCIONAL","FUNCIONAL"
"feminino","Chin-Tuck-against-the-Wall-(female)_Neck__converted","FEMININO/FUNCIONAL/Chin-Tuck-against-the-Wall-(female)_Neck__converted.gif","FUNCIONAL","FUNCIONAL"
"feminino","Chin-Tuck-Hold-(female)_Stretching__converted","FEMININO/FUNCIONAL/Chin-Tuck-Hold-(female)_Stretching__converted.gif","FUNCIONAL","FUNCIONAL"
"feminino","Circles-Arm-(female)_Shoulders_converted","FEMININO/FUNCIONAL/Circles-Arm-(female)_Shoulders_converted.gif","FUNCIONAL","FUNCIONAL"
"feminino","Circles-Elbow-Arm-(female)_Shoulders_converted","FEMININO/FUNCIONAL/Circles-Elbow-Arm-(female)_Shoulders_converted.gif","FUNCIONAL","FUNCIONAL"
"feminino","Circles-Knee-Stretch-(female)_Calves 1_converted","FEMININO/FUNCIONAL/Circles-Knee-Stretch-(female)_Calves 1_converted.gif","FUNCIONAL","FUNCIONAL"
"feminino","Clap-Push-Up-(female)_Plyometrics__converted","FEMININO/FUNCIONAL/Clap-Push-Up-(female)_Plyometrics__converted.gif","FUNCIONAL","FUNCIONAL"
"feminino","Close-Grip-Push-up-(female)_Upper-Arms_converted","FEMININO/FUNCIONAL/Close-Grip-Push-up-(female)_Upper-Arms_converted.gif","FUNCIONAL","FUNCIONAL"
"feminino","Cobra-Pose-with-Wide-Legs-(female)_Stretching__converted","FEMININO/FUNCIONAL/Cobra-Pose-with-Wide-Legs-(female)_Stretching__converted.gif","FUNCIONAL","FUNCIONAL"
"feminino","Cobra-to-Child-Pose-(female)_Stretching__converted","FEMININO/FUNCIONAL/Cobra-to-Child-Pose-(female)_Stretching__converted.gif","FUNCIONAL","FUNCIONAL"
"geral","Control-Balance_Pilates__converted","FEMININO/FUNCIONAL/Control-Balance_Pilates__converted.gif","FUNCIONAL","FUNCIONAL"
"feminino","Corpse-Pose-Savasana-(female)_Stretching__converted","FEMININO/FUNCIONAL/Corpse-Pose-Savasana-(female)_Stretching__converted.gif","FUNCIONAL","FUNCIONAL"
"feminino","Cossack-Squats-(female)_Thighs_converted","FEMININO/FUNCIONAL/Cossack-Squats-(female)_Thighs_converted.gif","FUNCIONAL","FUNCIONAL"
"feminino","Couch-Hip-Flexor-Stretch-(female)_Stretching__converted","FEMININO/FUNCIONAL/Couch-Hip-Flexor-Stretch-(female)_Stretching__converted.gif","FUNCIONAL","FUNCIONAL"
"geral","Crab_Pilates__converted","FEMININO/FUNCIONAL/Crab_Pilates__converted.gif","FUNCIONAL","FUNCIONAL"
"feminino","Criss-Cross-Arms-Prayer-Push-(female)_Chest__converted","FEMININO/FUNCIONAL/Criss-Cross-Arms-Prayer-Push-(female)_Chest__converted.gif","FUNCIONAL","FUNCIONAL"
"feminino","Criss-Cross-Jack-(female)_Plyometrics__converted","FEMININO/FUNCIONAL/Criss-Cross-Jack-(female)_Plyometrics__converted.gif","FUNCIONAL","FUNCIONAL"
"feminino","Criss-Cross-Stepback-Hops-(female)_Plyometrics__converted","FEMININO/FUNCIONAL/Criss-Cross-Stepback-Hops-(female)_Plyometrics__converted.gif","FUNCIONAL","FUNCIONAL"
"feminino","Cross-Body-Heel-Tap-(female)_Plyometrics__converted","FEMININO/FUNCIONAL/Cross-Body-Heel-Tap-(female)_Plyometrics__converted.gif","FUNCIONAL","FUNCIONAL"
"feminino","Cross-Knee-To-Toe-Touch-(female)_Plyometrics__converted","FEMININO/FUNCIONAL/Cross-Knee-To-Toe-Touch-(female)_Plyometrics__converted.gif","FUNCIONAL","FUNCIONAL"
"feminino","Crossed-Arms-Front-Leg-Kick-(female)_Plyometrics__converted","FEMININO/FUNCIONAL/Crossed-Arms-Front-Leg-Kick-(female)_Plyometrics__converted.gif","FUNCIONAL","FUNCIONAL"
"feminino","Crossed-Legs-Hip-Stretch-(female)_Stretching__converted","FEMININO/FUNCIONAL/Crossed-Legs-Hip-Stretch-(female)_Stretching__converted.gif","FUNCIONAL","FUNCIONAL"
"feminino","Crossover-Kneeling-Hip-Flexor-Stretch-(female)_Hip_converted","FEMININO/FUNCIONAL/Crossover-Kneeling-Hip-Flexor-Stretch-(female)_Hip_converted.gif","FUNCIONAL","FUNCIONAL"
"feminino","Crossover-Kneeling-Hip-Flexor-Stretch-(female)_Hips_converted","FEMININO/FUNCIONAL/Crossover-Kneeling-Hip-Flexor-Stretch-(female)_Hips_converted.gif","FUNCIONAL","FUNCIONAL"
"feminino","Crunch---Back-(WRONG-RIGHT)-(female)__converted","FEMININO/FUNCIONAL/Crunch---Back-(WRONG-RIGHT)-(female)__converted.gif","FUNCIONAL","FUNCIONAL"
"feminino","Curtsey-Lunge-Hand-Swipes-(female)_Plyometrics__converted","FEMININO/FUNCIONAL/Curtsey-Lunge-Hand-Swipes-(female)_Plyometrics__converted.gif","FUNCIONAL","FUNCIONAL"
"feminino","Curtsey-Lunge-Knee-up-(female)_Plyometrics__converted","FEMININO/FUNCIONAL/Curtsey-Lunge-Knee-up-(female)_Plyometrics__converted.gif","FUNCIONAL","FUNCIONAL"
"feminino","Curtsey-Squat-(female)_Thighs__converted","FEMININO/FUNCIONAL/Curtsey-Squat-(female)_Thighs__converted.gif","FUNCIONAL","FUNCIONAL"
"feminino","Curtsy-Lunge-Slide-with-Towel-(female)_Hips__converted","FEMININO/FUNCIONAL/Curtsy-Lunge-Slide-with-Towel-(female)_Hips__converted.gif","FUNCIONAL","FUNCIONAL"
"feminino","Dancer-Bend-(female)_Plyometrics__converted","FEMININO/FUNCIONAL/Dancer-Bend-(female)_Plyometrics__converted.gif","FUNCIONAL","FUNCIONAL"
"feminino","Decline-Kneeling-Push-Up-on-Box-(female)_Chest__converted","FEMININO/FUNCIONAL/Decline-Kneeling-Push-Up-on-Box-(female)_Chest__converted.gif","FUNCIONAL","FUNCIONAL"
"feminino","Deep-Breathe-Flaps-Plyo-Squat-(female)_Hips__converted","FEMININO/FUNCIONAL/Deep-Breathe-Flaps-Plyo-Squat-(female)_Hips__converted.gif","FUNCIONAL","FUNCIONAL"
"feminino","Deep-Frog-Squat-(female)_Hips__converted","FEMININO/FUNCIONAL/Deep-Frog-Squat-(female)_Hips__converted.gif","FUNCIONAL","FUNCIONAL"
"feminino","Deep-Lunge-Circle-(female)_Hips__converted","FEMININO/FUNCIONAL/Deep-Lunge-Circle-(female)_Hips__converted.gif","FUNCIONAL","FUNCIONAL"
"feminino","Deep-Lunge-Dorsi-Flexion-(female)_Stretching__converted","FEMININO/FUNCIONAL/Deep-Lunge-Dorsi-Flexion-(female)_Stretching__converted.gif","FUNCIONAL","FUNCIONAL"
"feminino","Deep-Lunge-Thoraic-Stretch-(female)_Stretching__converted","FEMININO/FUNCIONAL/Deep-Lunge-Thoraic-Stretch-(female)_Stretching__converted.gif","FUNCIONAL","FUNCIONAL"
"feminino","Deep-Lunge-to-Hamstring-Stretch-(female)_Stretchin_converted","FEMININO/FUNCIONAL/Deep-Lunge-to-Hamstring-Stretch-(female)_Stretchin_converted.gif","FUNCIONAL","FUNCIONAL"
"feminino","Diagonal-Bend-Hold-(female)_Stretching__converted","FEMININO/FUNCIONAL/Diagonal-Bend-Hold-(female)_Stretching__converted.gif","FUNCIONAL","FUNCIONAL"
"feminino","Diagonal-Claps-Woodchopper-(female)_Plyometrics__converted","FEMININO/FUNCIONAL/Diagonal-Claps-Woodchopper-(female)_Plyometrics__converted.gif","FUNCIONAL","FUNCIONAL"
"feminino","Diagonal-Lunge-(female)_Plyometrics_converted","FEMININO/FUNCIONAL/Diagonal-Lunge-(female)_Plyometrics_converted.gif","FUNCIONAL","FUNCIONAL"
"feminino","Diagonal-Punch-(female)_Plyometrics__converted","FEMININO/FUNCIONAL/Diagonal-Punch-(female)_Plyometrics__converted.gif","FUNCIONAL","FUNCIONAL"
"feminino","Diagonal-Stepback-and-Reach-(female)_Plyometrics__converted","FEMININO/FUNCIONAL/Diagonal-Stepback-and-Reach-(female)_Plyometrics__converted.gif","FUNCIONAL","FUNCIONAL"
"feminino","Diamond-Push-up-(female)_Upper-Arms_converted","FEMININO/FUNCIONAL/Diamond-Push-up-(female)_Upper-Arms_converted.gif","FUNCIONAL","FUNCIONAL"
"feminino","Diamond-Push-up-(on-knees)-(female)_Upper-Arms__converted","FEMININO/FUNCIONAL/Diamond-Push-up-(on-knees)-(female)_Upper-Arms__converted.gif","FUNCIONAL","FUNCIONAL"
"feminino","Dip-Leg-Raise-a-padded-stool-Supported-(female)_Wa_converted","FEMININO/FUNCIONAL/Dip-Leg-Raise-a-padded-stool-Supported-(female)_Wa_converted.gif","FUNCIONAL","FUNCIONAL"
"feminino","Dip-on-Floor-with-Chair-(female)_Chest_converted","FEMININO/FUNCIONAL/Dip-on-Floor-with-Chair-(female)_Chest_converted.gif","FUNCIONAL","FUNCIONAL"
"feminino","Dips-between-Chairs-(female)_Chest__converted","FEMININO/FUNCIONAL/Dips-between-Chairs-(female)_Chest__converted.gif","FUNCIONAL","FUNCIONAL"
"feminino","Dolphin-Pose-(female)_Stretching__converted","FEMININO/FUNCIONAL/Dolphin-Pose-(female)_Stretching__converted.gif","FUNCIONAL","FUNCIONAL"
"feminino","Donkey-Plank-(female)_Stretching__converted","FEMININO/FUNCIONAL/Donkey-Plank-(female)_Stretching__converted.gif","FUNCIONAL","FUNCIONAL"
"feminino","Double-Diagonal-Reach-(female)_Plyometrics__converted","FEMININO/FUNCIONAL/Double-Diagonal-Reach-(female)_Plyometrics__converted.gif","FUNCIONAL","FUNCIONAL"
"feminino","Double-Elbow-Raise-and-Double-Elbow-Clap-(female)__converted","FEMININO/FUNCIONAL/Double-Elbow-Raise-and-Double-Elbow-Clap-(female)__converted.gif","FUNCIONAL","FUNCIONAL"
"feminino","Double-Knee-Elbow-Pull-Up-(female)_Plyometrics__converted","FEMININO/FUNCIONAL/Double-Knee-Elbow-Pull-Up-(female)_Plyometrics__converted.gif","FUNCIONAL","FUNCIONAL"
"feminino","Double-Knee-To-Toe-Touch-(female)_Plyometrics__converted","FEMININO/FUNCIONAL/Double-Knee-To-Toe-Touch-(female)_Plyometrics__converted.gif","FUNCIONAL","FUNCIONAL"
"feminino","Double-Lean-Back-Quadriceps-Stretch-(female)_Stret_converted","FEMININO/FUNCIONAL/Double-Lean-Back-Quadriceps-Stretch-(female)_Stret_converted.gif","FUNCIONAL","FUNCIONAL"
"geral","Double-Leg-Stretch_Pilates__converted","FEMININO/FUNCIONAL/Double-Leg-Stretch_Pilates__converted.gif","FUNCIONAL","FUNCIONAL"
"feminino","Double-Pigeon-Pose-(female)_Stretching__converted","FEMININO/FUNCIONAL/Double-Pigeon-Pose-(female)_Stretching__converted.gif","FUNCIONAL","FUNCIONAL"
"feminino","Double-Pulse-Elbow-Fly-(female)_Chest__converted","FEMININO/FUNCIONAL/Double-Pulse-Elbow-Fly-(female)_Chest__converted.gif","FUNCIONAL","FUNCIONAL"
"feminino","Double-Pulse-Squat-Kickback-(female)_Plyometrics__converted","FEMININO/FUNCIONAL/Double-Pulse-Squat-Kickback-(female)_Plyometrics__converted.gif","FUNCIONAL","FUNCIONAL"
"feminino","Double-Punch-Front-Leg-Lift-(female)_Plyometrics__converted","FEMININO/FUNCIONAL/Double-Punch-Front-Leg-Lift-(female)_Plyometrics__converted.gif","FUNCIONAL","FUNCIONAL"
"feminino","Double-Punch-Knee-Raise-(female)_Plyometrics__converted","FEMININO/FUNCIONAL/Double-Punch-Knee-Raise-(female)_Plyometrics__converted.gif","FUNCIONAL","FUNCIONAL"
"feminino","Double-Side-Step-Tricep-Kickback-(female)_Plyometr_converted","FEMININO/FUNCIONAL/Double-Side-Step-Tricep-Kickback-(female)_Plyometr_converted.gif","FUNCIONAL","FUNCIONAL"
"feminino","Double-Side-Step-Walk-(female)_Plyometrics__converted","FEMININO/FUNCIONAL/Double-Side-Step-Walk-(female)_Plyometrics__converted.gif","FUNCIONAL","FUNCIONAL"
"feminino","Downward-Dog-Hip-Circle-(female)_Stretching__converted","FEMININO/FUNCIONAL/Downward-Dog-Hip-Circle-(female)_Stretching__converted.gif","FUNCIONAL","FUNCIONAL"
"feminino","Downward-Dog-Leg-Raise-(female)_Stretching__converted","FEMININO/FUNCIONAL/Downward-Dog-Leg-Raise-(female)_Stretching__converted.gif","FUNCIONAL","FUNCIONAL"
"feminino","Downward-Dog-Squat-(female)_Stretching__converted","FEMININO/FUNCIONAL/Downward-Dog-Squat-(female)_Stretching__converted.gif","FUNCIONAL","FUNCIONAL"
"feminino","Downward-Dog-to-Chaturanga-Pose-(female)_Stretchin_converted","FEMININO/FUNCIONAL/Downward-Dog-to-Chaturanga-Pose-(female)_Stretchin_converted.gif","FUNCIONAL","FUNCIONAL"
"feminino","Downward-Facing-Dog-(female)_Stretching__converted","FEMININO/FUNCIONAL/Downward-Facing-Dog-(female)_Stretching__converted.gif","FUNCIONAL","FUNCIONAL"
"feminino","Downward-Punch-(female)_Shoulders__converted","FEMININO/FUNCIONAL/Downward-Punch-(female)_Shoulders__converted.gif","FUNCIONAL","FUNCIONAL"
"feminino","Duck-and-Side-Punch-(female)_Plyometrics__converted","FEMININO/FUNCIONAL/Duck-and-Side-Punch-(female)_Plyometrics__converted.gif","FUNCIONAL","FUNCIONAL"
"feminino","Duck-Walk-(female)_Plyometrics__converted","FEMININO/FUNCIONAL/Duck-Walk-(female)_Plyometrics__converted.gif","FUNCIONAL","FUNCIONAL"
"feminino","Dynamic-Back-Stretch-(female)_Back_converted","FEMININO/FUNCIONAL/Dynamic-Back-Stretch-(female)_Back_converted.gif","FUNCIONAL","FUNCIONAL"
"feminino","Dynamic-Butterfly-Pose-(female)_Stretching__converted","FEMININO/FUNCIONAL/Dynamic-Butterfly-Pose-(female)_Stretching__converted.gif","FUNCIONAL","FUNCIONAL"
"feminino","Dynamic-Chest-Stretch-(female)_Chest_converted","FEMININO/FUNCIONAL/Dynamic-Chest-Stretch-(female)_Chest_converted.gif","FUNCIONAL","FUNCIONAL"
"feminino","Dynamic-Half-Child-Pose-(female)_Stretching__converted","FEMININO/FUNCIONAL/Dynamic-Half-Child-Pose-(female)_Stretching__converted.gif","FUNCIONAL","FUNCIONAL"
"feminino","Eagle-Arms-(female)_Stretching__converted","FEMININO/FUNCIONAL/Eagle-Arms-(female)_Stretching__converted.gif","FUNCIONAL","FUNCIONAL"
"geral","Easy-Pose-(hands-behind-interlocked-and-bend-forwa_converted","FEMININO/FUNCIONAL/Easy-Pose-(hands-behind-interlocked-and-bend-forwa_converted.gif","FUNCIONAL","FUNCIONAL"
"feminino","Easy-Pose-(hands-on-belly-and-chest)-(female)_Stre_converted","FEMININO/FUNCIONAL/Easy-Pose-(hands-on-belly-and-chest)-(female)_Stre_converted.gif","FUNCIONAL","FUNCIONAL"
"feminino","Elbow-Lift-to-Prayer-Push-(female)_Shoulders__converted","FEMININO/FUNCIONAL/Elbow-Lift-to-Prayer-Push-(female)_Shoulders__converted.gif","FUNCIONAL","FUNCIONAL"
"feminino","Elbow-to-Elbow-(female)_Chest__converted","FEMININO/FUNCIONAL/Elbow-to-Elbow-(female)_Chest__converted.gif","FUNCIONAL","FUNCIONAL"
"feminino","Elbow-to-Knee-Side-Plank-Crunch-(female)_Wiast_converted","FEMININO/FUNCIONAL/Elbow-to-Knee-Side-Plank-Crunch-(female)_Wiast_converted.gif","FUNCIONAL","FUNCIONAL"
"feminino","Elbow-to-Knee-Side-Plank-Crunch-(left)-(female)_Wa_converted","FEMININO/FUNCIONAL/Elbow-to-Knee-Side-Plank-Crunch-(left)-(female)_Wa_converted.gif","FUNCIONAL","FUNCIONAL"
"feminino","Elbow-Touch-and-Lift-(female)_Shoulders__converted","FEMININO/FUNCIONAL/Elbow-Touch-and-Lift-(female)_Shoulders__converted.gif","FUNCIONAL","FUNCIONAL"
"feminino","Elbow-Touch-to-Outer-Throw-(female)_Chest__converted","FEMININO/FUNCIONAL/Elbow-Touch-to-Outer-Throw-(female)_Chest__converted.gif","FUNCIONAL","FUNCIONAL"
"feminino","Elbow-Up-and-Down-Dynamic-Plank-(female)_converted","FEMININO/FUNCIONAL/Elbow-Up-and-Down-Dynamic-Plank-(female)_converted.gif","FUNCIONAL","FUNCIONAL"
"feminino","Elbows-Back-Stretch-(female)_Chest_converted","FEMININO/FUNCIONAL/Elbows-Back-Stretch-(female)_Chest_converted.gif","FUNCIONAL","FUNCIONAL"
"feminino","Elevanted-Goblet-Squat-(female)_Thighs__converted","FEMININO/FUNCIONAL/Elevanted-Goblet-Squat-(female)_Thighs__converted.gif","FUNCIONAL","FUNCIONAL"
"feminino","Feet-and-Ankles-Rotation-Stretch-(female)_Calves_converted","FEMININO/FUNCIONAL/Feet-and-Ankles-Rotation-Stretch-(female)_Calves_converted.gif","FUNCIONAL","FUNCIONAL"
"feminino","Feet-and-Ankles-Side-to-Side-Stretch-(female)_Calves_converted","FEMININO/FUNCIONAL/Feet-and-Ankles-Side-to-Side-Stretch-(female)_Calves_converted.gif","FUNCIONAL","FUNCIONAL"
"feminino","Feet-and-Ankles-Stretch-(female)_Calves_converted","FEMININO/FUNCIONAL/Feet-and-Ankles-Stretch-(female)_Calves_converted.gif","FUNCIONAL","FUNCIONAL"
"feminino","Feet-Front-Tap-(female)_Plyometrics__converted","FEMININO/FUNCIONAL/Feet-Front-Tap-(female)_Plyometrics__converted.gif","FUNCIONAL","FUNCIONAL"
"feminino","Figure-8-March-(female)_Plyometrics__converted","FEMININO/FUNCIONAL/Figure-8-March-(female)_Plyometrics__converted.gif","FUNCIONAL","FUNCIONAL"
"feminino","Floor-Hyperextension-(female)_Hips-FIX_converted","FEMININO/FUNCIONAL/Floor-Hyperextension-(female)_Hips-FIX_converted.gif","FUNCIONAL","FUNCIONAL"
"feminino","Fly-Front Step-(female)_Plyometrics__converted","FEMININO/FUNCIONAL/Fly-Front Step-(female)_Plyometrics__converted.gif","FUNCIONAL","FUNCIONAL"
"feminino","Forearm-Push-Forward-(female)_Shoulders__converted","FEMININO/FUNCIONAL/Forearm-Push-Forward-(female)_Shoulders__converted.gif","FUNCIONAL","FUNCIONAL"
"feminino","Forward-Backward-Duck-Walk-(VERSION-2)-(female)_Hi_converted","FEMININO/FUNCIONAL/Forward-Backward-Duck-Walk-(VERSION-2)-(female)_Hi_converted.gif","FUNCIONAL","FUNCIONAL"
"feminino","Forward-Backward-Hop-(female)_Plyometrics__converted","FEMININO/FUNCIONAL/Forward-Backward-Hop-(female)_Plyometrics__converted.gif","FUNCIONAL","FUNCIONAL"
"feminino","Forward-Backward-Sideward-(female)_Plyometrics__converted","FEMININO/FUNCIONAL/Forward-Backward-Sideward-(female)_Plyometrics__converted.gif","FUNCIONAL","FUNCIONAL"
"feminino","Forward-Bend-Back-Stretch-(female)_Stretching__converted","FEMININO/FUNCIONAL/Forward-Bend-Back-Stretch-(female)_Stretching__converted.gif","FUNCIONAL","FUNCIONAL"
"feminino","Forward-Fold-Twist-with-Toe-Hold-(female)_Stretchi_converted","FEMININO/FUNCIONAL/Forward-Fold-Twist-with-Toe-Hold-(female)_Stretchi_converted.gif","FUNCIONAL","FUNCIONAL"
"feminino","Forward-Head-Posture-Hold-(female)_Stretching__converted","FEMININO/FUNCIONAL/Forward-Head-Posture-Hold-(female)_Stretching__converted.gif","FUNCIONAL","FUNCIONAL"
"feminino","Forward-Neck-Stretch-(female)_Neck__converted","FEMININO/FUNCIONAL/Forward-Neck-Stretch-(female)_Neck__converted.gif","FUNCIONAL","FUNCIONAL"
"feminino","Forward-Punch-Toe-Tap-(female)_Plyometrics__converted","FEMININO/FUNCIONAL/Forward-Punch-Toe-Tap-(female)_Plyometrics__converted.gif","FUNCIONAL","FUNCIONAL"
"feminino","Forward-Shoulder-Rotation-Arm-Crossover-(female)_P_converted","FEMININO/FUNCIONAL/Forward-Shoulder-Rotation-Arm-Crossover-(female)_P_converted.gif","FUNCIONAL","FUNCIONAL"
"feminino","Forward-Step-Air-Bike-(female)_Plyometrics__converted","FEMININO/FUNCIONAL/Forward-Step-Air-Bike-(female)_Plyometrics__converted.gif","FUNCIONAL","FUNCIONAL"
"feminino","Forward-Step-Front-Plank-(female)_Hips__converted","FEMININO/FUNCIONAL/Forward-Step-Front-Plank-(female)_Hips__converted.gif","FUNCIONAL","FUNCIONAL"
"feminino","Forward-Wide-Walk-(female)_Plyometrics__converted","FEMININO/FUNCIONAL/Forward-Wide-Walk-(female)_Plyometrics__converted.gif","FUNCIONAL","FUNCIONAL"
"feminino","Four-Limbed-Staff-(female)_Stretching__converted","FEMININO/FUNCIONAL/Four-Limbed-Staff-(female)_Stretching__converted.gif","FUNCIONAL","FUNCIONAL"
"feminino","Frog-Glute-Bridge-(female)_Hips__converted","FEMININO/FUNCIONAL/Frog-Glute-Bridge-(female)_Hips__converted.gif","FUNCIONAL","FUNCIONAL"
"feminino","Frog-Hip-Thrust-(female)_Hips_converted","FEMININO/FUNCIONAL/Frog-Hip-Thrust-(female)_Hips_converted.gif","FUNCIONAL","FUNCIONAL"
"feminino","Frog-Pose-with-Bolster-(female)_Stretching__converted","FEMININO/FUNCIONAL/Frog-Pose-with-Bolster-(female)_Stretching__converted.gif","FUNCIONAL","FUNCIONAL"
"feminino","Frog-Squat-(female)_Hips__converted","FEMININO/FUNCIONAL/Frog-Squat-(female)_Hips__converted.gif","FUNCIONAL","FUNCIONAL"
"feminino","Frog-Squat-into-Forward-Fold-(female)_Stretching__converted","FEMININO/FUNCIONAL/Frog-Squat-into-Forward-Fold-(female)_Stretching__converted.gif","FUNCIONAL","FUNCIONAL"
"feminino","Front-and-Side-Knee-Drive-(female)_Plyometrics__converted","FEMININO/FUNCIONAL/Front-and-Side-Knee-Drive-(female)_Plyometrics__converted.gif","FUNCIONAL","FUNCIONAL"
"feminino","Front-Crossover-Foot-Tap-(female)_Plyometrics__converted","FEMININO/FUNCIONAL/Front-Crossover-Foot-Tap-(female)_Plyometrics__converted.gif","FUNCIONAL","FUNCIONAL"
"feminino","Front-Leg-Lift-Under-Knee-Tap-(female)_Plyometrics_converted","FEMININO/FUNCIONAL/Front-Leg-Lift-Under-Knee-Tap-(female)_Plyometrics_converted.gif","FUNCIONAL","FUNCIONAL"
"feminino","Front-Plank-Side-Hop-(female)_Plyometrics__converted","FEMININO/FUNCIONAL/Front-Plank-Side-Hop-(female)_Plyometrics__converted.gif","FUNCIONAL","FUNCIONAL"
"geral","Front-Plank-with-Arm-and-Leg-Lift-(push-up-positio_converted","FEMININO/FUNCIONAL/Front-Plank-with-Arm-and-Leg-Lift-(push-up-positio_converted.gif","FUNCIONAL","FUNCIONAL"
"feminino","Front-Plank-with-Leg-Lift-(female)_Hips__converted","FEMININO/FUNCIONAL/Front-Plank-with-Leg-Lift-(female)_Hips__converted.gif","FUNCIONAL","FUNCIONAL"
"feminino","Front-Scoops-(female)_Shoulders__converted","FEMININO/FUNCIONAL/Front-Scoops-(female)_Shoulders__converted.gif","FUNCIONAL","FUNCIONAL"
"feminino","Front-Step-Criss-Cross-Arms-(female)_Plyometrics__converted","FEMININO/FUNCIONAL/Front-Step-Criss-Cross-Arms-(female)_Plyometrics__converted.gif","FUNCIONAL","FUNCIONAL"
"feminino","Front-to-Under-Knee-Clap-(female)_Plyometrics__converted","FEMININO/FUNCIONAL/Front-to-Under-Knee-Clap-(female)_Plyometrics__converted.gif","FUNCIONAL","FUNCIONAL"
"feminino","Front-Toe-Touching-(female)_converted","FEMININO/FUNCIONAL/Front-Toe-Touching-(female)_converted.gif","FUNCIONAL","FUNCIONAL"
"feminino","Garland-Pose-(female)_Stretching__converted","FEMININO/FUNCIONAL/Garland-Pose-(female)_Stretching__converted.gif","FUNCIONAL","FUNCIONAL"
"feminino","Garland-Pose-(front-POV)-(female)_Stretching__converted","FEMININO/FUNCIONAL/Garland-Pose-(front-POV)-(female)_Stretching__converted.gif","FUNCIONAL","FUNCIONAL"
"feminino","Garland-Pose-Sky-Reach-Hands-Hold-(female)_Stretch_converted","FEMININO/FUNCIONAL/Garland-Pose-Sky-Reach-Hands-Hold-(female)_Stretch_converted.gif","FUNCIONAL","FUNCIONAL"
"feminino","Gate-Openers-(advanced)-(female)_Plyometrics__converted","FEMININO/FUNCIONAL/Gate-Openers-(advanced)-(female)_Plyometrics__converted.gif","FUNCIONAL","FUNCIONAL"
"feminino","Gate-Openers-(beginner)-(female)_Plyometrics__converted","FEMININO/FUNCIONAL/Gate-Openers-(beginner)-(female)_Plyometrics__converted.gif","FUNCIONAL","FUNCIONAL"
"feminino","Gate-Rock-(advanced)-(female)_Stretching__converted","FEMININO/FUNCIONAL/Gate-Rock-(advanced)-(female)_Stretching__converted.gif","FUNCIONAL","FUNCIONAL"
"feminino","Gate-Rock-(female)_Stretching__converted","FEMININO/FUNCIONAL/Gate-Rock-(female)_Stretching__converted.gif","FUNCIONAL","FUNCIONAL"
"feminino","Glute-Bridge-and-Open-Up-(female)_Hips__converted","FEMININO/FUNCIONAL/Glute-Bridge-and-Open-Up-(female)_Hips__converted.gif","FUNCIONAL","FUNCIONAL"
"feminino","Glute-Bridge-Hip-Side-Raise-(female)_Hips__converted","FEMININO/FUNCIONAL/Glute-Bridge-Hip-Side-Raise-(female)_Hips__converted.gif","FUNCIONAL","FUNCIONAL"
"feminino","Glute-Bridge-Hold-with-Kick-(female)_Hips__converted","FEMININO/FUNCIONAL/Glute-Bridge-Hold-with-Kick-(female)_Hips__converted.gif","FUNCIONAL","FUNCIONAL"
"feminino","Glute-Bridge-March-(female)_Hips__converted","FEMININO/FUNCIONAL/Glute-Bridge-March-(female)_Hips__converted.gif","FUNCIONAL","FUNCIONAL"
"feminino","Glute-Bridge-March-(female)_Hips-FIX__converted","FEMININO/FUNCIONAL/Glute-Bridge-March-(female)_Hips-FIX__converted.gif","FUNCIONAL","FUNCIONAL"
"feminino","Glute-Bridge-One-Leg-on-Floor-(bent-knee)-(female)_converted","FEMININO/FUNCIONAL/Glute-Bridge-One-Leg-on-Floor-(bent-knee)-(female)_converted.gif","FUNCIONAL","FUNCIONAL"
"feminino","Glute-Bridge-Single-Leg-with-Chair-(female)_Hips__converted","FEMININO/FUNCIONAL/Glute-Bridge-Single-Leg-with-Chair-(female)_Hips__converted.gif","FUNCIONAL","FUNCIONAL"
"feminino","Glute-Bridge-Two-Legs-on-Floor-(female)_Hips-FIX__converted","FEMININO/FUNCIONAL/Glute-Bridge-Two-Legs-on-Floor-(female)_Hips-FIX__converted.gif","FUNCIONAL","FUNCIONAL"
"feminino","Glute-Bridge-Two-Legs-with-Chair-(female)_Hips__converted","FEMININO/FUNCIONAL/Glute-Bridge-Two-Legs-with-Chair-(female)_Hips__converted.gif","FUNCIONAL","FUNCIONAL"
"feminino","Glute-Bridge-Walk-(female)_Hips__converted","FEMININO/FUNCIONAL/Glute-Bridge-Walk-(female)_Hips__converted.gif","FUNCIONAL","FUNCIONAL"
"feminino","Glute-Ham-Raise-(VERSION-2)-(female)_Thighs__converted","FEMININO/FUNCIONAL/Glute-Ham-Raise-(VERSION-2)-(female)_Thighs__converted.gif","FUNCIONAL","FUNCIONAL"
"feminino","Good-Morning-Side-Leg-Lift-(female)_Hips__converted","FEMININO/FUNCIONAL/Good-Morning-Side-Leg-Lift-(female)_Hips__converted.gif","FUNCIONAL","FUNCIONAL"
"feminino","Half-Boat-Pose-Ardha-Navasana-(female)_Stretching__converted","FEMININO/FUNCIONAL/Half-Boat-Pose-Ardha-Navasana-(female)_Stretching__converted.gif","FUNCIONAL","FUNCIONAL"
"feminino","Half-Happy-Baby-(female)_Stretching__converted","FEMININO/FUNCIONAL/Half-Happy-Baby-(female)_Stretching__converted.gif","FUNCIONAL","FUNCIONAL"
"feminino","Half-Kneeling-Side-Lunge-(female)_Stretching__converted","FEMININO/FUNCIONAL/Half-Kneeling-Side-Lunge-(female)_Stretching__converted.gif","FUNCIONAL","FUNCIONAL"
"feminino","Half-Pigeon-Hip-Stretch-(female)_Hips__converted","FEMININO/FUNCIONAL/Half-Pigeon-Hip-Stretch-(female)_Hips__converted.gif","FUNCIONAL","FUNCIONAL"
"feminino","Half-Plyo-Squat-Core-Shift-(female)_Hips__converted","FEMININO/FUNCIONAL/Half-Plyo-Squat-Core-Shift-(female)_Hips__converted.gif","FUNCIONAL","FUNCIONAL"
"feminino","Half-Plyo-Squat-Jack-(female)_Plyometrics__converted","FEMININO/FUNCIONAL/Half-Plyo-Squat-Jack-(female)_Plyometrics__converted.gif","FUNCIONAL","FUNCIONAL"
"geral","Half-Side-Split-Lunge-Twisting-Inner-Thigh-Tap-(fe_converted","FEMININO/FUNCIONAL/Half-Side-Split-Lunge-Twisting-Inner-Thigh-Tap-(fe_converted.gif","FUNCIONAL","FUNCIONAL"
"feminino","Half-Squat-Side-Lunge-(female)_Hips__converted","FEMININO/FUNCIONAL/Half-Squat-Side-Lunge-(female)_Hips__converted.gif","FUNCIONAL","FUNCIONAL"
"feminino","Hamstring-Bridge-(female)_Hips__converted","FEMININO/FUNCIONAL/Hamstring-Bridge-(female)_Hips__converted.gif","FUNCIONAL","FUNCIONAL"
"feminino","Hamstring-Stretch-(female)_Thighs_converted","FEMININO/FUNCIONAL/Hamstring-Stretch-(female)_Thighs_converted.gif","FUNCIONAL","FUNCIONAL"
"feminino","Hamstrings-Lying-Stretch-(female)_Thighs__converted","FEMININO/FUNCIONAL/Hamstrings-Lying-Stretch-(female)_Thighs__converted.gif","FUNCIONAL","FUNCIONAL"
"feminino","Hamstrings-Lying-Stretch-(female)_Thighs-FIX__converted","FEMININO/FUNCIONAL/Hamstrings-Lying-Stretch-(female)_Thighs-FIX__converted.gif","FUNCIONAL","FUNCIONAL"
"feminino","Hand-Swipe-March-(female)_Plyometrics__converted","FEMININO/FUNCIONAL/Hand-Swipe-March-(female)_Plyometrics__converted.gif","FUNCIONAL","FUNCIONAL"
"feminino","Hand-Swipes-Side-Step-(female)_Plyometrics__converted","FEMININO/FUNCIONAL/Hand-Swipes-Side-Step-(female)_Plyometrics__converted.gif","FUNCIONAL","FUNCIONAL"
"feminino","Hand-up-Front-Step-(female)_Plyometrics__converted","FEMININO/FUNCIONAL/Hand-up-Front-Step-(female)_Plyometrics__converted.gif","FUNCIONAL","FUNCIONAL"
"feminino","Hands-Behind-Double-Superman-Pulse-(female)_Hips__converted","FEMININO/FUNCIONAL/Hands-Behind-Double-Superman-Pulse-(female)_Hips__converted.gif","FUNCIONAL","FUNCIONAL"
"feminino","Hands-Behind-Head-Chest-Squeeze-(female)_Chest__converted","FEMININO/FUNCIONAL/Hands-Behind-Head-Chest-Squeeze-(female)_Chest__converted.gif","FUNCIONAL","FUNCIONAL"
"feminino","Hands-Release-Push-up-(female)_Chest__converted","FEMININO/FUNCIONAL/Hands-Release-Push-up-(female)_Chest__converted.gif","FUNCIONAL","FUNCIONAL"
"feminino","Hands-Up-Butt-Kick-(female)_Plyometrics__converted","FEMININO/FUNCIONAL/Hands-Up-Butt-Kick-(female)_Plyometrics__converted.gif","FUNCIONAL","FUNCIONAL"
"feminino","Hands-Up-Knee-Drive-(female)_Plyometrics_ 1_converted","FEMININO/FUNCIONAL/Hands-Up-Knee-Drive-(female)_Plyometrics_ 1_converted.gif","FUNCIONAL","FUNCIONAL"
"feminino","Hands-Up-Knee-Drive-(female)_Plyometrics__converted","FEMININO/FUNCIONAL/Hands-Up-Knee-Drive-(female)_Plyometrics__converted.gif","FUNCIONAL","FUNCIONAL"
"feminino","Hands-Up-Side-Step-(female)_Plyometrics__converted","FEMININO/FUNCIONAL/Hands-Up-Side-Step-(female)_Plyometrics__converted.gif","FUNCIONAL","FUNCIONAL"
"feminino","Happy-Baby-Pose-(female)_Stretching__converted","FEMININO/FUNCIONAL/Happy-Baby-Pose-(female)_Stretching__converted.gif","FUNCIONAL","FUNCIONAL"
"feminino","Head-Full-Rotation-fPOV-(female)_Neck__converted","FEMININO/FUNCIONAL/Head-Full-Rotation-fPOV-(female)_Neck__converted.gif","FUNCIONAL","FUNCIONAL"
"feminino","Heel-Glute-Bridge-(female)_Hips__converted","FEMININO/FUNCIONAL/Heel-Glute-Bridge-(female)_Hips__converted.gif","FUNCIONAL","FUNCIONAL"
"feminino","Heel-Together-Slight-Squat-(female)_Hips__converted","FEMININO/FUNCIONAL/Heel-Together-Slight-Squat-(female)_Hips__converted.gif","FUNCIONAL","FUNCIONAL"
"feminino","High-Jump-Rope-(female)_Cardio__converted","FEMININO/FUNCIONAL/High-Jump-Rope-(female)_Cardio__converted.gif","FUNCIONAL","FUNCIONAL"
"feminino","High-Knee-Double-Twist-(female)_Plyometrics__converted","FEMININO/FUNCIONAL/High-Knee-Double-Twist-(female)_Plyometrics__converted.gif","FUNCIONAL","FUNCIONAL"
"feminino","High-Knee-Jump-Rope-(female)_Cardio__converted","FEMININO/FUNCIONAL/High-Knee-Jump-Rope-(female)_Cardio__converted.gif","FUNCIONAL","FUNCIONAL"
"feminino","High-Knee-Skips-(female)_Cardio_converted","FEMININO/FUNCIONAL/High-Knee-Skips-(female)_Cardio_converted.gif","FUNCIONAL","FUNCIONAL"
"feminino","High-Knee-Squat-(VERSION-3)-(female)_Plyometrics_converted","FEMININO/FUNCIONAL/High-Knee-Squat-(VERSION-3)-(female)_Plyometrics_converted.gif","FUNCIONAL","FUNCIONAL"
"feminino","High-Knee-Tap-(female)_Plyometrics__converted","FEMININO/FUNCIONAL/High-Knee-Tap-(female)_Plyometrics__converted.gif","FUNCIONAL","FUNCIONAL"
"feminino","High-Knee-to-Butt-Kick-(female)_Cardio__converted","FEMININO/FUNCIONAL/High-Knee-to-Butt-Kick-(female)_Cardio__converted.gif","FUNCIONAL","FUNCIONAL"
"feminino","High-Knee-Twist-(VERSION-2)-(female)_Plyometrics__converted","FEMININO/FUNCIONAL/High-Knee-Twist-(VERSION-2)-(female)_Plyometrics__converted.gif","FUNCIONAL","FUNCIONAL"
"feminino","High-Lunge-(female)_Stretching__converted","FEMININO/FUNCIONAL/High-Lunge-(female)_Stretching__converted.gif","FUNCIONAL","FUNCIONAL"
"feminino","High-Lunge-to-Hamstring-Stretch-(female)_Stretchin_converted","FEMININO/FUNCIONAL/High-Lunge-to-Hamstring-Stretch-(female)_Stretchin_converted.gif","FUNCIONAL","FUNCIONAL"
"feminino","High-Lunge-to-Warrior-I-Pose-(female)_Stretching__converted","FEMININO/FUNCIONAL/High-Lunge-to-Warrior-I-Pose-(female)_Stretching__converted.gif","FUNCIONAL","FUNCIONAL"
"feminino","Hip-Circle-Rotation-(female)_Hips__converted","FEMININO/FUNCIONAL/Hip-Circle-Rotation-(female)_Hips__converted.gif","FUNCIONAL","FUNCIONAL"
"feminino","Hip-Circles-Stretch-(female)_Hips_converted","FEMININO/FUNCIONAL/Hip-Circles-Stretch-(female)_Hips_converted.gif","FUNCIONAL","FUNCIONAL"
"geral","Hip-Extension-Stretch_Hips-FIX__converted","FEMININO/FUNCIONAL/Hip-Extension-Stretch_Hips-FIX__converted.gif","FUNCIONAL","FUNCIONAL"
"feminino","Hip-Flexor-Stretch-with-Chair-(female)_Hips__converted","FEMININO/FUNCIONAL/Hip-Flexor-Stretch-with-Chair-(female)_Hips__converted.gif","FUNCIONAL","FUNCIONAL"
"feminino","Hip-Swirls-(female)_Hips__converted","FEMININO/FUNCIONAL/Hip-Swirls-(female)_Hips__converted.gif","FUNCIONAL","FUNCIONAL"
"feminino","Hip-Thrust-Side-Step-(female)_Hips__converted","FEMININO/FUNCIONAL/Hip-Thrust-Side-Step-(female)_Hips__converted.gif","FUNCIONAL","FUNCIONAL"
"feminino","Hip-Thrusts-(Female)_Hips-FIX__converted","FEMININO/FUNCIONAL/Hip-Thrusts-(Female)_Hips-FIX__converted.gif","FUNCIONAL","FUNCIONAL"
"geral","Hip-Twist-Supported-Arms_Pilates__converted","FEMININO/FUNCIONAL/Hip-Twist-Supported-Arms_Pilates__converted.gif","FUNCIONAL","FUNCIONAL"
"geral","Hundred_Pilates_converted","FEMININO/FUNCIONAL/Hundred_Pilates_converted.gif","FUNCIONAL","FUNCIONAL"
"feminino","Hurdle-Hops-(female)_Plyometrics__converted","FEMININO/FUNCIONAL/Hurdle-Hops-(female)_Plyometrics__converted.gif","FUNCIONAL","FUNCIONAL"
"feminino","IFBB-pose-(female)__converted","FEMININO/FUNCIONAL/IFBB-pose-(female)__converted.gif","FUNCIONAL","FUNCIONAL"
"feminino","Inchworm-and-Mountain-Climbers-(female)_Plyometric_converted","FEMININO/FUNCIONAL/Inchworm-and-Mountain-Climbers-(female)_Plyometric_converted.gif","FUNCIONAL","FUNCIONAL"
"feminino","Inner-Thigh-Tap-to-Chest-Open-(female)_Plyometrics_converted","FEMININO/FUNCIONAL/Inner-Thigh-Tap-to-Chest-Open-(female)_Plyometrics_converted.gif","FUNCIONAL","FUNCIONAL"
"feminino","Intermediate-Hip-Flexor-and-Quad-Stretch-(female)_Thighs_converted","FEMININO/FUNCIONAL/Intermediate-Hip-Flexor-and-Quad-Stretch-(female)_Thighs_converted.gif","FUNCIONAL","FUNCIONAL"
"feminino","Inverse-Leg-Curl-with-Bench-Pads-(female)_Thighs__converted","FEMININO/FUNCIONAL/Inverse-Leg-Curl-with-Bench-Pads-(female)_Thighs__converted.gif","FUNCIONAL","FUNCIONAL"
"geral","Inverted-Chin-Curl-with-Bent-Knee-between-Chairs-(_converted","FEMININO/FUNCIONAL/Inverted-Chin-Curl-with-Bent-Knee-between-Chairs-(_converted.gif","FUNCIONAL","FUNCIONAL"
"feminino","Inverted-Row-between-Chairs-(female)_Back_converted","FEMININO/FUNCIONAL/Inverted-Row-between-Chairs-(female)_Back_converted.gif","FUNCIONAL","FUNCIONAL"
"feminino","Iron-Cross-Stretch-(female)_Hips-FIX__converted","FEMININO/FUNCIONAL/Iron-Cross-Stretch-(female)_Hips-FIX__converted.gif","FUNCIONAL","FUNCIONAL"
"feminino","Isometric-Hip-Flexion-and-Glute-Stretch-(female)_S_converted","FEMININO/FUNCIONAL/Isometric-Hip-Flexion-and-Glute-Stretch-(female)_S_converted.gif","FUNCIONAL","FUNCIONAL"
"feminino","Isometric-Hold-Wide-Hand-Push-up-(female)_Chest__converted","FEMININO/FUNCIONAL/Isometric-Hold-Wide-Hand-Push-up-(female)_Chest__converted.gif","FUNCIONAL","FUNCIONAL"
"feminino","Jack-Step-(female)_Plyometrics__converted","FEMININO/FUNCIONAL/Jack-Step-(female)_Plyometrics__converted.gif","FUNCIONAL","FUNCIONAL"
"geral","JackKnife_Pilates__converted","FEMININO/FUNCIONAL/JackKnife_Pilates__converted.gif","FUNCIONAL","FUNCIONAL"
"feminino","Jump-Box-(female)_Plyometrics__converted","FEMININO/FUNCIONAL/Jump-Box-(female)_Plyometrics__converted.gif","FUNCIONAL","FUNCIONAL"
"feminino","Jump-Box-(female)_Plyometrics-FIX__converted","FEMININO/FUNCIONAL/Jump-Box-(female)_Plyometrics-FIX__converted.gif","FUNCIONAL","FUNCIONAL"
"feminino","Jump-Rope-(female)_Cardio-FIX__converted","FEMININO/FUNCIONAL/Jump-Rope-(female)_Cardio-FIX__converted.gif","FUNCIONAL","FUNCIONAL"
"feminino","Jump-Squat-(female)_Thighs_converted","FEMININO/FUNCIONAL/Jump-Squat-(female)_Thighs_converted.gif","FUNCIONAL","FUNCIONAL"
"feminino","Jump-Step-Up-(female)_Cardio_converted","FEMININO/FUNCIONAL/Jump-Step-Up-(female)_Cardio_converted.gif","FUNCIONAL","FUNCIONAL"
"feminino","Jumping-Jack-(female)_Cardio_converted","FEMININO/FUNCIONAL/Jumping-Jack-(female)_Cardio_converted.gif","FUNCIONAL","FUNCIONAL"
"feminino","Jumping-Single-Leg-Lunge-(female)_Plyometrics__converted","FEMININO/FUNCIONAL/Jumping-Single-Leg-Lunge-(female)_Plyometrics__converted.gif","FUNCIONAL","FUNCIONAL"
"feminino","Knee-and-Palm-March-(female)_Plyometrics__converted","FEMININO/FUNCIONAL/Knee-and-Palm-March-(female)_Plyometrics__converted.gif","FUNCIONAL","FUNCIONAL"
"feminino","Knee-Drive-to-Leg-Lift-(female)_Plyometrics__converted","FEMININO/FUNCIONAL/Knee-Drive-to-Leg-Lift-(female)_Plyometrics__converted.gif","FUNCIONAL","FUNCIONAL"
"feminino","Knee-Hug-Glute-Stretch-(female)_Hips__converted","FEMININO/FUNCIONAL/Knee-Hug-Glute-Stretch-(female)_Hips__converted.gif","FUNCIONAL","FUNCIONAL"
"feminino","Knee-Hug-Glute-Stretch-(female)_Stretching__converted","FEMININO/FUNCIONAL/Knee-Hug-Glute-Stretch-(female)_Stretching__converted.gif","FUNCIONAL","FUNCIONAL"
"feminino","Knee-Raise-(female)_Thighs_converted","FEMININO/FUNCIONAL/Knee-Raise-(female)_Thighs_converted.gif","FUNCIONAL","FUNCIONAL"
"feminino","Knee-Raise-Jack-(female)_Plyometrics__converted","FEMININO/FUNCIONAL/Knee-Raise-Jack-(female)_Plyometrics__converted.gif","FUNCIONAL","FUNCIONAL"
"feminino","Knee-Raise-Side-Jabs-(female)_Plyometrics__converted","FEMININO/FUNCIONAL/Knee-Raise-Side-Jabs-(female)_Plyometrics__converted.gif","FUNCIONAL","FUNCIONAL"
"feminino","Knee-Raise-Step-Jack-(female)_Plyometrics__converted","FEMININO/FUNCIONAL/Knee-Raise-Step-Jack-(female)_Plyometrics__converted.gif","FUNCIONAL","FUNCIONAL"
"feminino","Knee-Raise-Torso-Twist-Punch-(female)_Plyometrics__converted","FEMININO/FUNCIONAL/Knee-Raise-Torso-Twist-Punch-(female)_Plyometrics__converted.gif","FUNCIONAL","FUNCIONAL"
"feminino","Knee-Stand-Kick-Side-Bend-(female)_Stretching__converted","FEMININO/FUNCIONAL/Knee-Stand-Kick-Side-Bend-(female)_Stretching__converted.gif","FUNCIONAL","FUNCIONAL"
"feminino","Knee-Tap-Sky-Reach-(female)_Plyometrics__converted","FEMININO/FUNCIONAL/Knee-Tap-Sky-Reach-(female)_Plyometrics__converted.gif","FUNCIONAL","FUNCIONAL"
"feminino","Knee-Thrust-(female)_Plyometrics__converted","FEMININO/FUNCIONAL/Knee-Thrust-(female)_Plyometrics__converted.gif","FUNCIONAL","FUNCIONAL"
"feminino","Knee-Thrust-Floor-Tap-(female)_Plyometrics__converted","FEMININO/FUNCIONAL/Knee-Thrust-Floor-Tap-(female)_Plyometrics__converted.gif","FUNCIONAL","FUNCIONAL"
"feminino","Knee-to-chest-Stretch-(female)_Thighs__converted","FEMININO/FUNCIONAL/Knee-to-chest-Stretch-(female)_Thighs__converted.gif","FUNCIONAL","FUNCIONAL"
"feminino","Knee-to-Chest-Stretch-(female)_Thighs-FIX__converted","FEMININO/FUNCIONAL/Knee-to-Chest-Stretch-(female)_Thighs-FIX__converted.gif","FUNCIONAL","FUNCIONAL"
"feminino","Kneeling-Adductors-Side-Stretch-(female)_Stretchin_converted","FEMININO/FUNCIONAL/Kneeling-Adductors-Side-Stretch-(female)_Stretchin_converted.gif","FUNCIONAL","FUNCIONAL"
"feminino","Kneeling-Back-Leg-Lift-Curl-(female)_Hips__converted","FEMININO/FUNCIONAL/Kneeling-Back-Leg-Lift-Curl-(female)_Hips__converted.gif","FUNCIONAL","FUNCIONAL"
"feminino","Kneeling-Backwards-Reach-(female)_Stretching__converted","FEMININO/FUNCIONAL/Kneeling-Backwards-Reach-(female)_Stretching__converted.gif","FUNCIONAL","FUNCIONAL"
"feminino","Kneeling-Cat-Cow-Diagonal-Reach-Stretch-(female)_S_converted","FEMININO/FUNCIONAL/Kneeling-Cat-Cow-Diagonal-Reach-Stretch-(female)_S_converted.gif","FUNCIONAL","FUNCIONAL"
"feminino","Kneeling-Cobra-Push-up-(female)_Chest__converted","FEMININO/FUNCIONAL/Kneeling-Cobra-Push-up-(female)_Chest__converted.gif","FUNCIONAL","FUNCIONAL"
"feminino","Kneeling-Core-Mobilization-(female)_Stretching__converted","FEMININO/FUNCIONAL/Kneeling-Core-Mobilization-(female)_Stretching__converted.gif","FUNCIONAL","FUNCIONAL"
"feminino","Kneeling-Elbow-Mobilisation-(female)_Back__converted","FEMININO/FUNCIONAL/Kneeling-Elbow-Mobilisation-(female)_Back__converted.gif","FUNCIONAL","FUNCIONAL"
"feminino","Kneeling-Elbow-Supported-Downward-Dog-(female)_Str_converted","FEMININO/FUNCIONAL/Kneeling-Elbow-Supported-Downward-Dog-(female)_Str_converted.gif","FUNCIONAL","FUNCIONAL"
"feminino","Kneeling-Elbow-to-Knee-Side-Plank-Crunch-(female)__converted","FEMININO/FUNCIONAL/Kneeling-Elbow-to-Knee-Side-Plank-Crunch-(female)__converted.gif","FUNCIONAL","FUNCIONAL"
"feminino","Kneeling-External-Rotation-(female)_Hips__converted","FEMININO/FUNCIONAL/Kneeling-External-Rotation-(female)_Hips__converted.gif","FUNCIONAL","FUNCIONAL"
"feminino","Kneeling-Fire-Hydrant-Cross-Knee-Tap-(female)_Hips_converted","FEMININO/FUNCIONAL/Kneeling-Fire-Hydrant-Cross-Knee-Tap-(female)_Hips_converted.gif","FUNCIONAL","FUNCIONAL"
"feminino","Kneeling-Fist-Circle-(female)_Stretching__converted","FEMININO/FUNCIONAL/Kneeling-Fist-Circle-(female)_Stretching__converted.gif","FUNCIONAL","FUNCIONAL"
"feminino","Kneeling-Glute-Press-(female)_Hips__converted","FEMININO/FUNCIONAL/Kneeling-Glute-Press-(female)_Hips__converted.gif","FUNCIONAL","FUNCIONAL"
"feminino","Kneeling-Hamstring-Reach-(female)_Stretching__converted","FEMININO/FUNCIONAL/Kneeling-Hamstring-Reach-(female)_Stretching__converted.gif","FUNCIONAL","FUNCIONAL"
"feminino","Kneeling-Hip-Flexor-(female)_Thighs__converted","FEMININO/FUNCIONAL/Kneeling-Hip-Flexor-(female)_Thighs__converted.gif","FUNCIONAL","FUNCIONAL"
"feminino","Kneeling-Hip-Flexor-Lift-(female)_Hips__converted","FEMININO/FUNCIONAL/Kneeling-Hip-Flexor-Lift-(female)_Hips__converted.gif","FUNCIONAL","FUNCIONAL"
"feminino","Kneeling-Hip-Flexor-Stretch-(female)_Hips__converted","FEMININO/FUNCIONAL/Kneeling-Hip-Flexor-Stretch-(female)_Hips__converted.gif","FUNCIONAL","FUNCIONAL"
"geral","Kneeling-Hip-Opener-into-Forward-Lunge-and-Hamstri_converted","FEMININO/FUNCIONAL/Kneeling-Hip-Opener-into-Forward-Lunge-and-Hamstri_converted.gif","FUNCIONAL","FUNCIONAL"
"feminino","Kneeling-Hip-Thrust-(female)_Hips_converted","FEMININO/FUNCIONAL/Kneeling-Hip-Thrust-(female)_Hips_converted.gif","FUNCIONAL","FUNCIONAL"
"feminino","Kneeling-Hold-to-Stand-(female)_Thighs__converted","FEMININO/FUNCIONAL/Kneeling-Hold-to-Stand-(female)_Thighs__converted.gif","FUNCIONAL","FUNCIONAL"
"feminino","Kneeling-Lat-Stretch-(female)_Back_converted","FEMININO/FUNCIONAL/Kneeling-Lat-Stretch-(female)_Back_converted.gif","FUNCIONAL","FUNCIONAL"
"feminino","Kneeling-Lateral-Lunge-(female)_Stretching__converted","FEMININO/FUNCIONAL/Kneeling-Lateral-Lunge-(female)_Stretching__converted.gif","FUNCIONAL","FUNCIONAL"
"feminino","Kneeling-Leg-Circle-(female)_Hips__converted","FEMININO/FUNCIONAL/Kneeling-Leg-Circle-(female)_Hips__converted.gif","FUNCIONAL","FUNCIONAL"
"feminino","Kneeling-Leg-Out-Side-Walk-(female)_Stretching__converted","FEMININO/FUNCIONAL/Kneeling-Leg-Out-Side-Walk-(female)_Stretching__converted.gif","FUNCIONAL","FUNCIONAL"
"feminino","Kneeling-Leg-Out-Twist-Reach-(female)_Stretching__converted","FEMININO/FUNCIONAL/Kneeling-Leg-Out-Twist-Reach-(female)_Stretching__converted.gif","FUNCIONAL","FUNCIONAL"
"feminino","Kneeling-Leg-Raise-(female)_Hips__converted","FEMININO/FUNCIONAL/Kneeling-Leg-Raise-(female)_Hips__converted.gif","FUNCIONAL","FUNCIONAL"
"feminino","Kneeling-Medial-Hamstring-Groin-Reach-(female)_Str_converted","FEMININO/FUNCIONAL/Kneeling-Medial-Hamstring-Groin-Reach-(female)_Str_converted.gif","FUNCIONAL","FUNCIONAL"
"geral","Kneeling-Pulse_Hips_converted","FEMININO/FUNCIONAL/Kneeling-Pulse_Hips_converted.gif","FUNCIONAL","FUNCIONAL"
"feminino","Kneeling-Push-up-to-Child-Pose-(female)_Chest_converted","FEMININO/FUNCIONAL/Kneeling-Push-up-to-Child-Pose-(female)_Chest_converted.gif","FUNCIONAL","FUNCIONAL"
"feminino","Kneeling-Push-Up-to-Hovering-Table-Top-(female)_Ch_converted","FEMININO/FUNCIONAL/Kneeling-Push-Up-to-Hovering-Table-Top-(female)_Ch_converted.gif","FUNCIONAL","FUNCIONAL"
"feminino","Kneeling-Quadriceps-Stretch-(female)_Stretching__converted","FEMININO/FUNCIONAL/Kneeling-Quadriceps-Stretch-(female)_Stretching__converted.gif","FUNCIONAL","FUNCIONAL"
"geral","Kneeling-Rotation-Torso-Alternate-Row-to-Thread-Th_converted","FEMININO/FUNCIONAL/Kneeling-Rotation-Torso-Alternate-Row-to-Thread-Th_converted.gif","FUNCIONAL","FUNCIONAL"
"geral","Kneeling-Rotation-Torso-Rear-Fly-to-Thread-Through_converted","FEMININO/FUNCIONAL/Kneeling-Rotation-Torso-Rear-Fly-to-Thread-Through_converted.gif","FUNCIONAL","FUNCIONAL"
"feminino","Kneeling-Shoulder-Tap-Push-up-(female)_Plyometrics_converted","FEMININO/FUNCIONAL/Kneeling-Shoulder-Tap-Push-up-(female)_Plyometrics_converted.gif","FUNCIONAL","FUNCIONAL"
"feminino","Kneeling-Side-Leg-Circle-(female)_Hips__converted","FEMININO/FUNCIONAL/Kneeling-Side-Leg-Circle-(female)_Hips__converted.gif","FUNCIONAL","FUNCIONAL"
"feminino","Kneeling-Single-Hamstring-Curl-(female)_Thighs__converted","FEMININO/FUNCIONAL/Kneeling-Single-Hamstring-Curl-(female)_Thighs__converted.gif","FUNCIONAL","FUNCIONAL"
"feminino","Kneeling-Single-Kickback-Fire-Hydrant-(female)_Hip_converted","FEMININO/FUNCIONAL/Kneeling-Single-Kickback-Fire-Hydrant-(female)_Hip_converted.gif","FUNCIONAL","FUNCIONAL"
"feminino","Kneeling-Single-Slow-Kickback-(female)_Hips__converted","FEMININO/FUNCIONAL/Kneeling-Single-Slow-Kickback-(female)_Hips__converted.gif","FUNCIONAL","FUNCIONAL"
"feminino","Kneeling-Staggered-Push-up-(female)_Chest__converted","FEMININO/FUNCIONAL/Kneeling-Staggered-Push-up-(female)_Chest__converted.gif","FUNCIONAL","FUNCIONAL"
"feminino","Kneeling-Straight-Leg-Circle-(female)_Hips__converted","FEMININO/FUNCIONAL/Kneeling-Straight-Leg-Circle-(female)_Hips__converted.gif","FUNCIONAL","FUNCIONAL"
"geral","Kneeling-Straight-Leg-Kickback-(VERSION-2)-(left)__converted","FEMININO/FUNCIONAL/Kneeling-Straight-Leg-Kickback-(VERSION-2)-(left)__converted.gif","FUNCIONAL","FUNCIONAL"
"feminino","Kneeling-Straight-Leg-Side-Kick-(female)_Hips__converted","FEMININO/FUNCIONAL/Kneeling-Straight-Leg-Side-Kick-(female)_Hips__converted.gif","FUNCIONAL","FUNCIONAL"
"feminino","Kneeling-Straight-Leg-Side-Slide-with-Towel-(femal_converted","FEMININO/FUNCIONAL/Kneeling-Straight-Leg-Side-Slide-with-Towel-(femal_converted.gif","FUNCIONAL","FUNCIONAL"
"feminino","Kneeling-Thoracic-Rotation-(female)_Stretching__converted","FEMININO/FUNCIONAL/Kneeling-Thoracic-Rotation-(female)_Stretching__converted.gif","FUNCIONAL","FUNCIONAL"
"geral","Kneeling-Torso-Rotation-Chest-and-Shoulder-Stretch_converted","FEMININO/FUNCIONAL/Kneeling-Torso-Rotation-Chest-and-Shoulder-Stretch_converted.gif","FUNCIONAL","FUNCIONAL"
"feminino","Kneeling-Upper-Back-Rotation-(female)_Back__converted","FEMININO/FUNCIONAL/Kneeling-Upper-Back-Rotation-(female)_Back__converted.gif","FUNCIONAL","FUNCIONAL"
"feminino","Kneeling-Wrist-Flexor-Stretch-(female)_Forearms__converted","FEMININO/FUNCIONAL/Kneeling-Wrist-Flexor-Stretch-(female)_Forearms__converted.gif","FUNCIONAL","FUNCIONAL"
"feminino","Lat-Stretch-against-Wall-(female)_Stretching__converted","FEMININO/FUNCIONAL/Lat-Stretch-against-Wall-(female)_Stretching__converted.gif","FUNCIONAL","FUNCIONAL"
"feminino","Lat-Stretch-with-Chair-(female)_Back__converted","FEMININO/FUNCIONAL/Lat-Stretch-with-Chair-(female)_Back__converted.gif","FUNCIONAL","FUNCIONAL"
"feminino","Lateral-Raise-(Bent-Arms)-(female)_Shoulders__converted","FEMININO/FUNCIONAL/Lateral-Raise-(Bent-Arms)-(female)_Shoulders__converted.gif","FUNCIONAL","FUNCIONAL"
"feminino","Lateral-Raise-Side-Step-(female)_Plyometrics__converted","FEMININO/FUNCIONAL/Lateral-Raise-Side-Step-(female)_Plyometrics__converted.gif","FUNCIONAL","FUNCIONAL"
"feminino","Lateral-Shuffle-Crunches-(female)_Plyometrics__converted","FEMININO/FUNCIONAL/Lateral-Shuffle-Crunches-(female)_Plyometrics__converted.gif","FUNCIONAL","FUNCIONAL"
"feminino","Lateral-Swing-and-Knee-Raise(female)_Plyometrics__converted","FEMININO/FUNCIONAL/Lateral-Swing-and-Knee-Raise(female)_Plyometrics__converted.gif","FUNCIONAL","FUNCIONAL"
"feminino","Lateral-Tap-in-Squat-Position-(front-POV)-(female)_converted","FEMININO/FUNCIONAL/Lateral-Tap-in-Squat-Position-(front-POV)-(female)_converted.gif","FUNCIONAL","FUNCIONAL"
"feminino","Lay-Down-Push-Up-(female)_Chest__converted","FEMININO/FUNCIONAL/Lay-Down-Push-Up-(female)_Chest__converted.gif","FUNCIONAL","FUNCIONAL"
"feminino","Lean-Forward-Stretch-(female)_Hips__converted","FEMININO/FUNCIONAL/Lean-Forward-Stretch-(female)_Hips__converted.gif","FUNCIONAL","FUNCIONAL"
"feminino","Leg-Extension-Glute-Bridge-(female)_Hips__converted","FEMININO/FUNCIONAL/Leg-Extension-Glute-Bridge-(female)_Hips__converted.gif","FUNCIONAL","FUNCIONAL"
"feminino","Leg-Front-Lift-Jack-(female)_Plyometrics__converted","FEMININO/FUNCIONAL/Leg-Front-Lift-Jack-(female)_Plyometrics__converted.gif","FUNCIONAL","FUNCIONAL"
"feminino","Leg-Over-Head-Calve-Stretch-(female)_Stretching__converted","FEMININO/FUNCIONAL/Leg-Over-Head-Calve-Stretch-(female)_Stretching__converted.gif","FUNCIONAL","FUNCIONAL"
"geral","Leg-Pull-Side_Pilates__converted","FEMININO/FUNCIONAL/Leg-Pull-Side_Pilates__converted.gif","FUNCIONAL","FUNCIONAL"
"feminino","Leg-Raise-Above-Head-and-Under-Knee-Clap-(female)__converted 2","FEMININO/FUNCIONAL/Leg-Raise-Above-Head-and-Under-Knee-Clap-(female)__converted 2.gif","FUNCIONAL","FUNCIONAL"
"feminino","Leg-Raise-Above-Head-and-Under-Knee-Clap-(female)__converted","FEMININO/FUNCIONAL/Leg-Raise-Above-Head-and-Under-Knee-Clap-(female)__converted.gif","FUNCIONAL","FUNCIONAL"
"geral","Leg-Stretched-Open-Toes-Together-Knees-Together-(f_converted 2","FEMININO/FUNCIONAL/Leg-Stretched-Open-Toes-Together-Knees-Together-(f_converted 2.gif","FUNCIONAL","FUNCIONAL"
"geral","Leg-Stretched-Open-Toes-Together-Knees-Together-(f_converted","FEMININO/FUNCIONAL/Leg-Stretched-Open-Toes-Together-Knees-Together-(f_converted.gif","FUNCIONAL","FUNCIONAL"
"feminino","Leg-Under-and-Above-Shoulders-Bridge-Pose-(female)_converted 2","FEMININO/FUNCIONAL/Leg-Under-and-Above-Shoulders-Bridge-Pose-(female)_converted 2.gif","FUNCIONAL","FUNCIONAL"
"feminino","Leg-Under-and-Above-Shoulders-Bridge-Pose-(female)_converted","FEMININO/FUNCIONAL/Leg-Under-and-Above-Shoulders-Bridge-Pose-(female)_converted.gif","FUNCIONAL","FUNCIONAL"
"feminino","Glute-Bridge-Roll-(female)_Hips__converted","FEMININO/FUNCIONAL/LIBERAÇÃO MIOFASCIAL/Glute-Bridge-Roll-(female)_Hips__converted.gif","FUNCIONAL","LIBERAÇÃO MIOFASCIAL"
"feminino","Roll-Around-the-World-Lying-on-Floor-(female)_Back_converted","FEMININO/FUNCIONAL/LIBERAÇÃO MIOFASCIAL/Roll-Around-the-World-Lying-on-Floor-(female)_Back_converted.gif","FUNCIONAL","LIBERAÇÃO MIOFASCIAL"
"geral","Roll-Ball-Lying-Semisplinalis-Capitis-Muscle-Activ_converted","FEMININO/FUNCIONAL/LIBERAÇÃO MIOFASCIAL/Roll-Ball-Lying-Semisplinalis-Capitis-Muscle-Activ_converted.gif","FUNCIONAL","LIBERAÇÃO MIOFASCIAL"
"geral","Roll-Ball-Posterior-Tibialis-(Single-Leg)-Side-Lyi_converted","FEMININO/FUNCIONAL/LIBERAÇÃO MIOFASCIAL/Roll-Ball-Posterior-Tibialis-(Single-Leg)-Side-Lyi_converted.gif","FUNCIONAL","LIBERAÇÃO MIOFASCIAL"
"geral","Roll-Ball-Side-Lying-Scalene-Muscles-Activation-(f_converted","FEMININO/FUNCIONAL/LIBERAÇÃO MIOFASCIAL/Roll-Ball-Side-Lying-Scalene-Muscles-Activation-(f_converted.gif","FUNCIONAL","LIBERAÇÃO MIOFASCIAL"
"geral","Roll-Ball-Side-Lying-Scalene-Muscles-Activation-(s_converted","FEMININO/FUNCIONAL/LIBERAÇÃO MIOFASCIAL/Roll-Ball-Side-Lying-Scalene-Muscles-Activation-(s_converted.gif","FUNCIONAL","LIBERAÇÃO MIOFASCIAL"
"feminino","Roll-Biceps-Lying-on-Floor-(female)_Upper-Arms__converted","FEMININO/FUNCIONAL/LIBERAÇÃO MIOFASCIAL/Roll-Biceps-Lying-on-Floor-(female)_Upper-Arms__converted.gif","FUNCIONAL","LIBERAÇÃO MIOFASCIAL"
"feminino","Roll-Calves-(female)_Calves__converted","FEMININO/FUNCIONAL/LIBERAÇÃO MIOFASCIAL/Roll-Calves-(female)_Calves__converted.gif","FUNCIONAL","LIBERAÇÃO MIOFASCIAL"
"feminino","Roll-Calves-(Single-Leg)-(female)_Calves__converted","FEMININO/FUNCIONAL/LIBERAÇÃO MIOFASCIAL/Roll-Calves-(Single-Leg)-(female)_Calves__converted.gif","FUNCIONAL","LIBERAÇÃO MIOFASCIAL"
"feminino","Roll-Chest-Lying-on-Floor-(female)_Chest__converted","FEMININO/FUNCIONAL/LIBERAÇÃO MIOFASCIAL/Roll-Chest-Lying-on-Floor-(female)_Chest__converted.gif","FUNCIONAL","LIBERAÇÃO MIOFASCIAL"
"feminino","Roll-Chest-Opener-Lying-on-Floor-(female)_Chest__converted","FEMININO/FUNCIONAL/LIBERAÇÃO MIOFASCIAL/Roll-Chest-Opener-Lying-on-Floor-(female)_Chest__converted.gif","FUNCIONAL","LIBERAÇÃO MIOFASCIAL"
"feminino","Roll-Erector-Spinae-Lying-on-Floor-(female)_Hips__converted","FEMININO/FUNCIONAL/LIBERAÇÃO MIOFASCIAL/Roll-Erector-Spinae-Lying-on-Floor-(female)_Hips__converted.gif","FUNCIONAL","LIBERAÇÃO MIOFASCIAL"
"feminino","Roll-Foot-(female)_Feet__converted","FEMININO/FUNCIONAL/LIBERAÇÃO MIOFASCIAL/Roll-Foot-(female)_Feet__converted.gif","FUNCIONAL","LIBERAÇÃO MIOFASCIAL"
"geral","Roll-Front-Shoulder-and-Chest-Lying-on-Floor-(fema_converted","FEMININO/FUNCIONAL/LIBERAÇÃO MIOFASCIAL/Roll-Front-Shoulder-and-Chest-Lying-on-Floor-(fema_converted.gif","FUNCIONAL","LIBERAÇÃO MIOFASCIAL"
"feminino","Roll-Glute-Twist-Lying-on-Floor-(female)_Hips__converted","FEMININO/FUNCIONAL/LIBERAÇÃO MIOFASCIAL/Roll-Glute-Twist-Lying-on-Floor-(female)_Hips__converted.gif","FUNCIONAL","LIBERAÇÃO MIOFASCIAL"
"feminino","Roll-Glutes-Sitting-on-Floor-(female)_Hips__converted","FEMININO/FUNCIONAL/LIBERAÇÃO MIOFASCIAL/Roll-Glutes-Sitting-on-Floor-(female)_Hips__converted.gif","FUNCIONAL","LIBERAÇÃO MIOFASCIAL"
"feminino","Roll-Hamstrings-and-Glute-Sitting-on-Floor-(female_converted","FEMININO/FUNCIONAL/LIBERAÇÃO MIOFASCIAL/Roll-Hamstrings-and-Glute-Sitting-on-Floor-(female_converted.gif","FUNCIONAL","LIBERAÇÃO MIOFASCIAL"
"feminino","Roll-Hamstrings-Sitting-on-Floor-(female)_Thighs__converted","FEMININO/FUNCIONAL/LIBERAÇÃO MIOFASCIAL/Roll-Hamstrings-Sitting-on-Floor-(female)_Thighs__converted.gif","FUNCIONAL","LIBERAÇÃO MIOFASCIAL"
"feminino","Roll-Hip-Stretch-(female)_Hips__converted","FEMININO/FUNCIONAL/LIBERAÇÃO MIOFASCIAL/Roll-Hip-Stretch-(female)_Hips__converted.gif","FUNCIONAL","LIBERAÇÃO MIOFASCIAL"
"feminino","Roll-Hip-Thrust-(female)_Hips__converted","FEMININO/FUNCIONAL/LIBERAÇÃO MIOFASCIAL/Roll-Hip-Thrust-(female)_Hips__converted.gif","FUNCIONAL","LIBERAÇÃO MIOFASCIAL"
"feminino","Roll-Kneeling-Upper-Back-Rotation-(female)_Back__converted","FEMININO/FUNCIONAL/LIBERAÇÃO MIOFASCIAL/Roll-Kneeling-Upper-Back-Rotation-(female)_Back__converted.gif","FUNCIONAL","LIBERAÇÃO MIOFASCIAL"
"feminino","Roll-Lower-Back-(Side)-Lying-on-Floor-(female)_Bac_converted","FEMININO/FUNCIONAL/LIBERAÇÃO MIOFASCIAL/Roll-Lower-Back-(Side)-Lying-on-Floor-(female)_Bac_converted.gif","FUNCIONAL","LIBERAÇÃO MIOFASCIAL"
"feminino","Roll-Middle-Back-Lying-on-Floor-(female)_Back__converted","FEMININO/FUNCIONAL/LIBERAÇÃO MIOFASCIAL/Roll-Middle-Back-Lying-on-Floor-(female)_Back__converted.gif","FUNCIONAL","LIBERAÇÃO MIOFASCIAL"
"feminino","Roll-Neck-Decompress-Lying-on-Floor-(female)_Neck__converted","FEMININO/FUNCIONAL/LIBERAÇÃO MIOFASCIAL/Roll-Neck-Decompress-Lying-on-Floor-(female)_Neck__converted.gif","FUNCIONAL","LIBERAÇÃO MIOFASCIAL"
"feminino","Roll-Neck-Rotation-Lying-on-Floor-(female)_Neck__converted","FEMININO/FUNCIONAL/LIBERAÇÃO MIOFASCIAL/Roll-Neck-Rotation-Lying-on-Floor-(female)_Neck__converted.gif","FUNCIONAL","LIBERAÇÃO MIOFASCIAL"
"geral","Roll-Peroneal-(Single-Leg)-Side-Lying-on-Floor-(fe_converted","FEMININO/FUNCIONAL/LIBERAÇÃO MIOFASCIAL/Roll-Peroneal-(Single-Leg)-Side-Lying-on-Floor-(fe_converted.gif","FUNCIONAL","LIBERAÇÃO MIOFASCIAL"
"feminino","Roll-Peroneal-Side-Lying-on-Floor-(female)_Calves__converted","FEMININO/FUNCIONAL/LIBERAÇÃO MIOFASCIAL/Roll-Peroneal-Side-Lying-on-Floor-(female)_Calves__converted.gif","FUNCIONAL","LIBERAÇÃO MIOFASCIAL"
"feminino","Roll-Pigeon-Stretch-(female)_Hips__converted","FEMININO/FUNCIONAL/LIBERAÇÃO MIOFASCIAL/Roll-Pigeon-Stretch-(female)_Hips__converted.gif","FUNCIONAL","LIBERAÇÃO MIOFASCIAL"
"feminino","Roll-Posterior-Shoulder-Lying-on-Floor-(female)_Sh_converted","FEMININO/FUNCIONAL/LIBERAÇÃO MIOFASCIAL/Roll-Posterior-Shoulder-Lying-on-Floor-(female)_Sh_converted.gif","FUNCIONAL","LIBERAÇÃO MIOFASCIAL"
"geral","Roll-Quadriceps-(Vastus-Lateralis)-Lying-on-Floor-_converted","FEMININO/FUNCIONAL/LIBERAÇÃO MIOFASCIAL/Roll-Quadriceps-(Vastus-Lateralis)-Lying-on-Floor-_converted.gif","FUNCIONAL","LIBERAÇÃO MIOFASCIAL"
"feminino","Roll-Rectus-Femoris-(female)_Thighs__converted","FEMININO/FUNCIONAL/LIBERAÇÃO MIOFASCIAL/Roll-Rectus-Femoris-(female)_Thighs__converted.gif","FUNCIONAL","LIBERAÇÃO MIOFASCIAL"
"geral","Roll-Recumbent-Hip-External-Rotator-and-Hip-Extens 11.40.53_converted","FEMININO/FUNCIONAL/LIBERAÇÃO MIOFASCIAL/Roll-Recumbent-Hip-External-Rotator-and-Hip-Extens 11.40.53_converted.gif","FUNCIONAL","LIBERAÇÃO MIOFASCIAL"
"geral","Roll-Recumbent-Hip-External-Rotator-and-Hip-Extens_converted","FEMININO/FUNCIONAL/LIBERAÇÃO MIOFASCIAL/Roll-Recumbent-Hip-External-Rotator-and-Hip-Extens_converted.gif","FUNCIONAL","LIBERAÇÃO MIOFASCIAL"
"feminino","Roll-Rhomboids-(female)_Back__converted","FEMININO/FUNCIONAL/LIBERAÇÃO MIOFASCIAL/Roll-Rhomboids-(female)_Back__converted.gif","FUNCIONAL","LIBERAÇÃO MIOFASCIAL"
"feminino","Roll-Shoulder-Back-Rotation-Lying-on-Floor-(female_converted","FEMININO/FUNCIONAL/LIBERAÇÃO MIOFASCIAL/Roll-Shoulder-Back-Rotation-Lying-on-Floor-(female_converted.gif","FUNCIONAL","LIBERAÇÃO MIOFASCIAL"
"feminino","Roll-Shoulder-Blade-Reach-Lying-on-Floor-(female)__converted","FEMININO/FUNCIONAL/LIBERAÇÃO MIOFASCIAL/Roll-Shoulder-Blade-Reach-Lying-on-Floor-(female)__converted.gif","FUNCIONAL","LIBERAÇÃO MIOFASCIAL"
"feminino","Roll-Thoracic-Spine-Lying-on-Floor-(female)_Back__converted","FEMININO/FUNCIONAL/LIBERAÇÃO MIOFASCIAL/Roll-Thoracic-Spine-Lying-on-Floor-(female)_Back__converted.gif","FUNCIONAL","LIBERAÇÃO MIOFASCIAL"
"feminino","Roll-Tibialis-Anterior-(female)_Calves__converted","FEMININO/FUNCIONAL/LIBERAÇÃO MIOFASCIAL/Roll-Tibialis-Anterior-(female)_Calves__converted.gif","FUNCIONAL","LIBERAÇÃO MIOFASCIAL"
"geral","Roll-Tibialis-Anterior-(Single-Leg)-Lying-on-Floor 11.40.53_converted","FEMININO/FUNCIONAL/LIBERAÇÃO MIOFASCIAL/Roll-Tibialis-Anterior-(Single-Leg)-Lying-on-Floor 11.40.53_converted.gif","FUNCIONAL","LIBERAÇÃO MIOFASCIAL"
"geral","Roll-Tibialis-Anterior-(Single-Leg)-Lying-on-Floor_converted","FEMININO/FUNCIONAL/LIBERAÇÃO MIOFASCIAL/Roll-Tibialis-Anterior-(Single-Leg)-Lying-on-Floor_converted.gif","FUNCIONAL","LIBERAÇÃO MIOFASCIAL"
"feminino","Roll-Triceps-Side-Lying-on-Floor-(female)_Upper-Ar_converted","FEMININO/FUNCIONAL/LIBERAÇÃO MIOFASCIAL/Roll-Triceps-Side-Lying-on-Floor-(female)_Upper-Ar_converted.gif","FUNCIONAL","LIBERAÇÃO MIOFASCIAL"
"feminino","Lizard-Lunge-(beginner)-(female)_Stretching__converted","FEMININO/FUNCIONAL/Lizard-Lunge-(beginner)-(female)_Stretching__converted.gif","FUNCIONAL","FUNCIONAL"
"feminino","Lizard-Pose-(female)_Stretching__converted","FEMININO/FUNCIONAL/Lizard-Pose-(female)_Stretching__converted.gif","FUNCIONAL","FUNCIONAL"
"feminino","Locust-Pose-(female)_Stretching_ 1_converted","FEMININO/FUNCIONAL/Locust-Pose-(female)_Stretching_ 1_converted.gif","FUNCIONAL","FUNCIONAL"
"feminino","Locust-Pose-(female)_Stretching__converted","FEMININO/FUNCIONAL/Locust-Pose-(female)_Stretching__converted.gif","FUNCIONAL","FUNCIONAL"
"feminino","Long-Distance-Running-(female)_Cardio__converted","FEMININO/FUNCIONAL/Long-Distance-Running-(female)_Cardio__converted.gif","FUNCIONAL","FUNCIONAL"
"feminino","Low-Lunge-(left)-(female)_Stretching__converted","FEMININO/FUNCIONAL/Low-Lunge-(left)-(female)_Stretching__converted.gif","FUNCIONAL","FUNCIONAL"
"feminino","Low-Lunge-to-Hamstring-Stretch-(advanced)-(female)_converted 2","FEMININO/FUNCIONAL/Low-Lunge-to-Hamstring-Stretch-(advanced)-(female)_converted 2.gif","FUNCIONAL","FUNCIONAL"
"feminino","Low-Lunge-to-Hamstring-Stretch-(advanced)-(female)_converted","FEMININO/FUNCIONAL/Low-Lunge-to-Hamstring-Stretch-(advanced)-(female)_converted.gif","FUNCIONAL","FUNCIONAL"
"feminino","Low-Lunge-to-Hamstring-Stretch-(female)_Stretching_converted 2","FEMININO/FUNCIONAL/Low-Lunge-to-Hamstring-Stretch-(female)_Stretching_converted 2.gif","FUNCIONAL","FUNCIONAL"
"feminino","Low-Lunge-to-Hamstring-Stretch-(female)_Stretching_converted","FEMININO/FUNCIONAL/Low-Lunge-to-Hamstring-Stretch-(female)_Stretching_converted.gif","FUNCIONAL","FUNCIONAL"
"feminino","Low-Lunge-Twist-(female)_Stretching__converted","FEMININO/FUNCIONAL/Low-Lunge-Twist-(female)_Stretching__converted.gif","FUNCIONAL","FUNCIONAL"
"feminino","Low-to-High-Lunge-Pose-(female)_Stretching__converted","FEMININO/FUNCIONAL/Low-to-High-Lunge-Pose-(female)_Stretching__converted.gif","FUNCIONAL","FUNCIONAL"
"feminino","Lunge-(female)_Hips_converted","FEMININO/FUNCIONAL/Lunge-(female)_Hips_converted.gif","FUNCIONAL","FUNCIONAL"
"feminino","Lunge-(female)_Hips-FIX__converted","FEMININO/FUNCIONAL/Lunge-(female)_Hips-FIX__converted.gif","FUNCIONAL","FUNCIONAL"
"feminino","Lunge-with-Leg-Lift-(female)_Plyometrics-FIX__converted 2","FEMININO/FUNCIONAL/Lunge-with-Leg-Lift-(female)_Plyometrics-FIX__converted 2.gif","FUNCIONAL","FUNCIONAL"
"feminino","Lying-90-to-90-Switch-(female)_Stretching__converted","FEMININO/FUNCIONAL/Lying-90-to-90-Switch-(female)_Stretching__converted.gif","FUNCIONAL","FUNCIONAL"
"feminino","Lying-Abduction-Adduction-(female)_Hips__converted","FEMININO/FUNCIONAL/Lying-Abduction-Adduction-(female)_Hips__converted.gif","FUNCIONAL","FUNCIONAL"
"feminino","Lying-Air-Cycles-(female)_Plyometrics__converted","FEMININO/FUNCIONAL/Lying-Air-Cycles-(female)_Plyometrics__converted.gif","FUNCIONAL","FUNCIONAL"
"feminino","Lying-Air-Punch-(female)_Chest__converted","FEMININO/FUNCIONAL/Lying-Air-Punch-(female)_Chest__converted.gif","FUNCIONAL","FUNCIONAL"
"feminino","Lying-Alternate-Bent-Leg-Circle-(female)_Hips__converted","FEMININO/FUNCIONAL/Lying-Alternate-Bent-Leg-Circle-(female)_Hips__converted.gif","FUNCIONAL","FUNCIONAL"
"feminino","Lying-Alternate-Frog-Kick-(female)_Hips__converted","FEMININO/FUNCIONAL/Lying-Alternate-Frog-Kick-(female)_Hips__converted.gif","FUNCIONAL","FUNCIONAL"
"feminino","Lying-Alternate-Hip-Abduction-Knee-Bent-(female)_H_converted","FEMININO/FUNCIONAL/Lying-Alternate-Hip-Abduction-Knee-Bent-(female)_H_converted.gif","FUNCIONAL","FUNCIONAL"
"geral","Lying-Alternate-Hip-Extension_Hips_converted","FEMININO/FUNCIONAL/Lying-Alternate-Hip-Extension_Hips_converted.gif","FUNCIONAL","FUNCIONAL"
"feminino","Lying-Alternate-Knee-Flexion-(female)_Hips__converted","FEMININO/FUNCIONAL/Lying-Alternate-Knee-Flexion-(female)_Hips__converted.gif","FUNCIONAL","FUNCIONAL"
"feminino","Lying-Alternate-Posterior-Pelvic-Shift-Hold-(femal_converted","FEMININO/FUNCIONAL/Lying-Alternate-Posterior-Pelvic-Shift-Hold-(femal_converted.gif","FUNCIONAL","FUNCIONAL"
"feminino","Lying-Alternate-Toe-Tap-(female)_Thighs__converted","FEMININO/FUNCIONAL/Lying-Alternate-Toe-Tap-(female)_Thighs__converted.gif","FUNCIONAL","FUNCIONAL"
"feminino","Lying-Alternate-Toe-Touch-Floor-(female)_Hips__converted","FEMININO/FUNCIONAL/Lying-Alternate-Toe-Touch-Floor-(female)_Hips__converted.gif","FUNCIONAL","FUNCIONAL"
"feminino","Lying-Alternating-Legs-Extension-(female)_Thighs__converted 2","FEMININO/FUNCIONAL/Lying-Alternating-Legs-Extension-(female)_Thighs__converted 2.gif","FUNCIONAL","FUNCIONAL"
"feminino","Lying-Alternating-Legs-Extension-(female)_Thighs__converted","FEMININO/FUNCIONAL/Lying-Alternating-Legs-Extension-(female)_Thighs__converted.gif","FUNCIONAL","FUNCIONAL"
"geral","Lying-Alternating-Slight-Bent-Back-Leg-Raise-(fema_converted 2","FEMININO/FUNCIONAL/Lying-Alternating-Slight-Bent-Back-Leg-Raise-(fema_converted 2.gif","FUNCIONAL","FUNCIONAL"
"geral","Lying-Alternating-Slight-Bent-Back-Leg-Raise-(fema_converted","FEMININO/FUNCIONAL/Lying-Alternating-Slight-Bent-Back-Leg-Raise-(fema_converted.gif","FUNCIONAL","FUNCIONAL"
"feminino","Lying-Ankle-Flexion-and-Extension-(female)_Stretch_converted 2","FEMININO/FUNCIONAL/Lying-Ankle-Flexion-and-Extension-(female)_Stretch_converted 2.gif","FUNCIONAL","FUNCIONAL"
"feminino","Lying-Ankle-Flexion-and-Extension-(female)_Stretch_converted","FEMININO/FUNCIONAL/Lying-Ankle-Flexion-and-Extension-(female)_Stretch_converted.gif","FUNCIONAL","FUNCIONAL"
"feminino","Lying-Anterior-Pelvic-Shift-(female)_Hips__converted","FEMININO/FUNCIONAL/Lying-Anterior-Pelvic-Shift-(female)_Hips__converted.gif","FUNCIONAL","FUNCIONAL"
"feminino","Lying-Anterior-Pelvic-Shift-Hold-(female)_Stretchi_converted 2","FEMININO/FUNCIONAL/Lying-Anterior-Pelvic-Shift-Hold-(female)_Stretchi_converted 2.gif","FUNCIONAL","FUNCIONAL"
"feminino","Lying-Arm-Abduction-(female)_Stretching__converted","FEMININO/FUNCIONAL/Lying-Arm-Abduction-(female)_Stretching__converted.gif","FUNCIONAL","FUNCIONAL"
"feminino","Lying-Arms-Curl-with-Pillow-(female)_Upper-Arms__converted","FEMININO/FUNCIONAL/Lying-Arms-Curl-with-Pillow-(female)_Upper-Arms__converted.gif","FUNCIONAL","FUNCIONAL"
"feminino","Lying-Arms-Forward-Circle-(female)_Shoulders__converted","FEMININO/FUNCIONAL/Lying-Arms-Forward-Circle-(female)_Shoulders__converted.gif","FUNCIONAL","FUNCIONAL"
"feminino","Lying-Around-the-World-(female)_Shoulders_ 1_converted","FEMININO/FUNCIONAL/Lying-Around-the-World-(female)_Shoulders_ 1_converted.gif","FUNCIONAL","FUNCIONAL"
"feminino","Lying-Around-The-World-(female)_Shoulders__converted","FEMININO/FUNCIONAL/Lying-Around-The-World-(female)_Shoulders__converted.gif","FUNCIONAL","FUNCIONAL"
"feminino","Lying-Back-Contraction-(female)_Back__converted","FEMININO/FUNCIONAL/Lying-Back-Contraction-(female)_Back__converted.gif","FUNCIONAL","FUNCIONAL"
"feminino","Lying-Back-Extension-(female)_Hips__converted","FEMININO/FUNCIONAL/Lying-Back-Extension-(female)_Hips__converted.gif","FUNCIONAL","FUNCIONAL"
"feminino","Lying-Bent-Knee-Alternating-Glute-Raise-(female)_H_converted","FEMININO/FUNCIONAL/Lying-Bent-Knee-Alternating-Glute-Raise-(female)_H_converted.gif","FUNCIONAL","FUNCIONAL"
"feminino","Lying-Bicep-Curl-(female)_Upper-Arms__converted","FEMININO/FUNCIONAL/Lying-Bicep-Curl-(female)_Upper-Arms__converted.gif","FUNCIONAL","FUNCIONAL"
"feminino","Lying-Biceps-Curl-with-Towel-(female)_Upper-Arms__converted","FEMININO/FUNCIONAL/Lying-Biceps-Curl-with-Towel-(female)_Upper-Arms__converted.gif","FUNCIONAL","FUNCIONAL"
"feminino","Lying-Butterfly-Leg-Raise-(female)_Hips__converted","FEMININO/FUNCIONAL/Lying-Butterfly-Leg-Raise-(female)_Hips__converted.gif","FUNCIONAL","FUNCIONAL"
"feminino","Lying-Calf-Stretch-(female)_Calves__converted","FEMININO/FUNCIONAL/Lying-Calf-Stretch-(female)_Calves__converted.gif","FUNCIONAL","FUNCIONAL"
"feminino","Lying-Crossed-Stacked-Arms-Stretch-(female)_Stretc_converted","FEMININO/FUNCIONAL/Lying-Crossed-Stacked-Arms-Stretch-(female)_Stretc_converted.gif","FUNCIONAL","FUNCIONAL"
"feminino","Lying-Crossover-Stretch-(female)_Hips__converted","FEMININO/FUNCIONAL/Lying-Crossover-Stretch-(female)_Hips__converted.gif","FUNCIONAL","FUNCIONAL"
"feminino","Lying-Crossover-Stretch-(side-POV)-(female)_Hips__converted","FEMININO/FUNCIONAL/Lying-Crossover-Stretch-(side-POV)-(female)_Hips__converted.gif","FUNCIONAL","FUNCIONAL"
"feminino","Lying-Double-Glute-Lift-(female)_Hips__converted","FEMININO/FUNCIONAL/Lying-Double-Glute-Lift-(female)_Hips__converted.gif","FUNCIONAL","FUNCIONAL"
"feminino","Lying-Double-Glute-Lift-Heel-Tap-(female)_Hips__converted","FEMININO/FUNCIONAL/Lying-Double-Glute-Lift-Heel-Tap-(female)_Hips__converted.gif","FUNCIONAL","FUNCIONAL"
"feminino","Lying-Double-Leg-Kick-(female)_Pilates__converted","FEMININO/FUNCIONAL/Lying-Double-Leg-Kick-(female)_Pilates__converted.gif","FUNCIONAL","FUNCIONAL"
"feminino","Lying-Down-Hip-Internal-External-Rotation-(female)_converted","FEMININO/FUNCIONAL/Lying-Down-Hip-Internal-External-Rotation-(female)_converted.gif","FUNCIONAL","FUNCIONAL"
"feminino","Lying-Elbow-Swipes-(female)_Back__converted","FEMININO/FUNCIONAL/Lying-Elbow-Swipes-(female)_Back__converted.gif","FUNCIONAL","FUNCIONAL"
"feminino","Lying-Elbow-Touch-(female)_Chest__converted","FEMININO/FUNCIONAL/Lying-Elbow-Touch-(female)_Chest__converted.gif","FUNCIONAL","FUNCIONAL"
"feminino","Lying-Figure-4-with-Rotation-(female)_Stretching__converted","FEMININO/FUNCIONAL/Lying-Figure-4-with-Rotation-(female)_Stretching__converted.gif","FUNCIONAL","FUNCIONAL"
"feminino","Lying-Figure-8-with-Nose-(female)_Neck__converted","FEMININO/FUNCIONAL/Lying-Figure-8-with-Nose-(female)_Neck__converted.gif","FUNCIONAL","FUNCIONAL"
"feminino","Lying-Floor-Abduction-Adduction-(female)_Hips__converted","FEMININO/FUNCIONAL/Lying-Floor-Abduction-Adduction-(female)_Hips__converted.gif","FUNCIONAL","FUNCIONAL"
"feminino","Lying-Floor-Horizontal-Flutter-Kick-(female)_Hips__converted","FEMININO/FUNCIONAL/Lying-Floor-Horizontal-Flutter-Kick-(female)_Hips__converted.gif","FUNCIONAL","FUNCIONAL"
"feminino","Lying-Floor-Row-with-Bent-Knee-(female)_Back__converted","FEMININO/FUNCIONAL/Lying-Floor-Row-with-Bent-Knee-(female)_Back__converted.gif","FUNCIONAL","FUNCIONAL"
"feminino","Lying-Frog-Crunch-(female)_Hips__converted","FEMININO/FUNCIONAL/Lying-Frog-Crunch-(female)_Hips__converted.gif","FUNCIONAL","FUNCIONAL"
"feminino","Lying-Frog-Kick-(female)_Hips__converted","FEMININO/FUNCIONAL/Lying-Frog-Kick-(female)_Hips__converted.gif","FUNCIONAL","FUNCIONAL"
"feminino","Lying-Frog-Pulse-(female)_Hips__converted","FEMININO/FUNCIONAL/Lying-Frog-Pulse-(female)_Hips__converted.gif","FUNCIONAL","FUNCIONAL"
"feminino","Lying-Frog-Push-(female)_Hips__converted","FEMININO/FUNCIONAL/Lying-Frog-Push-(female)_Hips__converted.gif","FUNCIONAL","FUNCIONAL"
"feminino","Lying-Full-Leg-raise-(female)_Hips_converted","FEMININO/FUNCIONAL/Lying-Full-Leg-raise-(female)_Hips_converted.gif","FUNCIONAL","FUNCIONAL"
"feminino","Lying-Glute-Stretch_Hips-(female)_converted","FEMININO/FUNCIONAL/Lying-Glute-Stretch_Hips-(female)_converted.gif","FUNCIONAL","FUNCIONAL"
"feminino","Lying-Hamstring-Sciatic-Nerve-Mobilization-(female_converted","FEMININO/FUNCIONAL/Lying-Hamstring-Sciatic-Nerve-Mobilization-(female_converted.gif","FUNCIONAL","FUNCIONAL"
"feminino","Lying-Hands-On-Side-Upper-Body-Raise-(female)_Hips_converted","FEMININO/FUNCIONAL/Lying-Hands-On-Side-Upper-Body-Raise-(female)_Hips_converted.gif","FUNCIONAL","FUNCIONAL"
"feminino","Lying-Heel-to-Heel-Dragback-(female)_Hips__converted","FEMININO/FUNCIONAL/Lying-Heel-to-Heel-Dragback-(female)_Hips__converted.gif","FUNCIONAL","FUNCIONAL"
"feminino","Lying-Hip-Adduction-(female)_Hips__converted","FEMININO/FUNCIONAL/Lying-Hip-Adduction-(female)_Hips__converted.gif","FUNCIONAL","FUNCIONAL"
"feminino","Lying-Hip-Internal-Rotation-Pullover-(female)_Stre_converted","FEMININO/FUNCIONAL/Lying-Hip-Internal-Rotation-Pullover-(female)_Stre_converted.gif","FUNCIONAL","FUNCIONAL"
"feminino","Lying-Hip-Rotation-(female)_Hips__converted","FEMININO/FUNCIONAL/Lying-Hip-Rotation-(female)_Hips__converted.gif","FUNCIONAL","FUNCIONAL"
"feminino","Lying-Hip-Straight-Leg-Raise-(female)_Hips_converted","FEMININO/FUNCIONAL/Lying-Hip-Straight-Leg-Raise-(female)_Hips_converted.gif","FUNCIONAL","FUNCIONAL"
"feminino","Lying-Hyperextension-Hold-(female)_Hips__converted","FEMININO/FUNCIONAL/Lying-Hyperextension-Hold-(female)_Hips__converted.gif","FUNCIONAL","FUNCIONAL"
"feminino","Lying-Knee-Hug-(female)_Stretching-FIX__converted","FEMININO/FUNCIONAL/Lying-Knee-Hug-(female)_Stretching-FIX__converted.gif","FUNCIONAL","FUNCIONAL"
"feminino","Lying-Knee-Hugs-(female)_Stretching__converted","FEMININO/FUNCIONAL/Lying-Knee-Hugs-(female)_Stretching__converted.gif","FUNCIONAL","FUNCIONAL"
"feminino","Lying-Knee-Hugs-Circle-(female)_Hips__converted","FEMININO/FUNCIONAL/Lying-Knee-Hugs-Circle-(female)_Hips__converted.gif","FUNCIONAL","FUNCIONAL"
"feminino","Lying-Lean-Forward-Pilates-(female)_Stretching__converted","FEMININO/FUNCIONAL/Lying-Lean-Forward-Pilates-(female)_Stretching__converted.gif","FUNCIONAL","FUNCIONAL"
"feminino","Lying-Leg-Abduction-(female)_Hips__converted","FEMININO/FUNCIONAL/Lying-Leg-Abduction-(female)_Hips__converted.gif","FUNCIONAL","FUNCIONAL"
"feminino","Lying-Leg-Crossover-(female)_Hips__converted","FEMININO/FUNCIONAL/Lying-Leg-Crossover-(female)_Hips__converted.gif","FUNCIONAL","FUNCIONAL"
"feminino","Lying-Leg-Over-Knee-Hip-Twist-Stretch-(female)_Str_converted","FEMININO/FUNCIONAL/Lying-Leg-Over-Knee-Hip-Twist-Stretch-(female)_Str_converted.gif","FUNCIONAL","FUNCIONAL"
"feminino","Lying-Leg-Raise-and-Hold-(female)_Hips__converted","FEMININO/FUNCIONAL/Lying-Leg-Raise-and-Hold-(female)_Hips__converted.gif","FUNCIONAL","FUNCIONAL"
"feminino","Lying-Legs-Extension-Abduction-(female)_Hips__converted","FEMININO/FUNCIONAL/Lying-Legs-Extension-Abduction-(female)_Hips__converted.gif","FUNCIONAL","FUNCIONAL"
"feminino","Lying-Lower-Back-Stretch-(female)_Back_converted","FEMININO/FUNCIONAL/Lying-Lower-Back-Stretch-(female)_Back_converted.gif","FUNCIONAL","FUNCIONAL"
"feminino","Lying-Pelvic-Tilt-(female)_Stretching__converted","FEMININO/FUNCIONAL/Lying-Pelvic-Tilt-(female)_Stretching__converted.gif","FUNCIONAL","FUNCIONAL"
"feminino","Lying-Prone-W-(female)_Back__converted","FEMININO/FUNCIONAL/Lying-Prone-W-(female)_Back__converted.gif","FUNCIONAL","FUNCIONAL"
"geral","Lying-Raised-Glute-Abduction-Around-The-World-(fem_converted","FEMININO/FUNCIONAL/Lying-Raised-Glute-Abduction-Around-The-World-(fem_converted.gif","FUNCIONAL","FUNCIONAL"
"feminino","Lying-Raised-Heel-Tap-(female)_Hips__converted","FEMININO/FUNCIONAL/Lying-Raised-Heel-Tap-(female)_Hips__converted.gif","FUNCIONAL","FUNCIONAL"
"feminino","Lying-Raised-Shoulders-Windshield-Wiper-(female)_W_converted","FEMININO/FUNCIONAL/Lying-Raised-Shoulders-Windshield-Wiper-(female)_W_converted.gif","FUNCIONAL","FUNCIONAL"
"feminino","Lying-Rectus-Abdominis-Activation-Crunch-(female)__converted","FEMININO/FUNCIONAL/Lying-Rectus-Abdominis-Activation-Crunch-(female)__converted.gif","FUNCIONAL","FUNCIONAL"
"feminino","Lying-Rest-Pose-(side-POV)-(female)_Cardio__converted","FEMININO/FUNCIONAL/Lying-Rest-Pose-(side-POV)-(female)_Cardio__converted.gif","FUNCIONAL","FUNCIONAL"
"feminino","Lying-Reverse-Frog-Crunch-(female)_Hips__converted","FEMININO/FUNCIONAL/Lying-Reverse-Frog-Crunch-(female)_Hips__converted.gif","FUNCIONAL","FUNCIONAL"
"feminino","Lying-Roll-Up-Pilates-(female)_Stretching__converted","FEMININO/FUNCIONAL/Lying-Roll-Up-Pilates-(female)_Stretching__converted.gif","FUNCIONAL","FUNCIONAL"
"feminino","Lying-Rollover-Pilates-(female)_Stretching__converted","FEMININO/FUNCIONAL/Lying-Rollover-Pilates-(female)_Stretching__converted.gif","FUNCIONAL","FUNCIONAL"
"feminino","Lying-Rotator-Cuff-Rotation-(female)_Back__converted","FEMININO/FUNCIONAL/Lying-Rotator-Cuff-Rotation-(female)_Back__converted.gif","FUNCIONAL","FUNCIONAL"
"feminino","Lying-Sartorius-Stretch-(female)_Stretching__converted","FEMININO/FUNCIONAL/Lying-Sartorius-Stretch-(female)_Stretching__converted.gif","FUNCIONAL","FUNCIONAL"
"feminino","Lying-Scissor-Kick-(female)_Hips__converted","FEMININO/FUNCIONAL/Lying-Scissor-Kick-(female)_Hips__converted.gif","FUNCIONAL","FUNCIONAL"
"feminino","Lying-Scissors-Cross-(female)_Hips__converted","FEMININO/FUNCIONAL/Lying-Scissors-Cross-(female)_Hips__converted.gif","FUNCIONAL","FUNCIONAL"
"feminino","Lying-Side-Bend-(female)_Stretching__converted","FEMININO/FUNCIONAL/Lying-Side-Bend-(female)_Stretching__converted.gif","FUNCIONAL","FUNCIONAL"
"feminino","Lying-Side-Lift-free-Lateral-Flexion-(female)_Stre_converted","FEMININO/FUNCIONAL/Lying-Side-Lift-free-Lateral-Flexion-(female)_Stre_converted.gif","FUNCIONAL","FUNCIONAL"
"feminino","Lying-Side-to-Side-Neck-Stretch-(female)_Stretchin_converted","FEMININO/FUNCIONAL/Lying-Side-to-Side-Neck-Stretch-(female)_Stretchin_converted.gif","FUNCIONAL","FUNCIONAL"
"feminino","Lying-Single-Glute-Lift-(female)_Hips__converted","FEMININO/FUNCIONAL/Lying-Single-Glute-Lift-(female)_Hips__converted.gif","FUNCIONAL","FUNCIONAL"
"feminino","Lying-Single-Leg-Abduction-(female)_Hips__converted","FEMININO/FUNCIONAL/Lying-Single-Leg-Abduction-(female)_Hips__converted.gif","FUNCIONAL","FUNCIONAL"
"feminino","Lying-Single-Leg-Butterfly-(female)_Hips__converted","FEMININO/FUNCIONAL/Lying-Single-Leg-Butterfly-(female)_Hips__converted.gif","FUNCIONAL","FUNCIONAL"
"feminino","Lying-Single-Leg-Kick-(female)_Pilates__converted","FEMININO/FUNCIONAL/Lying-Single-Leg-Kick-(female)_Pilates__converted.gif","FUNCIONAL","FUNCIONAL"
"feminino","Lying-Single-Leg-Raise-(female)_Hips_converted","FEMININO/FUNCIONAL/Lying-Single-Leg-Raise-(female)_Hips_converted.gif","FUNCIONAL","FUNCIONAL"
"feminino","Lying-Single-Toe-Pointing-(female)_Calves__converted","FEMININO/FUNCIONAL/Lying-Single-Toe-Pointing-(female)_Calves__converted.gif","FUNCIONAL","FUNCIONAL"
"feminino","Lying-Stretch-(female)_Stretching__converted","FEMININO/FUNCIONAL/Lying-Stretch-(female)_Stretching__converted.gif","FUNCIONAL","FUNCIONAL"
"feminino","Lying-Superman-Soar-(female)_Back__converted","FEMININO/FUNCIONAL/Lying-Superman-Soar-(female)_Back__converted.gif","FUNCIONAL","FUNCIONAL"
"feminino","Lying-Swimmer-(female)_Stretching__converted","FEMININO/FUNCIONAL/Lying-Swimmer-(female)_Stretching__converted.gif","FUNCIONAL","FUNCIONAL"
"feminino","Lying-Swimming-Legs-(female)_Hips__converted","FEMININO/FUNCIONAL/Lying-Swimming-Legs-(female)_Hips__converted.gif","FUNCIONAL","FUNCIONAL"
"feminino","Lying-T-Raise-(female)_Back__converted","FEMININO/FUNCIONAL/Lying-T-Raise-(female)_Back__converted.gif","FUNCIONAL","FUNCIONAL"
"feminino","Lying-Tip-Toe-(female)_Calves_converted","FEMININO/FUNCIONAL/Lying-Tip-Toe-(female)_Calves_converted.gif","FUNCIONAL","FUNCIONAL"
"feminino","Lying-Toe-Tap-(female)_Hips__converted","FEMININO/FUNCIONAL/Lying-Toe-Tap-(female)_Hips__converted.gif","FUNCIONAL","FUNCIONAL"
"feminino","Lying-Top-Grab-Front-Grab-(female)_Chest__converted","FEMININO/FUNCIONAL/Lying-Top-Grab-Front-Grab-(female)_Chest__converted.gif","FUNCIONAL","FUNCIONAL"
"feminino","Lying-Triceps-Extension-with-Pillow-(female)_Upper_converted","FEMININO/FUNCIONAL/Lying-Triceps-Extension-with-Pillow-(female)_Upper_converted.gif","FUNCIONAL","FUNCIONAL"
"feminino","Lying-Upper-Body-Superman-Row-(female)_Back__converted","FEMININO/FUNCIONAL/Lying-Upper-Body-Superman-Row-(female)_Back__converted.gif","FUNCIONAL","FUNCIONAL"
"feminino","Lying-Upper-Body-T-Raise-(female)_Back__converted","FEMININO/FUNCIONAL/Lying-Upper-Body-T-Raise-(female)_Back__converted.gif","FUNCIONAL","FUNCIONAL"
"feminino","Lying-Vertical-Scissors-on-Floor-(female)_Hips__converted","FEMININO/FUNCIONAL/Lying-Vertical-Scissors-on-Floor-(female)_Hips__converted.gif","FUNCIONAL","FUNCIONAL"
"feminino","Majorette-Twist-Rep-(female)_Stretching__converted","FEMININO/FUNCIONAL/Majorette-Twist-Rep-(female)_Stretching__converted.gif","FUNCIONAL","FUNCIONAL"
"feminino","March-on-Spot-Arm-Circles-(female)_Plyometrics__converted","FEMININO/FUNCIONAL/March-on-Spot-Arm-Circles-(female)_Plyometrics__converted.gif","FUNCIONAL","FUNCIONAL"
"feminino","March-on-Spot-Bicep-Curl-(female)_Plyometrics__converted","FEMININO/FUNCIONAL/March-on-Spot-Bicep-Curl-(female)_Plyometrics__converted.gif","FUNCIONAL","FUNCIONAL"
"feminino","Marching-Kick-On-Spot-(female)_Cardio_ copy_converted","FEMININO/FUNCIONAL/Marching-Kick-On-Spot-(female)_Cardio_ copy_converted.gif","FUNCIONAL","FUNCIONAL"
"feminino","Marching-Kick-On-Spot-(front-POV)-(female)_Cardio__converted","FEMININO/FUNCIONAL/Marching-Kick-On-Spot-(front-POV)-(female)_Cardio__converted.gif","FUNCIONAL","FUNCIONAL"
"feminino","Marching-On-Spot-(female)_Cardio__converted","FEMININO/FUNCIONAL/Marching-On-Spot-(female)_Cardio__converted.gif","FUNCIONAL","FUNCIONAL"
"feminino","Marching-on-Spot-Press-(female)_Plyometrics__converted","FEMININO/FUNCIONAL/Marching-on-Spot-Press-(female)_Plyometrics__converted.gif","FUNCIONAL","FUNCIONAL"
"feminino","Marching-on-Spot-Press-(VERSION-2)-(female)_Plyome_converted","FEMININO/FUNCIONAL/Marching-on-Spot-Press-(VERSION-2)-(female)_Plyome_converted.gif","FUNCIONAL","FUNCIONAL"
"feminino","Medicine-Ball-Alternate-V-Up-(female)_Waist__converted","FEMININO/FUNCIONAL/MEDICINE BALL/Medicine-Ball-Alternate-V-Up-(female)_Waist__converted.gif","FUNCIONAL","MEDICINE BALL"
"feminino","Medicine-Ball-Overhead-Slam-(female)_Back__converted","FEMININO/FUNCIONAL/MEDICINE BALL/Medicine-Ball-Overhead-Slam-(female)_Back__converted.gif","FUNCIONAL","MEDICINE BALL"
"geral","Medicine-Ball-Sit-up-(wall)_Waist-FIX__converted","FEMININO/FUNCIONAL/MEDICINE BALL/Medicine-Ball-Sit-up-(wall)_Waist-FIX__converted.gif","FUNCIONAL","MEDICINE BALL"
"feminino","Mid-Air-Lateral-Raises-With-Switching-Palms-(femal_converted","FEMININO/FUNCIONAL/Mid-Air-Lateral-Raises-With-Switching-Palms-(femal_converted.gif","FUNCIONAL","FUNCIONAL"
"feminino","Mindful-Breathing-Meditation-(female)_Stretching__converted","FEMININO/FUNCIONAL/Mindful-Breathing-Meditation-(female)_Stretching__converted.gif","FUNCIONAL","FUNCIONAL"
"feminino","Band-Bent-over-Row-(female)_Back_converted","FEMININO/FUNCIONAL/MINIBAND/Band-Bent-over-Row-(female)_Back_converted.gif","FUNCIONAL","MINIBAND"
"feminino","Band-Cross-Abduction-(female)_Hips__converted","FEMININO/FUNCIONAL/MINIBAND/Band-Cross-Abduction-(female)_Hips__converted.gif","FUNCIONAL","MINIBAND"
"feminino","Band-Deadlift-(female)_Hips__converted","FEMININO/FUNCIONAL/MINIBAND/Band-Deadlift-(female)_Hips__converted.gif","FUNCIONAL","MINIBAND"
"geral","Band-Overhead-Single-Arm-Triceps-Extension-(VERSIO_converted","FEMININO/FUNCIONAL/MINIBAND/Band-Overhead-Single-Arm-Triceps-Extension-(VERSIO_converted.gif","FUNCIONAL","MINIBAND"
"feminino","Band-Overhead-Triceps-Extension-(VERSION-2)-(femal_converted","FEMININO/FUNCIONAL/MINIBAND/Band-Overhead-Triceps-Extension-(VERSION-2)-(femal_converted.gif","FUNCIONAL","MINIBAND"
"feminino","Band-Pull-Apart-(female)_Shoulders__converted","FEMININO/FUNCIONAL/MINIBAND/Band-Pull-Apart-(female)_Shoulders__converted.gif","FUNCIONAL","MINIBAND"
"feminino","Band-Push-up-(female)_Chest__converted","FEMININO/FUNCIONAL/MINIBAND/Band-Push-up-(female)_Chest__converted.gif","FUNCIONAL","MINIBAND"
"geral","Band-Rear-Delt-Row_Shoulders__converted","FEMININO/FUNCIONAL/MINIBAND/Band-Rear-Delt-Row_Shoulders__converted.gif","FUNCIONAL","MINIBAND"
"feminino","Band-Single-Arm-Shoulder-Press-(female)_Shoulders__converted","FEMININO/FUNCIONAL/MINIBAND/Band-Single-Arm-Shoulder-Press-(female)_Shoulders__converted.gif","FUNCIONAL","MINIBAND"
"feminino","Band-Split-Squat-(female)_Thighs__converted","FEMININO/FUNCIONAL/MINIBAND/Band-Split-Squat-(female)_Thighs__converted.gif","FUNCIONAL","MINIBAND"
"feminino","Band-squat-(female)_Hips__converted","FEMININO/FUNCIONAL/MINIBAND/Band-squat-(female)_Hips__converted.gif","FUNCIONAL","MINIBAND"
"feminino","Band-Standing-Alternate-Biceps-Curl-(female)_Upper_converted","FEMININO/FUNCIONAL/MINIBAND/Band-Standing-Alternate-Biceps-Curl-(female)_Upper_converted.gif","FUNCIONAL","MINIBAND"
"feminino","Band-Standing-Biceps-Curl-(female)_Upper-Arms__converted","FEMININO/FUNCIONAL/MINIBAND/Band-Standing-Biceps-Curl-(female)_Upper-Arms__converted.gif","FUNCIONAL","MINIBAND"
"feminino","Band-Straight-Back-Stiff-Leg-Deadlift-(female)_Hip_converted","FEMININO/FUNCIONAL/MINIBAND/Band-Straight-Back-Stiff-Leg-Deadlift-(female)_Hip_converted.gif","FUNCIONAL","MINIBAND"
"feminino","Band-Thruster-(female)_Thighs__converted","FEMININO/FUNCIONAL/MINIBAND/Band-Thruster-(female)_Thighs__converted.gif","FUNCIONAL","MINIBAND"
"feminino","Band-Triceps-Kickback-(female)_Upper-Arms__converted","FEMININO/FUNCIONAL/MINIBAND/Band-Triceps-Kickback-(female)_Upper-Arms__converted.gif","FUNCIONAL","MINIBAND"
"feminino","Band-Two-Legs-Calf-Raise---(Band-under-both-legs)-VERSION-2-(female)_Calves_converted","FEMININO/FUNCIONAL/MINIBAND/Band-Two-Legs-Calf-Raise---(Band-under-both-legs)-VERSION-2-(female)_Calves_converted.gif","FUNCIONAL","MINIBAND"
"feminino","Band-Upright-Row-(Under-two-feet)-(female)_Shoulde_converted","FEMININO/FUNCIONAL/MINIBAND/Band-Upright-Row-(Under-two-feet)-(female)_Shoulde_converted.gif","FUNCIONAL","MINIBAND"
"feminino","Band-Warm-up-Shoulder-Stretch-(female)_Chest_converted","FEMININO/FUNCIONAL/MINIBAND/Band-Warm-up-Shoulder-Stretch-(female)_Chest_converted.gif","FUNCIONAL","MINIBAND"
"feminino","Bridge-Pose-Setu-Bandhasana-(female)_converted","FEMININO/FUNCIONAL/MINIBAND/Bridge-Pose-Setu-Bandhasana-(female)_converted.gif","FUNCIONAL","MINIBAND"
"geral","Resistance-Band-90-degrees-External-Rotation-(fema_converted","FEMININO/FUNCIONAL/MINIBAND/Resistance-Band-90-degrees-External-Rotation-(fema_converted.gif","FUNCIONAL","MINIBAND"
"feminino","Resistance-Band-Air-Bike-(female)_Waist__converted","FEMININO/FUNCIONAL/MINIBAND/Resistance-Band-Air-Bike-(female)_Waist__converted.gif","FUNCIONAL","MINIBAND"
"geral","Resistance-Band-Bent-Leg-Kickback-(Kneeling)-(fema_converted","FEMININO/FUNCIONAL/MINIBAND/Resistance-Band-Bent-Leg-Kickback-(Kneeling)-(fema_converted.gif","FUNCIONAL","MINIBAND"
"geral","Resistance-Band-Bent-Leg-Side-Kick-(kneeling)-(fem_converted","FEMININO/FUNCIONAL/MINIBAND/Resistance-Band-Bent-Leg-Side-Kick-(kneeling)-(fem_converted.gif","FUNCIONAL","MINIBAND"
"feminino","Resistance-Band-Bent-Over-Reverse-Fly-(female)_Sho_converted","FEMININO/FUNCIONAL/MINIBAND/Resistance-Band-Bent-Over-Reverse-Fly-(female)_Sho_converted.gif","FUNCIONAL","MINIBAND"
"feminino","Resistance-Band-Biceps-Curl-(female)_Upper-Arms__converted","FEMININO/FUNCIONAL/MINIBAND/Resistance-Band-Biceps-Curl-(female)_Upper-Arms__converted.gif","FUNCIONAL","MINIBAND"
"feminino","Resistance-Band-Bird-Dog-(female)_Hips__converted","FEMININO/FUNCIONAL/MINIBAND/Resistance-Band-Bird-Dog-(female)_Hips__converted.gif","FUNCIONAL","MINIBAND"
"geral","Resistance-Band-Calf-Press-Sitting-on-Chair_Calves_converted","FEMININO/FUNCIONAL/MINIBAND/Resistance-Band-Calf-Press-Sitting-on-Chair_Calves_converted.gif","FUNCIONAL","MINIBAND"
"feminino","Resistance-Band-Clam-(female)_Hips__converted","FEMININO/FUNCIONAL/MINIBAND/Resistance-Band-Clam-(female)_Hips__converted.gif","FUNCIONAL","MINIBAND"
"feminino","Resistance-Band-Concentration-Curl-(female)_Upper-_converted","FEMININO/FUNCIONAL/MINIBAND/Resistance-Band-Concentration-Curl-(female)_Upper-_converted.gif","FUNCIONAL","MINIBAND"
"feminino","Resistance-Band-Drag-Curl-(female)_Upper-Arms__converted","FEMININO/FUNCIONAL/MINIBAND/Resistance-Band-Drag-Curl-(female)_Upper-Arms__converted.gif","FUNCIONAL","MINIBAND"
"feminino","Resistance-Band-Duck-Walk-(female)_Hips__converted","FEMININO/FUNCIONAL/MINIBAND/Resistance-Band-Duck-Walk-(female)_Hips__converted.gif","FUNCIONAL","MINIBAND"
"feminino","Resistance-Band-Floor-Hyperextension-(female)_Back_converted","FEMININO/FUNCIONAL/MINIBAND/Resistance-Band-Floor-Hyperextension-(female)_Back_converted.gif","FUNCIONAL","MINIBAND"
"feminino","Resistance-Band-Glute-Bridge-(female)_Hips__converted","FEMININO/FUNCIONAL/MINIBAND/Resistance-Band-Glute-Bridge-(female)_Hips__converted.gif","FUNCIONAL","MINIBAND"
"feminino","Resistance-Band-Glute-Bridge-Abduction-(female)_Hips__converted","FEMININO/FUNCIONAL/MINIBAND/Resistance-Band-Glute-Bridge-Abduction-(female)_Hips__converted.gif","FUNCIONAL","MINIBAND"
"feminino","Resistance-Band-Glute-Bridge-Side-Tap-(female)_Hip_converted","FEMININO/FUNCIONAL/MINIBAND/Resistance-Band-Glute-Bridge-Side-Tap-(female)_Hip_converted.gif","FUNCIONAL","MINIBAND"
"feminino","Resistance-Band-Hammer-Curl-(female)_Upper-Arms__converted","FEMININO/FUNCIONAL/MINIBAND/Resistance-Band-Hammer-Curl-(female)_Upper-Arms__converted.gif","FUNCIONAL","MINIBAND"
"feminino","Resistance-Band-Hip-Thrusts-on-Knees-(Female)_Hips_converted","FEMININO/FUNCIONAL/MINIBAND/Resistance-Band-Hip-Thrusts-on-Knees-(Female)_Hips_converted.gif","FUNCIONAL","MINIBAND"
"feminino","Resistance-Band-Jumping-Jack-(female)_Hips__converted","FEMININO/FUNCIONAL/MINIBAND/Resistance-Band-Jumping-Jack-(female)_Hips__converted.gif","FUNCIONAL","MINIBAND"
"feminino","Resistance-Band-Kneeling-Back-Kick-(female)_Hips__converted","FEMININO/FUNCIONAL/MINIBAND/Resistance-Band-Kneeling-Back-Kick-(female)_Hips__converted.gif","FUNCIONAL","MINIBAND"
"feminino","Resistance-Band-Kneeling-Leg-Half-Circle-(female)__converted","FEMININO/FUNCIONAL/MINIBAND/Resistance-Band-Kneeling-Leg-Half-Circle-(female)__converted.gif","FUNCIONAL","MINIBAND"
"feminino","Resistance-Band-Lateral-Raise-(female)_Shoulders__converted","FEMININO/FUNCIONAL/MINIBAND/Resistance-Band-Lateral-Raise-(female)_Shoulders__converted.gif","FUNCIONAL","MINIBAND"
"feminino","Resistance-Band-Lateral-Step-and-Squat-(female)_Hi_converted","FEMININO/FUNCIONAL/MINIBAND/Resistance-Band-Lateral-Step-and-Squat-(female)_Hi_converted.gif","FUNCIONAL","MINIBAND"
"feminino","Resistance-Band-Lateral-Walk-(female)_Hips__converted","FEMININO/FUNCIONAL/MINIBAND/Resistance-Band-Lateral-Walk-(female)_Hips__converted.gif","FUNCIONAL","MINIBAND"
"feminino","Resistance-Band-Leg-Curl-(female)_Thighs_converted","FEMININO/FUNCIONAL/MINIBAND/Resistance-Band-Leg-Curl-(female)_Thighs_converted.gif","FUNCIONAL","MINIBAND"
"geral","Resistance-Band-Leg-Kickback_Hips__converted","FEMININO/FUNCIONAL/MINIBAND/Resistance-Band-Leg-Kickback_Hips__converted.gif","FUNCIONAL","MINIBAND"
"feminino","Resistance-Band-Lying-Abduction-(female)_Hips__converted","FEMININO/FUNCIONAL/MINIBAND/Resistance-Band-Lying-Abduction-(female)_Hips__converted.gif","FUNCIONAL","MINIBAND"
"geral","Resistance-Band-Lying-Bent-Knee-Hip-Abduction-(fem_converted","FEMININO/FUNCIONAL/MINIBAND/Resistance-Band-Lying-Bent-Knee-Hip-Abduction-(fem_converted.gif","FUNCIONAL","MINIBAND"
"feminino","Resistance-Band-Lying-Floor-Chest-Press-(female)_C_converted","FEMININO/FUNCIONAL/MINIBAND/Resistance-Band-Lying-Floor-Chest-Press-(female)_C_converted.gif","FUNCIONAL","MINIBAND"
"geral","Resistance-Band-Lying-Hyperextension-Abduction-(fe_converted","FEMININO/FUNCIONAL/MINIBAND/Resistance-Band-Lying-Hyperextension-Abduction-(fe_converted.gif","FUNCIONAL","MINIBAND"
"feminino","Resistance-Band-Lying-Leg-Raise-(female)_Hips__converted","FEMININO/FUNCIONAL/MINIBAND/Resistance-Band-Lying-Leg-Raise-(female)_Hips__converted.gif","FUNCIONAL","MINIBAND"
"feminino","Resistance-Band-Lying-Shoulder-Abduction-(female)__converted","FEMININO/FUNCIONAL/MINIBAND/Resistance-Band-Lying-Shoulder-Abduction-(female)__converted.gif","FUNCIONAL","MINIBAND"
"feminino","Resistance-Band-Lying-Single-Leg-Curl-(female)_Thi_converted","FEMININO/FUNCIONAL/MINIBAND/Resistance-Band-Lying-Single-Leg-Curl-(female)_Thi_converted.gif","FUNCIONAL","MINIBAND"
"feminino","Resistance-Band-One-Leg-Glute-Bridge-(female)_Hips_converted","FEMININO/FUNCIONAL/MINIBAND/Resistance-Band-One-Leg-Glute-Bridge-(female)_Hips_converted.gif","FUNCIONAL","MINIBAND"
"feminino","Resistance-Band-One-Leg-Kickback-(Bent-Position)-(female)_Hips_converted","FEMININO/FUNCIONAL/MINIBAND/Resistance-Band-One-Leg-Kickback-(Bent-Position)-(female)_Hips_converted.gif","FUNCIONAL","MINIBAND"
"feminino","Resistance-Band-Overhead-Shoulder-Press-(female)_S_converted","FEMININO/FUNCIONAL/MINIBAND/Resistance-Band-Overhead-Shoulder-Press-(female)_S_converted.gif","FUNCIONAL","MINIBAND"
"feminino","Resistance-Band-Plank-March-(female)_Thighs__converted","FEMININO/FUNCIONAL/MINIBAND/Resistance-Band-Plank-March-(female)_Thighs__converted.gif","FUNCIONAL","MINIBAND"
"feminino","Resistance-Band-Pull-Through-(female)_Hips__converted","FEMININO/FUNCIONAL/MINIBAND/Resistance-Band-Pull-Through-(female)_Hips__converted.gif","FUNCIONAL","MINIBAND"
"feminino","Resistance-Band-Push-Up-(female)_Chest__converted","FEMININO/FUNCIONAL/MINIBAND/Resistance-Band-Push-Up-(female)_Chest__converted.gif","FUNCIONAL","MINIBAND"
"feminino","Resistance-Band-Seated-Bent-Knee-Abduction-(female_converted","FEMININO/FUNCIONAL/MINIBAND/Resistance-Band-Seated-Bent-Knee-Abduction-(female_converted.gif","FUNCIONAL","MINIBAND"
"feminino","Resistance-Band-Seated-Hip-Abduction-(female)_Hips_converted","FEMININO/FUNCIONAL/MINIBAND/Resistance-Band-Seated-Hip-Abduction-(female)_Hips_converted.gif","FUNCIONAL","MINIBAND"
"geral","Resistance-Band-Seated-Hip-Abduction-(VERSION-2)-(_converted","FEMININO/FUNCIONAL/MINIBAND/Resistance-Band-Seated-Hip-Abduction-(VERSION-2)-(_converted.gif","FUNCIONAL","MINIBAND"
"feminino","Resistance-Band-Seated-Row-(female)_Back__converted","FEMININO/FUNCIONAL/MINIBAND/Resistance-Band-Seated-Row-(female)_Back__converted.gif","FUNCIONAL","MINIBAND"
"geral","Resistance-Band-Seated-Shoulder-Stretch-Behind-the_converted","FEMININO/FUNCIONAL/MINIBAND/Resistance-Band-Seated-Shoulder-Stretch-Behind-the_converted.gif","FUNCIONAL","MINIBAND"
"feminino","Resistance-Band-Shoulder-Adduction-(female)_Back__converted","FEMININO/FUNCIONAL/MINIBAND/Resistance-Band-Shoulder-Adduction-(female)_Back__converted.gif","FUNCIONAL","MINIBAND"
"geral","Resistance-Band-Shoulder-External-Rotation-in-Supp_converted","FEMININO/FUNCIONAL/MINIBAND/Resistance-Band-Shoulder-External-Rotation-in-Supp_converted.gif","FUNCIONAL","MINIBAND"
"feminino","Resistance-Band-Side-Lunge-(female)_Thighs__converted","FEMININO/FUNCIONAL/MINIBAND/Resistance-Band-Side-Lunge-(female)_Thighs__converted.gif","FUNCIONAL","MINIBAND"
"geral","Resistance-Band-Sitting-Lateral-Raise-on-a-Chair-(_converted","FEMININO/FUNCIONAL/MINIBAND/Resistance-Band-Sitting-Lateral-Raise-on-a-Chair-(_converted.gif","FUNCIONAL","MINIBAND"
"geral","Resistance-Band-Sitting-Military-Press-on-a-Chair-_converted","FEMININO/FUNCIONAL/MINIBAND/Resistance-Band-Sitting-Military-Press-on-a-Chair-_converted.gif","FUNCIONAL","MINIBAND"
"geral","Resistance-Band-Sitting-Reverse-Butterfly-on-a-Cha_converted","FEMININO/FUNCIONAL/MINIBAND/Resistance-Band-Sitting-Reverse-Butterfly-on-a-Cha_converted.gif","FUNCIONAL","MINIBAND"
"geral","Resistance-Band-Sitting-Serratus-Push-on-a-Chair-(_converted","FEMININO/FUNCIONAL/MINIBAND/Resistance-Band-Sitting-Serratus-Push-on-a-Chair-(_converted.gif","FUNCIONAL","MINIBAND"
"feminino","Resistance-Band-Squat-(female)_Thighs__converted","FEMININO/FUNCIONAL/MINIBAND/Resistance-Band-Squat-(female)_Thighs__converted.gif","FUNCIONAL","MINIBAND"
"feminino","Resistance-Band-Squat-Jump-(female)_Thighs__converted","FEMININO/FUNCIONAL/MINIBAND/Resistance-Band-Squat-Jump-(female)_Thighs__converted.gif","FUNCIONAL","MINIBAND"
"feminino","Resistance-Band-Squat-Step-Out-(female)_Hips__converted","FEMININO/FUNCIONAL/MINIBAND/Resistance-Band-Squat-Step-Out-(female)_Hips__converted.gif","FUNCIONAL","MINIBAND"
"feminino","Resistance-Band-Standing-Balance-Glute-Kickback-(female)_Hips__converted","FEMININO/FUNCIONAL/MINIBAND/Resistance-Band-Standing-Balance-Glute-Kickback-(female)_Hips__converted.gif","FUNCIONAL","MINIBAND"
"geral","Resistance-Band-Standing-Balance-Glute-Kickback-(V 11.40.53_converted","FEMININO/FUNCIONAL/MINIBAND/Resistance-Band-Standing-Balance-Glute-Kickback-(V 11.40.53_converted.gif","FUNCIONAL","MINIBAND"
"geral","Resistance-Band-Standing-Balance-Glute-Kickback-(V_converted","FEMININO/FUNCIONAL/MINIBAND/Resistance-Band-Standing-Balance-Glute-Kickback-(V_converted.gif","FUNCIONAL","MINIBAND"
"geral","Resistance-Band-Standing-Balance-Hip-Abduction-(fe_converted","FEMININO/FUNCIONAL/MINIBAND/Resistance-Band-Standing-Balance-Hip-Abduction-(fe_converted.gif","FUNCIONAL","MINIBAND"
"feminino","Resistance-Band-Standing-External-Rotation-(female_converted","FEMININO/FUNCIONAL/MINIBAND/Resistance-Band-Standing-External-Rotation-(female_converted.gif","FUNCIONAL","MINIBAND"
"feminino","Resistance-Band-Standing-Hip-Abduction-(female)_Hi_converted","FEMININO/FUNCIONAL/MINIBAND/Resistance-Band-Standing-Hip-Abduction-(female)_Hi_converted.gif","FUNCIONAL","MINIBAND"
"geral","Resistance-Band-Standing-Shoulder-Internal-Rotatio_converted","FEMININO/FUNCIONAL/MINIBAND/Resistance-Band-Standing-Shoulder-Internal-Rotatio_converted.gif","FUNCIONAL","MINIBAND"
"geral","Resistance-Band-Standing-Single-Arm-Lateral-Should_converted","FEMININO/FUNCIONAL/MINIBAND/Resistance-Band-Standing-Single-Arm-Lateral-Should_converted.gif","FUNCIONAL","MINIBAND"
"geral","Resistance-Band-Standing-Single-Arm-Shoulder-Flexi_converted","FEMININO/FUNCIONAL/MINIBAND/Resistance-Band-Standing-Single-Arm-Shoulder-Flexi_converted.gif","FUNCIONAL","MINIBAND"
"geral","Resistance-Band-Standing-Straight-Arms-Pulldown-(f_converted","FEMININO/FUNCIONAL/MINIBAND/Resistance-Band-Standing-Straight-Arms-Pulldown-(f_converted.gif","FUNCIONAL","MINIBAND"
"feminino","Resistance-Band-Standing-Trapezius-Press-(female)__converted","FEMININO/FUNCIONAL/MINIBAND/Resistance-Band-Standing-Trapezius-Press-(female)__converted.gif","FUNCIONAL","MINIBAND"
"feminino","Resistance-Band-Standing-Triceps-Pushdown-(female)_converted","FEMININO/FUNCIONAL/MINIBAND/Resistance-Band-Standing-Triceps-Pushdown-(female)_converted.gif","FUNCIONAL","MINIBAND"
"feminino","Resistance-Band-Standing-Y-Raise-(female)_Shoulder_converted","FEMININO/FUNCIONAL/MINIBAND/Resistance-Band-Standing-Y-Raise-(female)_Shoulder_converted.gif","FUNCIONAL","MINIBAND"
"feminino","Resitance-Band-Standing-Serratus-Push-(female)_Che_converted","FEMININO/FUNCIONAL/MINIBAND/Resitance-Band-Standing-Serratus-Push-(female)_Che_converted.gif","FUNCIONAL","MINIBAND"
"feminino","Mountain-Climber-(female)_Cardio_converted","FEMININO/FUNCIONAL/Mountain-Climber-(female)_Cardio_converted.gif","FUNCIONAL","FUNCIONAL"
"feminino","Mountain-Climber-(VERSION-2)-(female)_Plyometrics__converted","FEMININO/FUNCIONAL/Mountain-Climber-(VERSION-2)-(female)_Plyometrics__converted.gif","FUNCIONAL","FUNCIONAL"
"feminino","Mountain-Climber-Lunge-(female)_Plyometrics__converted","FEMININO/FUNCIONAL/Mountain-Climber-Lunge-(female)_Plyometrics__converted.gif","FUNCIONAL","FUNCIONAL"
"feminino","Mountain-Climber-Walk-(female)_Plyometrics__converted","FEMININO/FUNCIONAL/Mountain-Climber-Walk-(female)_Plyometrics__converted.gif","FUNCIONAL","FUNCIONAL"
"feminino","Mountain-Hops-(female)_Plyometrics__converted","FEMININO/FUNCIONAL/Mountain-Hops-(female)_Plyometrics__converted.gif","FUNCIONAL","FUNCIONAL"
"feminino","Mouth-Lips-Vibration-3qPOV-(female)_Face__converted","FEMININO/FUNCIONAL/Mouth-Lips-Vibration-3qPOV-(female)_Face__converted.gif","FUNCIONAL","FUNCIONAL"
"feminino","Mouth-Lips-Vibration-fPOV-(female)_Face__converted","FEMININO/FUNCIONAL/Mouth-Lips-Vibration-fPOV-(female)_Face__converted.gif","FUNCIONAL","FUNCIONAL"
"feminino","Mouth-Open-Wide-fPOV-(female)_Face__converted","FEMININO/FUNCIONAL/Mouth-Open-Wide-fPOV-(female)_Face__converted.gif","FUNCIONAL","FUNCIONAL"
"feminino","Mouth-Side-to-Side-3qPOV-(female)_Face__converted","FEMININO/FUNCIONAL/Mouth-Side-to-Side-3qPOV-(female)_Face__converted.gif","FUNCIONAL","FUNCIONAL"
"feminino","Mouth-Side-to-Side-fPOV-(female)_Face__converted","FEMININO/FUNCIONAL/Mouth-Side-to-Side-fPOV-(female)_Face__converted.gif","FUNCIONAL","FUNCIONAL"
"feminino","Mouth-tWO-3qPOV-(female)_Face__converted","FEMININO/FUNCIONAL/Mouth-tWO-3qPOV-(female)_Face__converted.gif","FUNCIONAL","FUNCIONAL"
"feminino","Mouth-tWO-fPOV-(female)_Face__converted","FEMININO/FUNCIONAL/Mouth-tWO-fPOV-(female)_Face__converted.gif","FUNCIONAL","FUNCIONAL"
"feminino","Moving-Child-Pose-(female)_Stretching__converted","FEMININO/FUNCIONAL/Moving-Child-Pose-(female)_Stretching__converted.gif","FUNCIONAL","FUNCIONAL"
"feminino","Narrow-Lunge-with-Wall-Supported-(female)_Thighs__converted","FEMININO/FUNCIONAL/Narrow-Lunge-with-Wall-Supported-(female)_Thighs__converted.gif","FUNCIONAL","FUNCIONAL"
"feminino","Narrow-Squat-from-Deficit-(female)_Thighs__converted","FEMININO/FUNCIONAL/Narrow-Squat-from-Deficit-(female)_Thighs__converted.gif","FUNCIONAL","FUNCIONAL"
"feminino","Neck-Circle-Stretch-(female)_Neck__converted","FEMININO/FUNCIONAL/Neck-Circle-Stretch-(female)_Neck__converted.gif","FUNCIONAL","FUNCIONAL"
"feminino","Neck-Half-Circle-(female)_Neck__converted","FEMININO/FUNCIONAL/Neck-Half-Circle-(female)_Neck__converted.gif","FUNCIONAL","FUNCIONAL"
"feminino","Neck-Side-Stretch-(female)_Neck_converted","FEMININO/FUNCIONAL/Neck-Side-Stretch-(female)_Neck_converted.gif","FUNCIONAL","FUNCIONAL"
"feminino","Neck-Stretch-with-Hand-Assisted-(female)_Neck__converted","FEMININO/FUNCIONAL/Neck-Stretch-with-Hand-Assisted-(female)_Neck__converted.gif","FUNCIONAL","FUNCIONAL"
"feminino","Neck-Up-Down-Left-Right-(female)_Neck__converted","FEMININO/FUNCIONAL/Neck-Up-Down-Left-Right-(female)_Neck__converted.gif","FUNCIONAL","FUNCIONAL"
"feminino","Negative-Biceps-Leg-Concentration-Curl-(female)_Up_converted","FEMININO/FUNCIONAL/Negative-Biceps-Leg-Concentration-Curl-(female)_Up_converted.gif","FUNCIONAL","FUNCIONAL"
"feminino","Obliques-Twist-High-Knee-and-Kick-(female)_Plyomet_converted","FEMININO/FUNCIONAL/Obliques-Twist-High-Knee-and-Kick-(female)_Plyomet_converted.gif","FUNCIONAL","FUNCIONAL"
"feminino","Open-Pulsing-Glute-Bridge-(female)_Hips__converted","FEMININO/FUNCIONAL/Open-Pulsing-Glute-Bridge-(female)_Hips__converted.gif","FUNCIONAL","FUNCIONAL"
"feminino","Opposite-Leg-Raise-(female)_Hips__converted","FEMININO/FUNCIONAL/Opposite-Leg-Raise-(female)_Hips__converted.gif","FUNCIONAL","FUNCIONAL"
"feminino","Outward-Wrist-Stretch-Clasped-Fingers-(female)_Str_converted","FEMININO/FUNCIONAL/Outward-Wrist-Stretch-Clasped-Fingers-(female)_Str_converted.gif","FUNCIONAL","FUNCIONAL"
"feminino","Overhead-and-Under-Knee-Clap-(female)_Plyometrics__converted","FEMININO/FUNCIONAL/Overhead-and-Under-Knee-Clap-(female)_Plyometrics__converted.gif","FUNCIONAL","FUNCIONAL"
"feminino","Overhead-Clap-(female)_Shoulders_converted","FEMININO/FUNCIONAL/Overhead-Clap-(female)_Shoulders_converted.gif","FUNCIONAL","FUNCIONAL"
"feminino","Overhead-Clap-Knee-Raise-(female)_Plyometrics__converted","FEMININO/FUNCIONAL/Overhead-Clap-Knee-Raise-(female)_Plyometrics__converted.gif","FUNCIONAL","FUNCIONAL"
"feminino","Overhead-Knee-Raise-(female)_Plyometrics__converted","FEMININO/FUNCIONAL/Overhead-Knee-Raise-(female)_Plyometrics__converted.gif","FUNCIONAL","FUNCIONAL"
"feminino","Overhead-Push-Alternate-Knee-Raise-(female)_Plyome_converted","FEMININO/FUNCIONAL/Overhead-Push-Alternate-Knee-Raise-(female)_Plyome_converted.gif","FUNCIONAL","FUNCIONAL"
"feminino","Overhead-Triceps-Stretch-(female)_Upper-Arms__converted","FEMININO/FUNCIONAL/Overhead-Triceps-Stretch-(female)_Upper-Arms__converted.gif","FUNCIONAL","FUNCIONAL"
"feminino","Overhead-Triceps-Stretch-(female)_Upper-Arms-FIX__converted","FEMININO/FUNCIONAL/Overhead-Triceps-Stretch-(female)_Upper-Arms-FIX__converted.gif","FUNCIONAL","FUNCIONAL"
"feminino","Palm-Press-Back-(female)_Back__converted","FEMININO/FUNCIONAL/Palm-Press-Back-(female)_Back__converted.gif","FUNCIONAL","FUNCIONAL"
"feminino","Palm-Push-March-(female)_Plyometrics__converted","FEMININO/FUNCIONAL/Palm-Push-March-(female)_Plyometrics__converted.gif","FUNCIONAL","FUNCIONAL"
"feminino","Palm-up---Palm-down-Rotation-(female)_Shoulders_converted","FEMININO/FUNCIONAL/Palm-up---Palm-down-Rotation-(female)_Shoulders_converted.gif","FUNCIONAL","FUNCIONAL"
"feminino","Palms-Above-Head-Elbow-Squeeze-(female)_Chest__converted","FEMININO/FUNCIONAL/Palms-Above-Head-Elbow-Squeeze-(female)_Chest__converted.gif","FUNCIONAL","FUNCIONAL"
"feminino","Alternate-Ankle-Tap-Under-Sit-agains-Wall-(female)_converted","FEMININO/FUNCIONAL/PAREDE/Alternate-Ankle-Tap-Under-Sit-agains-Wall-(female)_converted.gif","FUNCIONAL","PAREDE"
"feminino","Alternate-Heel-Tap-Sit-agains-Wall-(female)_Calves_converted 2","FEMININO/FUNCIONAL/PAREDE/Alternate-Heel-Tap-Sit-agains-Wall-(female)_Calves_converted 2.gif","FUNCIONAL","PAREDE"
"feminino","Alternate-Heel-Tap-Sit-agains-Wall-(female)_Calves_converted","FEMININO/FUNCIONAL/PAREDE/Alternate-Heel-Tap-Sit-agains-Wall-(female)_Calves_converted.gif","FUNCIONAL","PAREDE"
"feminino","Alternate-Knee-Cross-Over-Sit-agains-Wall-(female)_converted","FEMININO/FUNCIONAL/PAREDE/Alternate-Knee-Cross-Over-Sit-agains-Wall-(female)_converted.gif","FUNCIONAL","PAREDE"
"feminino","Alternate-Leg-Kick-Sit-agains-Wall-(female)_Thighs_converted 2","FEMININO/FUNCIONAL/PAREDE/Alternate-Leg-Kick-Sit-agains-Wall-(female)_Thighs_converted 2.gif","FUNCIONAL","PAREDE"
"feminino","Alternate-Leg-Kick-Sit-agains-Wall-(female)_Thighs_converted","FEMININO/FUNCIONAL/PAREDE/Alternate-Leg-Kick-Sit-agains-Wall-(female)_Thighs_converted.gif","FUNCIONAL","PAREDE"
"feminino","Big-Turn-Back-Stretch-(female)_Chest__converted","FEMININO/FUNCIONAL/PAREDE/Big-Turn-Back-Stretch-(female)_Chest__converted.gif","FUNCIONAL","PAREDE"
"feminino","Bodyweight-Row-Door-Handle-(female)_Back__converted","FEMININO/FUNCIONAL/PAREDE/Bodyweight-Row-Door-Handle-(female)_Back__converted.gif","FUNCIONAL","PAREDE"
"feminino","Calf-Raise-with-Wall-Support-(female)_Calves__converted","FEMININO/FUNCIONAL/PAREDE/Calf-Raise-with-Wall-Support-(female)_Calves__converted.gif","FUNCIONAL","PAREDE"
"feminino","Chair-Sit-Alternate-Heel-Raise-agains-Wall-(female_converted","FEMININO/FUNCIONAL/PAREDE/Chair-Sit-Alternate-Heel-Raise-agains-Wall-(female_converted.gif","FUNCIONAL","PAREDE"
"feminino","Clamshell-Sit-agains-Wall-(female)_Hips__converted","FEMININO/FUNCIONAL/PAREDE/Clamshell-Sit-agains-Wall-(female)_Hips__converted.gif","FUNCIONAL","PAREDE"
"feminino","Coner-Wall-Chest-Stretch-(female)_Chest__converted","FEMININO/FUNCIONAL/PAREDE/Coner-Wall-Chest-Stretch-(female)_Chest__converted.gif","FUNCIONAL","PAREDE"
"feminino","Crunch-against-Wall-(female)_Waist__converted","FEMININO/FUNCIONAL/PAREDE/Crunch-against-Wall-(female)_Waist__converted.gif","FUNCIONAL","PAREDE"
"feminino","Decline-Push-Up-against-Wall-(female)_Chest__converted","FEMININO/FUNCIONAL/PAREDE/Decline-Push-Up-against-Wall-(female)_Chest__converted.gif","FUNCIONAL","PAREDE"
"feminino","Double-Heel-Lift-Sit-agains-Wall-(female)_Calves__converted","FEMININO/FUNCIONAL/PAREDE/Double-Heel-Lift-Sit-agains-Wall-(female)_Calves__converted.gif","FUNCIONAL","PAREDE"
"feminino","Forward-and-Top-Wall-Push-(female)_Chest__converted","FEMININO/FUNCIONAL/PAREDE/Forward-and-Top-Wall-Push-(female)_Chest__converted.gif","FUNCIONAL","PAREDE"
"feminino","Handstand-Push-Up-(female)_Upper-Arms_converted","FEMININO/FUNCIONAL/PAREDE/Handstand-Push-Up-(female)_Upper-Arms_converted.gif","FUNCIONAL","PAREDE"
"feminino","Heels-Squat-Slide-Wall-(female)_Thighs__converted","FEMININO/FUNCIONAL/PAREDE/Heels-Squat-Slide-Wall-(female)_Thighs__converted.gif","FUNCIONAL","PAREDE"
"geral","Internal-and-External-Shoulder-Rotation-against-Wa_converted","FEMININO/FUNCIONAL/PAREDE/Internal-and-External-Shoulder-Rotation-against-Wa_converted.gif","FUNCIONAL","PAREDE"
"feminino","Knees-and-Toes-Point-In-Squat-Slide-Wall-(female)__converted","FEMININO/FUNCIONAL/PAREDE/Knees-and-Toes-Point-In-Squat-Slide-Wall-(female)__converted.gif","FUNCIONAL","PAREDE"
"feminino","Knees-and-Toes-Point-Out-Squat-Slide-Wall-(female)_converted","FEMININO/FUNCIONAL/PAREDE/Knees-and-Toes-Point-Out-Squat-Slide-Wall-(female)_converted.gif","FUNCIONAL","PAREDE"
"feminino","Opposite-Arm-and-Leg-Raise-against-Wall-(female)_H_converted","FEMININO/FUNCIONAL/PAREDE/Opposite-Arm-and-Leg-Raise-against-Wall-(female)_H_converted.gif","FUNCIONAL","PAREDE"
"feminino","Push-up-(wall)-(female)_Chest__converted","FEMININO/FUNCIONAL/PAREDE/Push-up-(wall)-(female)_Chest__converted.gif","FUNCIONAL","PAREDE"
"feminino","Roll-Forearms-Standing-Against-Wall-(female)_Forea_converted","FEMININO/FUNCIONAL/PAREDE/Roll-Forearms-Standing-Against-Wall-(female)_Forea_converted.gif","FUNCIONAL","PAREDE"
"feminino","Scapular-Slide-Back-to-Wall-(female)_Back__converted","FEMININO/FUNCIONAL/PAREDE/Scapular-Slide-Back-to-Wall-(female)_Back__converted.gif","FUNCIONAL","PAREDE"
"feminino","Sit-(wall)-(female)_Thighs__converted","FEMININO/FUNCIONAL/PAREDE/Sit-(wall)-(female)_Thighs__converted.gif","FUNCIONAL","PAREDE"
"geral","Standing-Alternating-Shoulder-Flexion-with-Rope-(f_converted","FEMININO/FUNCIONAL/PAREDE/Standing-Alternating-Shoulder-Flexion-with-Rope-(f_converted.gif","FUNCIONAL","PAREDE"
"geral","Standing-Chest-and-Biceps-Stretch-agains-Wall-(fem_converted","FEMININO/FUNCIONAL/PAREDE/Standing-Chest-and-Biceps-Stretch-agains-Wall-(fem_converted.gif","FUNCIONAL","PAREDE"
"feminino","Standing-Glute-Back-Lift-against-Wall-(female)_Hip_converted","FEMININO/FUNCIONAL/PAREDE/Standing-Glute-Back-Lift-against-Wall-(female)_Hip_converted.gif","FUNCIONAL","PAREDE"
"feminino","Standing-Leg-Half-Circle-against-Wall-(female)_Hip_converted","FEMININO/FUNCIONAL/PAREDE/Standing-Leg-Half-Circle-against-Wall-(female)_Hip_converted.gif","FUNCIONAL","PAREDE"
"feminino","Standing-Pelvic-Tilt-against-Wall-(female)_Hips__converted","FEMININO/FUNCIONAL/PAREDE/Standing-Pelvic-Tilt-against-Wall-(female)_Hips__converted.gif","FUNCIONAL","PAREDE"
"feminino","Standing-Quadriceps-Stretch-(female)_Thighs__converted","FEMININO/FUNCIONAL/PAREDE/Standing-Quadriceps-Stretch-(female)_Thighs__converted.gif","FUNCIONAL","PAREDE"
"feminino","Standing-Serratus-Training-on-the-Wall-(female)_Ch_converted","FEMININO/FUNCIONAL/PAREDE/Standing-Serratus-Training-on-the-Wall-(female)_Ch_converted.gif","FUNCIONAL","PAREDE"
"feminino","Standing-Side-Glute-Raise-against-Wall-(female)_Hi_converted","FEMININO/FUNCIONAL/PAREDE/Standing-Side-Glute-Raise-against-Wall-(female)_Hi_converted.gif","FUNCIONAL","PAREDE"
"feminino","Standing-Single-Arm-Circle-on-a-Wall-(female)_Back_converted","FEMININO/FUNCIONAL/PAREDE/Standing-Single-Arm-Circle-on-a-Wall-(female)_Back_converted.gif","FUNCIONAL","PAREDE"
"feminino","Standing-Single-Chest-Stretch-against-Wall-(female_converted","FEMININO/FUNCIONAL/PAREDE/Standing-Single-Chest-Stretch-against-Wall-(female_converted.gif","FUNCIONAL","PAREDE"
"geral","Standing-Single-Shoulder-Stretch-Wall-Supported-(f_converted","FEMININO/FUNCIONAL/PAREDE/Standing-Single-Shoulder-Stretch-Wall-Supported-(f_converted.gif","FUNCIONAL","PAREDE"
"feminino","Standing-Triceps-Stretch-against-Wall-(female)_Str_converted","FEMININO/FUNCIONAL/PAREDE/Standing-Triceps-Stretch-against-Wall-(female)_Str_converted.gif","FUNCIONAL","PAREDE"
"feminino","Starfish-Crunch-(beginner)-(female)_converted","FEMININO/FUNCIONAL/PAREDE/Starfish-Crunch-(beginner)-(female)_converted.gif","FUNCIONAL","PAREDE"
"feminino","Wide-Push-up-(wall)-(female)_Chest__converted","FEMININO/FUNCIONAL/PAREDE/Wide-Push-up-(wall)-(female)_Chest__converted.gif","FUNCIONAL","PAREDE"
"feminino","Wide-Stance-Side-Lunge-against-Wall-(female)_Hips__converted","FEMININO/FUNCIONAL/PAREDE/Wide-Stance-Side-Lunge-against-Wall-(female)_Hips__converted.gif","FUNCIONAL","PAREDE"
"feminino","Pelvic-Tilt-(female)_Hips-FIX__converted","FEMININO/FUNCIONAL/Pelvic-Tilt-(female)_Hips-FIX__converted.gif","FUNCIONAL","FUNCIONAL"
"feminino","Pendulum-Leg-Plus-(female)_Plyometrics__converted","FEMININO/FUNCIONAL/Pendulum-Leg-Plus-(female)_Plyometrics__converted.gif","FUNCIONAL","FUNCIONAL"
"feminino","Penguin-Step-(female)_Stretching__converted","FEMININO/FUNCIONAL/Penguin-Step-(female)_Stretching__converted.gif","FUNCIONAL","FUNCIONAL"
"feminino","Peroneals-Stretch-(female)_Calves_converted","FEMININO/FUNCIONAL/Peroneals-Stretch-(female)_Calves_converted.gif","FUNCIONAL","FUNCIONAL"
"feminino","Bottle-Weighted-Alternate-Biceps-Curl-(female)_Upp_converted","FEMININO/FUNCIONAL/PESO/Bottle-Weighted-Alternate-Biceps-Curl-(female)_Upp_converted.gif","FUNCIONAL","PESO"
"feminino","Bottle-Weighted-Alternate-Front-Raise-(female)_Sho_converted","FEMININO/FUNCIONAL/PESO/Bottle-Weighted-Alternate-Front-Raise-(female)_Sho_converted.gif","FUNCIONAL","PESO"
"feminino","Bottle-Weighted-Alternate-Hammer-Curl-(female)_Upp_converted","FEMININO/FUNCIONAL/PESO/Bottle-Weighted-Alternate-Hammer-Curl-(female)_Upp_converted.gif","FUNCIONAL","PESO"
"feminino","Bottle-Weighted-Armpit-Row-(female)_Shoulders__converted","FEMININO/FUNCIONAL/PESO/Bottle-Weighted-Armpit-Row-(female)_Shoulders__converted.gif","FUNCIONAL","PESO"
"feminino","Bottle-Weighted-Bent-Over-Reverse-Fly-(female)_Bac_converted","FEMININO/FUNCIONAL/PESO/Bottle-Weighted-Bent-Over-Reverse-Fly-(female)_Bac_converted.gif","FUNCIONAL","PESO"
"feminino","Bottle-Weighted-Bent-Over-Row-(female)_Back__converted","FEMININO/FUNCIONAL/PESO/Bottle-Weighted-Bent-Over-Row-(female)_Back__converted.gif","FUNCIONAL","PESO"
"feminino","Bottle-Weighted-Bent-over-Y-Raise-(female)_Shoulde_converted","FEMININO/FUNCIONAL/PESO/Bottle-Weighted-Bent-over-Y-Raise-(female)_Shoulde_converted.gif","FUNCIONAL","PESO"
"feminino","Bottle-Weighted-Concentration-Curl-(female)_Upper-_converted","FEMININO/FUNCIONAL/PESO/Bottle-Weighted-Concentration-Curl-(female)_Upper-_converted.gif","FUNCIONAL","PESO"
"feminino","Bottle-Weighted-Deadlift-(female)_Hips__converted","FEMININO/FUNCIONAL/PESO/Bottle-Weighted-Deadlift-(female)_Hips__converted.gif","FUNCIONAL","PESO"
"feminino","Bottle-Weighted-Forward-Lunge-(female)_Thighs__converted","FEMININO/FUNCIONAL/PESO/Bottle-Weighted-Forward-Lunge-(female)_Thighs__converted.gif","FUNCIONAL","PESO"
"feminino","Bottle-Weighted-Frog-Crunch-(female)_Waist__converted","FEMININO/FUNCIONAL/PESO/Bottle-Weighted-Frog-Crunch-(female)_Waist__converted.gif","FUNCIONAL","PESO"
"feminino","Bottle-Weighted-Front-Raise-(female)_Shoulders__converted","FEMININO/FUNCIONAL/PESO/Bottle-Weighted-Front-Raise-(female)_Shoulders__converted.gif","FUNCIONAL","PESO"
"feminino","Bottle-Weighted-Front-Squat-(female)_Hips__converted","FEMININO/FUNCIONAL/PESO/Bottle-Weighted-Front-Squat-(female)_Hips__converted.gif","FUNCIONAL","PESO"
"feminino","Bottle-Weighted-Glute-Bridge-(female)_Hips__converted","FEMININO/FUNCIONAL/PESO/Bottle-Weighted-Glute-Bridge-(female)_Hips__converted.gif","FUNCIONAL","PESO"
"feminino","Bottle-Weighted-Gorilla-Row-(female)_Back__converted","FEMININO/FUNCIONAL/PESO/Bottle-Weighted-Gorilla-Row-(female)_Back__converted.gif","FUNCIONAL","PESO"
"feminino","Bottle-Weighted-Halo-(female)_Shoulders__converted","FEMININO/FUNCIONAL/PESO/Bottle-Weighted-Halo-(female)_Shoulders__converted.gif","FUNCIONAL","PESO"
"feminino","Bottle-Weighted-Kickback-(female)_Upper-Arms__converted","FEMININO/FUNCIONAL/PESO/Bottle-Weighted-Kickback-(female)_Upper-Arms__converted.gif","FUNCIONAL","PESO"
"feminino","Bottle-Weighted-Kneeling-Squat-(female)_Thighs__converted","FEMININO/FUNCIONAL/PESO/Bottle-Weighted-Kneeling-Squat-(female)_Thighs__converted.gif","FUNCIONAL","PESO"
"feminino","Bottle-Weighted-Lateral-Raise-(female)_Shoulders__converted","FEMININO/FUNCIONAL/PESO/Bottle-Weighted-Lateral-Raise-(female)_Shoulders__converted.gif","FUNCIONAL","PESO"
"feminino","Bottle-Weighted-Lying-Chest-Press-(female)_Chest__converted","FEMININO/FUNCIONAL/PESO/Bottle-Weighted-Lying-Chest-Press-(female)_Chest__converted.gif","FUNCIONAL","PESO"
"feminino","Bottle-Weighted-Overhead-Crunch-(female)_Waist__converted","FEMININO/FUNCIONAL/PESO/Bottle-Weighted-Overhead-Crunch-(female)_Waist__converted.gif","FUNCIONAL","PESO"
"feminino","Bottle-Weighted-Overhead-Triceps-Extension-(female_converted","FEMININO/FUNCIONAL/PESO/Bottle-Weighted-Overhead-Triceps-Extension-(female_converted.gif","FUNCIONAL","PESO"
"feminino","Bottle-Weighted-Pullover-(female)_Back__converted","FEMININO/FUNCIONAL/PESO/Bottle-Weighted-Pullover-(female)_Back__converted.gif","FUNCIONAL","PESO"
"feminino","Bottle-Weighted-Rear-Lunge-(female)_Thighs__converted","FEMININO/FUNCIONAL/PESO/Bottle-Weighted-Rear-Lunge-(female)_Thighs__converted.gif","FUNCIONAL","PESO"
"feminino","Bottle-Weighted-Reverse-Curl-(female)_Forearms__converted","FEMININO/FUNCIONAL/PESO/Bottle-Weighted-Reverse-Curl-(female)_Forearms__converted.gif","FUNCIONAL","PESO"
"geral","Bottle-Weighted-Reverse-Grip-Concentration-Curl-(f_converted","FEMININO/FUNCIONAL/PESO/Bottle-Weighted-Reverse-Grip-Concentration-Curl-(f_converted.gif","FUNCIONAL","PESO"
"feminino","Bottle-Weighted-Romanian-Deadlift-(female)_Hips__converted","FEMININO/FUNCIONAL/PESO/Bottle-Weighted-Romanian-Deadlift-(female)_Hips__converted.gif","FUNCIONAL","PESO"
"feminino","Bottle-Weighted-Shoulder-Press-(female)_Shoulders__converted","FEMININO/FUNCIONAL/PESO/Bottle-Weighted-Shoulder-Press-(female)_Shoulders__converted.gif","FUNCIONAL","PESO"
"feminino","Bottle-Weighted-Side-Bend-(female)_Waist__converted","FEMININO/FUNCIONAL/PESO/Bottle-Weighted-Side-Bend-(female)_Waist__converted.gif","FUNCIONAL","PESO"
"geral","Bottle-Weighted-Single-Leg-Romanian-Deadlift-(fema_converted","FEMININO/FUNCIONAL/PESO/Bottle-Weighted-Single-Leg-Romanian-Deadlift-(fema_converted.gif","FUNCIONAL","PESO"
"feminino","Bottle-Weighted-Split-Squat-(female)_Thighs__converted","FEMININO/FUNCIONAL/PESO/Bottle-Weighted-Split-Squat-(female)_Thighs__converted.gif","FUNCIONAL","PESO"
"feminino","Bottle-Weighted-Squatting-Alternate-Waves-(female)_converted","FEMININO/FUNCIONAL/PESO/Bottle-Weighted-Squatting-Alternate-Waves-(female)_converted.gif","FUNCIONAL","PESO"
"feminino","Bottle-Weighted-Straight-Legs-Deadlift-(female)_Hi_converted","FEMININO/FUNCIONAL/PESO/Bottle-Weighted-Straight-Legs-Deadlift-(female)_Hi_converted.gif","FUNCIONAL","PESO"
"feminino","Bottle-Weighted-Sumo-Squat-(female)_Hips__converted","FEMININO/FUNCIONAL/PESO/Bottle-Weighted-Sumo-Squat-(female)_Hips__converted.gif","FUNCIONAL","PESO"
"feminino","Bottle-Weighted-Svend-Press-(female)_Chest__converted","FEMININO/FUNCIONAL/PESO/Bottle-Weighted-Svend-Press-(female)_Chest__converted.gif","FUNCIONAL","PESO"
"feminino","Bottle-Weighted-Swing-(female)_Hips__converted","FEMININO/FUNCIONAL/PESO/Bottle-Weighted-Swing-(female)_Hips__converted.gif","FUNCIONAL","PESO"
"feminino","Bottle-Weighted-Two-Arms-Kickback-(female)_Upper-A_converted","FEMININO/FUNCIONAL/PESO/Bottle-Weighted-Two-Arms-Kickback-(female)_Upper-A_converted.gif","FUNCIONAL","PESO"
"feminino","Bottle-Weighted-Upright-Row-(female)_Shoulders__converted","FEMININO/FUNCIONAL/PESO/Bottle-Weighted-Upright-Row-(female)_Shoulders__converted.gif","FUNCIONAL","PESO"
"geral","Weighted-Bottle-Side-Lying-Shoulder-External-Rotat_converted","FEMININO/FUNCIONAL/PESO/Weighted-Bottle-Side-Lying-Shoulder-External-Rotat_converted.gif","FUNCIONAL","PESO"
"feminino","Weighted-Bottle-Standing-Shrug-(female)_Back__converted","FEMININO/FUNCIONAL/PESO/Weighted-Bottle-Standing-Shrug-(female)_Back__converted.gif","FUNCIONAL","PESO"
"geral","Weighted-Leg-Extension-Crunch_Waist-FIX__converted","FEMININO/FUNCIONAL/PESO/Weighted-Leg-Extension-Crunch_Waist-FIX__converted.gif","FUNCIONAL","PESO"
"feminino","Weighted-Lying-Svend-Press-(female)_Chest__converted","FEMININO/FUNCIONAL/PESO/Weighted-Lying-Svend-Press-(female)_Chest__converted.gif","FUNCIONAL","PESO"
"feminino","Weighted-Lying-Twist-(female)_Waist-FIX__converted","FEMININO/FUNCIONAL/PESO/Weighted-Lying-Twist-(female)_Waist-FIX__converted.gif","FUNCIONAL","PESO"
"feminino","Pigeon-Hip-Stretch-(female)_Hips-FIX__converted","FEMININO/FUNCIONAL/Pigeon-Hip-Stretch-(female)_Hips-FIX__converted.gif","FUNCIONAL","FUNCIONAL"
"feminino","Pigeon-Pose-Rock-to-Active-Quad-Stretch-(female)_S_converted","FEMININO/FUNCIONAL/Pigeon-Pose-Rock-to-Active-Quad-Stretch-(female)_S_converted.gif","FUNCIONAL","FUNCIONAL"
"feminino","Pike-Push-up-(female)_Chest_converted","FEMININO/FUNCIONAL/Pike-Push-up-(female)_Chest_converted.gif","FUNCIONAL","FUNCIONAL"
"feminino","Pistol-Squat-to-Box-(female)_Thighs__converted","FEMININO/FUNCIONAL/Pistol-Squat-to-Box-(female)_Thighs__converted.gif","FUNCIONAL","FUNCIONAL"
"feminino","Place-Jog-(female)_Cardio__converted","FEMININO/FUNCIONAL/Place-Jog-(female)_Cardio__converted.gif","FUNCIONAL","FUNCIONAL"
"feminino","Plank-arm-lifts-(female)_Back-FIX__converted","FEMININO/FUNCIONAL/Plank-arm-lifts-(female)_Back-FIX__converted.gif","FUNCIONAL","FUNCIONAL"
"feminino","Plyo-Squat-(female)_Hips__converted","FEMININO/FUNCIONAL/Plyo-Squat-(female)_Hips__converted.gif","FUNCIONAL","FUNCIONAL"
"feminino","Plyo-Squat-Side-Bend-(female)_Hips__converted","FEMININO/FUNCIONAL/Plyo-Squat-Side-Bend-(female)_Hips__converted.gif","FUNCIONAL","FUNCIONAL"
"feminino","Potty-Squat-(female)_Hips__converted","FEMININO/FUNCIONAL/Potty-Squat-(female)_Hips__converted.gif","FUNCIONAL","FUNCIONAL"
"feminino","Power-Sled-Pull-Row-(female)_Back__converted","FEMININO/FUNCIONAL/Power-Sled-Pull-Row-(female)_Back__converted.gif","FUNCIONAL","FUNCIONAL"
"feminino","Power-Sled-Push-(female)_Thighs_converted","FEMININO/FUNCIONAL/Power-Sled-Push-(female)_Thighs_converted.gif","FUNCIONAL","FUNCIONAL"
"feminino","Prayer-Push-(female)_Shoulders__converted","FEMININO/FUNCIONAL/Prayer-Push-(female)_Shoulders__converted.gif","FUNCIONAL","FUNCIONAL"
"feminino","Prayer-Push-Hold-(female)_Chest__converted","FEMININO/FUNCIONAL/Prayer-Push-Hold-(female)_Chest__converted.gif","FUNCIONAL","FUNCIONAL"
"feminino","Prayer-Push-Knee-Thrust-(female)_Plyometrics__converted","FEMININO/FUNCIONAL/Prayer-Push-Knee-Thrust-(female)_Plyometrics__converted.gif","FUNCIONAL","FUNCIONAL"
"geral","Prone-Press-Swan_Pilates_Pilates_converted","FEMININO/FUNCIONAL/Prone-Press-Swan_Pilates_Pilates_converted.gif","FUNCIONAL","FUNCIONAL"
"feminino","Prone-Shoulders-CARs-(female)_Stretching__converted","FEMININO/FUNCIONAL/Prone-Shoulders-CARs-(female)_Stretching__converted.gif","FUNCIONAL","FUNCIONAL"
"feminino","Pull-up-with-Bent-Knee-between-Chairs-(female)_Bac_converted","FEMININO/FUNCIONAL/Pull-up-with-Bent-Knee-between-Chairs-(female)_Bac_converted.gif","FUNCIONAL","FUNCIONAL"
"feminino","Pulse-Row-(female)_Back__converted","FEMININO/FUNCIONAL/Pulse-Row-(female)_Back__converted.gif","FUNCIONAL","FUNCIONAL"
"feminino","Pulse-Split-Lunge-(female)_Thighs__converted","FEMININO/FUNCIONAL/Pulse-Split-Lunge-(female)_Thighs__converted.gif","FUNCIONAL","FUNCIONAL"
"feminino","Pulsing-Adduction-and-Abduction-(female)_Hips__converted","FEMININO/FUNCIONAL/Pulsing-Adduction-and-Abduction-(female)_Hips__converted.gif","FUNCIONAL","FUNCIONAL"
"feminino","Pulsing-Donkey-Kickback-(female)_Hips__converted","FEMININO/FUNCIONAL/Pulsing-Donkey-Kickback-(female)_Hips__converted.gif","FUNCIONAL","FUNCIONAL"
"feminino","Pulsing-Glute-Bridge-(female)_Hips__converted","FEMININO/FUNCIONAL/Pulsing-Glute-Bridge-(female)_Hips__converted.gif","FUNCIONAL","FUNCIONAL"
"feminino","Pulsing-Prayer-Push-(female)_Chest__converted","FEMININO/FUNCIONAL/Pulsing-Prayer-Push-(female)_Chest__converted.gif","FUNCIONAL","FUNCIONAL"
"feminino","Pulsing-Side-Lunge-(female)_Thighs__converted","FEMININO/FUNCIONAL/Pulsing-Side-Lunge-(female)_Thighs__converted.gif","FUNCIONAL","FUNCIONAL"
"feminino","Punch-March-(female)_Plyometrics__converted","FEMININO/FUNCIONAL/Punch-March-(female)_Plyometrics__converted.gif","FUNCIONAL","FUNCIONAL"
"feminino","Punch-Stepback-(female)_Plyometrics__converted","FEMININO/FUNCIONAL/Punch-Stepback-(female)_Plyometrics__converted.gif","FUNCIONAL","FUNCIONAL"
"feminino","Punch-Stepback-(front-POV)-(female)_Plyometrics__converted","FEMININO/FUNCIONAL/Punch-Stepback-(front-POV)-(female)_Plyometrics__converted.gif","FUNCIONAL","FUNCIONAL"
"feminino","Punches-Side-Lunge-(female)_Thighs__converted","FEMININO/FUNCIONAL/Punches-Side-Lunge-(female)_Thighs__converted.gif","FUNCIONAL","FUNCIONAL"
"feminino","Puppy-Pose-(female)_Stretching__converted","FEMININO/FUNCIONAL/Puppy-Pose-(female)_Stretching__converted.gif","FUNCIONAL","FUNCIONAL"
"feminino","Push-and-Arms-Crossover-(female)_Chest__converted","FEMININO/FUNCIONAL/Push-and-Arms-Crossover-(female)_Chest__converted.gif","FUNCIONAL","FUNCIONAL"
"feminino","Push-and-Rotate-(female)_Chest__converted","FEMININO/FUNCIONAL/Push-and-Rotate-(female)_Chest__converted.gif","FUNCIONAL","FUNCIONAL"
"feminino","Push-up-(bosu-ball)-(female)_Chest__converted","FEMININO/FUNCIONAL/Push-up-(bosu-ball)-(female)_Chest__converted.gif","FUNCIONAL","FUNCIONAL"
"feminino","Push-up-(female)_Chest_converted","FEMININO/FUNCIONAL/Push-up-(female)_Chest_converted.gif","FUNCIONAL","FUNCIONAL"
"feminino","Push-up-(on-knees)-(female)_Chest_converted","FEMININO/FUNCIONAL/Push-up-(on-knees)-(female)_Chest_converted.gif","FUNCIONAL","FUNCIONAL"
"feminino","Push-up-(on-knees)-(female)_Chest-FIX__converted","FEMININO/FUNCIONAL/Push-up-(on-knees)-(female)_Chest-FIX__converted.gif","FUNCIONAL","FUNCIONAL"
"feminino","Push-up-on-Forearms-(female)_Upper-Arms__converted","FEMININO/FUNCIONAL/Push-up-on-Forearms-(female)_Upper-Arms__converted.gif","FUNCIONAL","FUNCIONAL"
"feminino","Push-Up-Plus-(female)_Chest__converted","FEMININO/FUNCIONAL/Push-Up-Plus-(female)_Chest__converted.gif","FUNCIONAL","FUNCIONAL"
"feminino","Push-Up-to-Side-Plank-(female)_Chest__converted","FEMININO/FUNCIONAL/Push-Up-to-Side-Plank-(female)_Chest__converted.gif","FUNCIONAL","FUNCIONAL"
"feminino","Quadriceps-lying-stretch-(female)_Thighs_converted","FEMININO/FUNCIONAL/Quadriceps-lying-stretch-(female)_Thighs_converted.gif","FUNCIONAL","FUNCIONAL"
"feminino","Quadruped-Shoulder-CARs-(female)_Stretching__converted","FEMININO/FUNCIONAL/Quadruped-Shoulder-CARs-(female)_Stretching__converted.gif","FUNCIONAL","FUNCIONAL"
"feminino","Quadruped-to-Down-Dog-(female)_Stretching__converted","FEMININO/FUNCIONAL/Quadruped-to-Down-Dog-(female)_Stretching__converted.gif","FUNCIONAL","FUNCIONAL"
"feminino","Quick-Feet-Run-(female)_Cardio__converted","FEMININO/FUNCIONAL/Quick-Feet-Run-(female)_Cardio__converted.gif","FUNCIONAL","FUNCIONAL"
"feminino","Quick-Sumo-Quarter-Squat-(female)_Plyometrics__converted","FEMININO/FUNCIONAL/Quick-Sumo-Quarter-Squat-(female)_Plyometrics__converted.gif","FUNCIONAL","FUNCIONAL"
"feminino","Rear-Deltoid-Stretch-(female)_Shoulders-FIX2__converted","FEMININO/FUNCIONAL/Rear-Deltoid-Stretch-(female)_Shoulders-FIX2__converted.gif","FUNCIONAL","FUNCIONAL"
"feminino","Rear-Fly-Stepback-(female)_Plyometrics__converted","FEMININO/FUNCIONAL/Rear-Fly-Stepback-(female)_Plyometrics__converted.gif","FUNCIONAL","FUNCIONAL"
"feminino","Reverse-Frog-Crunch-(female)_Hips__converted","FEMININO/FUNCIONAL/Reverse-Frog-Crunch-(female)_Hips__converted.gif","FUNCIONAL","FUNCIONAL"
"feminino","Reverse-Lunge-Forward-Lunge-(female)_Thighs__converted","FEMININO/FUNCIONAL/Reverse-Lunge-Forward-Lunge-(female)_Thighs__converted.gif","FUNCIONAL","FUNCIONAL"
"feminino","Reverse-Plank-with-Leg-Lift-(female)_Hips__converted","FEMININO/FUNCIONAL/Reverse-Plank-with-Leg-Lift-(female)_Hips__converted.gif","FUNCIONAL","FUNCIONAL"
"feminino","Reverse-Warrior-Pose-(female)_Stretching__converted","FEMININO/FUNCIONAL/Reverse-Warrior-Pose-(female)_Stretching__converted.gif","FUNCIONAL","FUNCIONAL"
"feminino","Revolved-Chair-(female)_Stretching__converted","FEMININO/FUNCIONAL/Revolved-Chair-(female)_Stretching__converted.gif","FUNCIONAL","FUNCIONAL"
"feminino","Revolved-Head-to-Knee-Pose-(female)_Stretching__converted","FEMININO/FUNCIONAL/Revolved-Head-to-Knee-Pose-(female)_Stretching__converted.gif","FUNCIONAL","FUNCIONAL"
"feminino","Revolved-Side-Angle-Pose-(female)_Stretching__converted","FEMININO/FUNCIONAL/Revolved-Side-Angle-Pose-(female)_Stretching__converted.gif","FUNCIONAL","FUNCIONAL"
"feminino","Riding-Outdoor-Bicycle-(female)_Cardio__converted","FEMININO/FUNCIONAL/Riding-Outdoor-Bicycle-(female)_Cardio__converted.gif","FUNCIONAL","FUNCIONAL"
"feminino","Rocking-Happy-Baby-(female)_Stretching__converted","FEMININO/FUNCIONAL/Rocking-Happy-Baby-(female)_Stretching__converted.gif","FUNCIONAL","FUNCIONAL"
"feminino","Rotating-Neck-Stretch-(female)_Neck__converted","FEMININO/FUNCIONAL/Rotating-Neck-Stretch-(female)_Neck__converted.gif","FUNCIONAL","FUNCIONAL"
"feminino","Round-The-World-Curtsey-(female)_Plyometrics__converted","FEMININO/FUNCIONAL/Round-The-World-Curtsey-(female)_Plyometrics__converted.gif","FUNCIONAL","FUNCIONAL"
"feminino","Row-and-Stepover-(female)_Plyometrics__converted","FEMININO/FUNCIONAL/Row-and-Stepover-(female)_Plyometrics__converted.gif","FUNCIONAL","FUNCIONAL"
"feminino","Run-(female)_Cardio_converted","FEMININO/FUNCIONAL/Run-(female)_Cardio_converted.gif","FUNCIONAL","FUNCIONAL"
"feminino","Run-and-Half-Knee-Bend-(female)_Cardio_converted","FEMININO/FUNCIONAL/Run-and-Half-Knee-Bend-(female)_Cardio_converted.gif","FUNCIONAL","FUNCIONAL"
"feminino","Run-and-Hop-(female)_Cardio_converted","FEMININO/FUNCIONAL/Run-and-Hop-(female)_Cardio_converted.gif","FUNCIONAL","FUNCIONAL"
"feminino","Run-and-Jack-Jump-(female)_Cardio_converted","FEMININO/FUNCIONAL/Run-and-Jack-Jump-(female)_Cardio_converted.gif","FUNCIONAL","FUNCIONAL"
"feminino","Run-and-Semi-Squat-Jump-(female)_Cardio_converted","FEMININO/FUNCIONAL/Run-and-Semi-Squat-Jump-(female)_Cardio_converted.gif","FUNCIONAL","FUNCIONAL"
"feminino","Runners-Stretch-(female)_Thighs-FIX__converted","FEMININO/FUNCIONAL/Runners-Stretch-(female)_Thighs-FIX__converted.gif","FUNCIONAL","FUNCIONAL"
"feminino","Scapula-Dips-(female)_Back_converted","FEMININO/FUNCIONAL/Scapula-Dips-(female)_Back_converted.gif","FUNCIONAL","FUNCIONAL"
"feminino","Scissors-(female)_Pilates_converted","FEMININO/FUNCIONAL/Scissors-(female)_Pilates_converted.gif","FUNCIONAL","FUNCIONAL"
"feminino","Seal-Pose-(female)_Stretching__converted","FEMININO/FUNCIONAL/Seal-Pose-(female)_Stretching__converted.gif","FUNCIONAL","FUNCIONAL"
"feminino","Seal-to-Puppy-Pose-(female)_Stretching__converted","FEMININO/FUNCIONAL/Seal-to-Puppy-Pose-(female)_Stretching__converted.gif","FUNCIONAL","FUNCIONAL"
"feminino","Seated-Abduction-on-a-Chair-(female)_Hips__converted","FEMININO/FUNCIONAL/Seated-Abduction-on-a-Chair-(female)_Hips__converted.gif","FUNCIONAL","FUNCIONAL"
"feminino","Seated-Alternate-Arms-Archer-Back-Rotation-(female_converted","FEMININO/FUNCIONAL/Seated-Alternate-Arms-Archer-Back-Rotation-(female_converted.gif","FUNCIONAL","FUNCIONAL"
"feminino","Seated-Alternate-Arms-Rotation-(female)_Stretching_converted","FEMININO/FUNCIONAL/Seated-Alternate-Arms-Rotation-(female)_Stretching_converted.gif","FUNCIONAL","FUNCIONAL"
"feminino","Seated-Alternate-Butterfly-Knee-Raise-(female)_Hip_converted","FEMININO/FUNCIONAL/Seated-Alternate-Butterfly-Knee-Raise-(female)_Hip_converted.gif","FUNCIONAL","FUNCIONAL"
"geral","Seated-Alternate-Hamstrings-Stretch-on-a-Chair-(fe_converted","FEMININO/FUNCIONAL/Seated-Alternate-Hamstrings-Stretch-on-a-Chair-(fe_converted.gif","FUNCIONAL","FUNCIONAL"
"feminino","Seated-Ankle-Circle-(Clockwise)-(female)_Stretchin_converted","FEMININO/FUNCIONAL/Seated-Ankle-Circle-(Clockwise)-(female)_Stretchin_converted.gif","FUNCIONAL","FUNCIONAL"
"feminino","Seated-Back-Press-(female)_Back__converted","FEMININO/FUNCIONAL/Seated-Back-Press-(female)_Back__converted.gif","FUNCIONAL","FUNCIONAL"
"feminino","Seated-Back-Squeeze-(female)_Back__converted","FEMININO/FUNCIONAL/Seated-Back-Squeeze-(female)_Back__converted.gif","FUNCIONAL","FUNCIONAL"
"feminino","Seated-Back-Stretch-Both-Hands-To-Feet-(female)_St_converted","FEMININO/FUNCIONAL/Seated-Back-Stretch-Both-Hands-To-Feet-(female)_St_converted.gif","FUNCIONAL","FUNCIONAL"
"feminino","Seated-Ballerina-(female)_Shoulders__converted","FEMININO/FUNCIONAL/Seated-Ballerina-(female)_Shoulders__converted.gif","FUNCIONAL","FUNCIONAL"
"feminino","Seated-Behind-Back-Raise-(female)_Back__converted","FEMININO/FUNCIONAL/Seated-Behind-Back-Raise-(female)_Back__converted.gif","FUNCIONAL","FUNCIONAL"
"feminino","Seated-Calf-Rock-on-a-Chair-(female)_Calves__converted","FEMININO/FUNCIONAL/Seated-Calf-Rock-on-a-Chair-(female)_Calves__converted.gif","FUNCIONAL","FUNCIONAL"
"feminino","Seated-Calf-Stretch-(female)_Calves_converted","FEMININO/FUNCIONAL/Seated-Calf-Stretch-(female)_Calves_converted.gif","FUNCIONAL","FUNCIONAL"
"feminino","Seated-Calf-Stretch-(VERSION-2)-(female)_Calves-FI_converted","FEMININO/FUNCIONAL/Seated-Calf-Stretch-(VERSION-2)-(female)_Calves-FI_converted.gif","FUNCIONAL","FUNCIONAL"
"geral","Seated-Chest-Clam_Stretching__converted","FEMININO/FUNCIONAL/Seated-Chest-Clam_Stretching__converted.gif","FUNCIONAL","FUNCIONAL"
"feminino","Seated-Cross-Body-Hamstring-Reach-(female)_Stretch_converted","FEMININO/FUNCIONAL/Seated-Cross-Body-Hamstring-Reach-(female)_Stretch_converted.gif","FUNCIONAL","FUNCIONAL"
"feminino","Seated-Cross-Body-Stretch-(female)_Stretching__converted","FEMININO/FUNCIONAL/Seated-Cross-Body-Stretch-(female)_Stretching__converted.gif","FUNCIONAL","FUNCIONAL"
"feminino","Seated-Cross-Leg-Stretch-Hold-(female)_Stretching__converted","FEMININO/FUNCIONAL/Seated-Cross-Leg-Stretch-Hold-(female)_Stretching__converted.gif","FUNCIONAL","FUNCIONAL"
"feminino","Seated-Crossover-Shoulders-Stretch-(female)_Stretc_converted","FEMININO/FUNCIONAL/Seated-Crossover-Shoulders-Stretch-(female)_Stretc_converted.gif","FUNCIONAL","FUNCIONAL"
"feminino","Seated-Deep-Neck-Stretch-(female)_Stretching__converted","FEMININO/FUNCIONAL/Seated-Deep-Neck-Stretch-(female)_Stretching__converted.gif","FUNCIONAL","FUNCIONAL"
"feminino","Seated-Dynamic-Chest-Stretch-(female)_Stretching__converted","FEMININO/FUNCIONAL/Seated-Dynamic-Chest-Stretch-(female)_Stretching__converted.gif","FUNCIONAL","FUNCIONAL"
"feminino","Seated-Forward-Reach-(female)_Stretching__converted","FEMININO/FUNCIONAL/Seated-Forward-Reach-(female)_Stretching__converted.gif","FUNCIONAL","FUNCIONAL"
"feminino","Seated-Forward-Reach-Arms-Interlock-(female)_Stret_converted","FEMININO/FUNCIONAL/Seated-Forward-Reach-Arms-Interlock-(female)_Stret_converted.gif","FUNCIONAL","FUNCIONAL"
"feminino","Seated-Forward-Reach-to-W-Pose-(female)_Stretching_converted","FEMININO/FUNCIONAL/Seated-Forward-Reach-to-W-Pose-(female)_Stretching_converted.gif","FUNCIONAL","FUNCIONAL"
"feminino","Seated-Hamstring-Kick-Out-(female)_Stretching__converted","FEMININO/FUNCIONAL/Seated-Hamstring-Kick-Out-(female)_Stretching__converted.gif","FUNCIONAL","FUNCIONAL"
"feminino","Seated-Hamstring-Side-Stretch-(female)_Stretching__converted","FEMININO/FUNCIONAL/Seated-Hamstring-Side-Stretch-(female)_Stretching__converted.gif","FUNCIONAL","FUNCIONAL"
"feminino","Seated-Hands-to-Feet-Hold-(female)_Stretching__converted","FEMININO/FUNCIONAL/Seated-Hands-to-Feet-Hold-(female)_Stretching__converted.gif","FUNCIONAL","FUNCIONAL"
"geral","Seated-Hip-External-Rotator-And-Hip-Extensor-Stret 11.40.54_converted","FEMININO/FUNCIONAL/Seated-Hip-External-Rotator-And-Hip-Extensor-Stret 11.40.54_converted.gif","FUNCIONAL","FUNCIONAL"
"geral","Seated-Hip-External-Rotator-And-Hip-Extensor-Stret_converted","FEMININO/FUNCIONAL/Seated-Hip-External-Rotator-And-Hip-Extensor-Stret_converted.gif","FUNCIONAL","FUNCIONAL"
"feminino","Seated-Knee-Hug-Glute-Stretch-(female)_Stretching__converted","FEMININO/FUNCIONAL/Seated-Knee-Hug-Glute-Stretch-(female)_Stretching__converted.gif","FUNCIONAL","FUNCIONAL"
"feminino","Seated-Knee-Slide-(female)_Stretching__converted","FEMININO/FUNCIONAL/Seated-Knee-Slide-(female)_Stretching__converted.gif","FUNCIONAL","FUNCIONAL"
"feminino","Seated-Knee-Up-Rotation-Stretch-(female)_Hips__converted","FEMININO/FUNCIONAL/Seated-Knee-Up-Rotation-Stretch-(female)_Hips__converted.gif","FUNCIONAL","FUNCIONAL"
"feminino","Seated-Lower-Back-Stretch-(female)_Back_converted","FEMININO/FUNCIONAL/Seated-Lower-Back-Stretch-(female)_Back_converted.gif","FUNCIONAL","FUNCIONAL"
"feminino","Seated-Neck-Tap-(female)_Upper-Arms__converted","FEMININO/FUNCIONAL/Seated-Neck-Tap-(female)_Upper-Arms__converted.gif","FUNCIONAL","FUNCIONAL"
"feminino","Seated-Open-Wings-(female)_Back__converted","FEMININO/FUNCIONAL/Seated-Open-Wings-(female)_Back__converted.gif","FUNCIONAL","FUNCIONAL"
"feminino","Seated-Overhead-Reach-Press-(female)_Back__converted","FEMININO/FUNCIONAL/Seated-Overhead-Reach-Press-(female)_Back__converted.gif","FUNCIONAL","FUNCIONAL"
"geral","Seated-Overhead-Side-and-45-degrees-Bend-Forward-(_converted","FEMININO/FUNCIONAL/Seated-Overhead-Side-and-45-degrees-Bend-Forward-(_converted.gif","FUNCIONAL","FUNCIONAL"
"feminino","Seated-Overhead-Triceps-Extension-(female)_Upper-A_converted","FEMININO/FUNCIONAL/Seated-Overhead-Triceps-Extension-(female)_Upper-A_converted.gif","FUNCIONAL","FUNCIONAL"
"feminino","Seated-Pigeon-Stretch-(female)_Hips__converted","FEMININO/FUNCIONAL/Seated-Pigeon-Stretch-(female)_Hips__converted.gif","FUNCIONAL","FUNCIONAL"
"feminino","Seated-Pulse-Back-Squeeze-(female)_Back__converted","FEMININO/FUNCIONAL/Seated-Pulse-Back-Squeeze-(female)_Back__converted.gif","FUNCIONAL","FUNCIONAL"
"feminino","Seated-Raised-Arms-Inhale-(female)_Stretching__converted","FEMININO/FUNCIONAL/Seated-Raised-Arms-Inhale-(female)_Stretching__converted.gif","FUNCIONAL","FUNCIONAL"
"feminino","Seated-Rotation-Stretch-(female)_Stretching__converted","FEMININO/FUNCIONAL/Seated-Rotation-Stretch-(female)_Stretching__converted.gif","FUNCIONAL","FUNCIONAL"
"feminino","Seated-Scapular-Rotation-(female)_Back__converted","FEMININO/FUNCIONAL/Seated-Scapular-Rotation-(female)_Back__converted.gif","FUNCIONAL","FUNCIONAL"
"feminino","Seated-Shoulder-Anti-Clockwise-Circle-(female)_Bac_converted","FEMININO/FUNCIONAL/Seated-Shoulder-Anti-Clockwise-Circle-(female)_Bac_converted.gif","FUNCIONAL","FUNCIONAL"
"feminino","Seated-Shoulder-Circle-(female)_Back__converted","FEMININO/FUNCIONAL/Seated-Shoulder-Circle-(female)_Back__converted.gif","FUNCIONAL","FUNCIONAL"
"feminino","Seated-Shoulder-Flexor-Depresor-Retractor-Stretch-Bent-Knee-(female)_Shoulders_converted","FEMININO/FUNCIONAL/Seated-Shoulder-Flexor-Depresor-Retractor-Stretch-Bent-Knee-(female)_Shoulders_converted.gif","FUNCIONAL","FUNCIONAL"
"feminino","Seated-Shoulder-Rotation-(female)_Stretching__converted","FEMININO/FUNCIONAL/Seated-Shoulder-Rotation-(female)_Stretching__converted.gif","FUNCIONAL","FUNCIONAL"
"feminino","Seated-Shoulder-Stretch-(female)_Stretching__converted","FEMININO/FUNCIONAL/Seated-Shoulder-Stretch-(female)_Stretching__converted.gif","FUNCIONAL","FUNCIONAL"
"feminino","Seated-Shoulder-Waves-(female)_Shoulders__converted","FEMININO/FUNCIONAL/Seated-Shoulder-Waves-(female)_Shoulders__converted.gif","FUNCIONAL","FUNCIONAL"
"feminino","Seated-Shoulders-Tap-(female)_Upper-Arms__converted","FEMININO/FUNCIONAL/Seated-Shoulders-Tap-(female)_Upper-Arms__converted.gif","FUNCIONAL","FUNCIONAL"
"feminino","Seated-Side-Bend-Shoulder-Stretch-(female)_Stretch_converted","FEMININO/FUNCIONAL/Seated-Side-Bend-Shoulder-Stretch-(female)_Stretch_converted.gif","FUNCIONAL","FUNCIONAL"
"feminino","Seated-Side-Glute-Lift-on-a-Chair-(female)_Hips__converted","FEMININO/FUNCIONAL/Seated-Side-Glute-Lift-on-a-Chair-(female)_Hips__converted.gif","FUNCIONAL","FUNCIONAL"
"feminino","Seated-Side-Neck-Stretch-on-a-padded-stool-(female_converted","FEMININO/FUNCIONAL/Seated-Side-Neck-Stretch-on-a-padded-stool-(female_converted.gif","FUNCIONAL","FUNCIONAL"
"feminino","Seated-Single-Leg-Hamstring-Stretch_Thighs-(female)_converted","FEMININO/FUNCIONAL/Seated-Single-Leg-Hamstring-Stretch_Thighs-(female)_converted.gif","FUNCIONAL","FUNCIONAL"
"feminino","Seated-Single-Leg-Raise-(female)_Hips__converted","FEMININO/FUNCIONAL/Seated-Single-Leg-Raise-(female)_Hips__converted.gif","FUNCIONAL","FUNCIONAL"
"geral","Seated-Sky-Look_Stretching__converted","FEMININO/FUNCIONAL/Seated-Sky-Look_Stretching__converted.gif","FUNCIONAL","FUNCIONAL"
"feminino","Seated-Stick-Pass-Around-Stretch-(female)_Shoulder_converted","FEMININO/FUNCIONAL/Seated-Stick-Pass-Around-Stretch-(female)_Shoulder_converted.gif","FUNCIONAL","FUNCIONAL"
"feminino","Seated-Straight-Leg-Calf-Stretch-(female)_Calves__converted","FEMININO/FUNCIONAL/Seated-Straight-Leg-Calf-Stretch-(female)_Calves__converted.gif","FUNCIONAL","FUNCIONAL"
"feminino","Side-Bend-Side-Lunge-(female)_Plyometrics__converted","FEMININO/FUNCIONAL/Side-Bend-Side-Lunge-(female)_Plyometrics__converted.gif","FUNCIONAL","FUNCIONAL"
"feminino","Side-Bow-Stretch-(female)_Waist__converted","FEMININO/FUNCIONAL/Side-Bow-Stretch-(female)_Waist__converted.gif","FUNCIONAL","FUNCIONAL"
"feminino","Side-Bridge-(bent-knee)-(female)_Thighs__converted","FEMININO/FUNCIONAL/Side-Bridge-(bent-knee)-(female)_Thighs__converted.gif","FUNCIONAL","FUNCIONAL"
"feminino","Side-Bridge-Hip-Abduction-(female)_Hips__converted","FEMININO/FUNCIONAL/Side-Bridge-Hip-Abduction-(female)_Hips__converted.gif","FUNCIONAL","FUNCIONAL"
"feminino","Side-Bridge-Hip-Abduction-(star)-(female)_Hips_converted","FEMININO/FUNCIONAL/Side-Bridge-Hip-Abduction-(star)-(female)_Hips_converted.gif","FUNCIONAL","FUNCIONAL"
"feminino","Side-Camel-(female)_Stretching__converted","FEMININO/FUNCIONAL/Side-Camel-(female)_Stretching__converted.gif","FUNCIONAL","FUNCIONAL"
"feminino","Side-Crab-Walk-Back-Fly-(female)_Plyometrics__converted","FEMININO/FUNCIONAL/Side-Crab-Walk-Back-Fly-(female)_Plyometrics__converted.gif","FUNCIONAL","FUNCIONAL"
"feminino","Side-Glute-Raise-Chair-Supported-(female)_Hips__converted","FEMININO/FUNCIONAL/Side-Glute-Raise-Chair-Supported-(female)_Hips__converted.gif","FUNCIONAL","FUNCIONAL"
"feminino","Side-Hip-Abduction-(female)_Hips__converted","FEMININO/FUNCIONAL/Side-Hip-Abduction-(female)_Hips__converted.gif","FUNCIONAL","FUNCIONAL"
"feminino","Side-Kick-Burpee-(female)_HIIT__converted","FEMININO/FUNCIONAL/Side-Kick-Burpee-(female)_HIIT__converted.gif","FUNCIONAL","FUNCIONAL"
"feminino","Side-Knee-Leg-Raise-(female)_Plyometrics__converted","FEMININO/FUNCIONAL/Side-Knee-Leg-Raise-(female)_Plyometrics__converted.gif","FUNCIONAL","FUNCIONAL"
"feminino","Side-Knee-Leg-Raise-Pressdown-(female)_Plyometrics_converted","FEMININO/FUNCIONAL/Side-Knee-Leg-Raise-Pressdown-(female)_Plyometrics_converted.gif","FUNCIONAL","FUNCIONAL"
"feminino","Side-Lunge-Hop-(female)_Plyometrics__converted","FEMININO/FUNCIONAL/Side-Lunge-Hop-(female)_Plyometrics__converted.gif","FUNCIONAL","FUNCIONAL"
"feminino","Side-Lunge-Overhead-Reach-(female)_Plyometrics-col_converted","FEMININO/FUNCIONAL/Side-Lunge-Overhead-Reach-(female)_Plyometrics-col_converted.gif","FUNCIONAL","FUNCIONAL"
"feminino","Side-Lunge-Rock-(advanced)-(female)_Hips__converted","FEMININO/FUNCIONAL/Side-Lunge-Rock-(advanced)-(female)_Hips__converted.gif","FUNCIONAL","FUNCIONAL"
"feminino","Side-Lunge-Rock-(beginner)-(female)_Hips__converted","FEMININO/FUNCIONAL/Side-Lunge-Rock-(beginner)-(female)_Hips__converted.gif","FUNCIONAL","FUNCIONAL"
"feminino","Side-Lunge-Stretch-(female)_Thighs_converted","FEMININO/FUNCIONAL/Side-Lunge-Stretch-(female)_Thighs_converted.gif","FUNCIONAL","FUNCIONAL"
"feminino","Side-Lunge-Stretch-(VERSION-2)-(advanced)-(female)_converted","FEMININO/FUNCIONAL/Side-Lunge-Stretch-(VERSION-2)-(advanced)-(female)_converted.gif","FUNCIONAL","FUNCIONAL"
"feminino","Side-Lunge-Wood-Chop-(female)_Plyometrics__converted","FEMININO/FUNCIONAL/Side-Lunge-Wood-Chop-(female)_Plyometrics__converted.gif","FUNCIONAL","FUNCIONAL"
"feminino","Side-Lying-90-Degrees-Hip-Clam-(female)_Hips__converted","FEMININO/FUNCIONAL/Side-Lying-90-Degrees-Hip-Clam-(female)_Hips__converted.gif","FUNCIONAL","FUNCIONAL"
"feminino","Side-Lying-90-Degrees-Hip-Clam-and-Kick-(female)_H_converted","FEMININO/FUNCIONAL/Side-Lying-90-Degrees-Hip-Clam-and-Kick-(female)_H_converted.gif","FUNCIONAL","FUNCIONAL"
"feminino","Side-Lying-Abdominal-Press-against-Arm-(female)_Wa_converted","FEMININO/FUNCIONAL/Side-Lying-Abdominal-Press-against-Arm-(female)_Wa_converted.gif","FUNCIONAL","FUNCIONAL"
"feminino","Side-Lying-Diagonal-Backward-Leg-Raise-(female)_Hi_converted","FEMININO/FUNCIONAL/Side-Lying-Diagonal-Backward-Leg-Raise-(female)_Hi_converted.gif","FUNCIONAL","FUNCIONAL"
"feminino","Side-Lying-Heel-and-Knee-Taps-(female)_Hips__converted","FEMININO/FUNCIONAL/Side-Lying-Heel-and-Knee-Taps-(female)_Hips__converted.gif","FUNCIONAL","FUNCIONAL"
"feminino","Side-Lying-Heel-Reaches-(female)_Hips__converted","FEMININO/FUNCIONAL/Side-Lying-Heel-Reaches-(female)_Hips__converted.gif","FUNCIONAL","FUNCIONAL"
"feminino","Side-Lying-Hip-Circle-(female)_Hips__converted","FEMININO/FUNCIONAL/Side-Lying-Hip-Circle-(female)_Hips__converted.gif","FUNCIONAL","FUNCIONAL"
"feminino","Side-Lying-Kickout-(female)_Hips__converted","FEMININO/FUNCIONAL/Side-Lying-Kickout-(female)_Hips__converted.gif","FUNCIONAL","FUNCIONAL"
"feminino","Side-Lying-Knee-Circle-Kick-(female)_Hips__converted","FEMININO/FUNCIONAL/Side-Lying-Knee-Circle-Kick-(female)_Hips__converted.gif","FUNCIONAL","FUNCIONAL"
"feminino","Side-Lying-Legs-Lift-(female)_Hips__converted","FEMININO/FUNCIONAL/Side-Lying-Legs-Lift-(female)_Hips__converted.gif","FUNCIONAL","FUNCIONAL"
"feminino","Side-Lying-Quadriceps-Stretch-(female)_Stretching__converted","FEMININO/FUNCIONAL/Side-Lying-Quadriceps-Stretch-(female)_Stretching__converted.gif","FUNCIONAL","FUNCIONAL"
"geral","Side-Lying-Scissors_Hips_converted","FEMININO/FUNCIONAL/Side-Lying-Scissors_Hips_converted.gif","FUNCIONAL","FUNCIONAL"
"feminino","Side-Lying-Side-Lift-free-Lateral-Flexion-(female)_converted","FEMININO/FUNCIONAL/Side-Lying-Side-Lift-free-Lateral-Flexion-(female)_converted.gif","FUNCIONAL","FUNCIONAL"
"feminino","Side-Lying-Side-Thigh-Push-(female)_Hips__converted","FEMININO/FUNCIONAL/Side-Lying-Side-Thigh-Push-(female)_Hips__converted.gif","FUNCIONAL","FUNCIONAL"
"feminino","Side-Lying-Single-Leg-Adduction-Hold-(female)_Stre_converted","FEMININO/FUNCIONAL/Side-Lying-Single-Leg-Adduction-Hold-(female)_Stre_converted.gif","FUNCIONAL","FUNCIONAL"
"feminino","Side-Lying-T-Thigh-Raise-(female)_Hips__converted","FEMININO/FUNCIONAL/Side-Lying-T-Thigh-Raise-(female)_Hips__converted.gif","FUNCIONAL","FUNCIONAL"
"feminino","Side-Lying-T-Thigh-Raise-Hold-(female)_Hips__converted","FEMININO/FUNCIONAL/Side-Lying-T-Thigh-Raise-Hold-(female)_Hips__converted.gif","FUNCIONAL","FUNCIONAL"
"feminino","Side-Lying-Thoracic-Open-Book-(female)_Stretching__converted","FEMININO/FUNCIONAL/Side-Lying-Thoracic-Open-Book-(female)_Stretching__converted.gif","FUNCIONAL","FUNCIONAL"
"geral","Side-Plank---Butt-(WRONG-RIGHT)__converted","FEMININO/FUNCIONAL/Side-Plank---Butt-(WRONG-RIGHT)__converted.gif","FUNCIONAL","FUNCIONAL"
"feminino","Side-Plank-Leg-raise-(female)_Hips_converted","FEMININO/FUNCIONAL/Side-Plank-Leg-raise-(female)_Hips_converted.gif","FUNCIONAL","FUNCIONAL"
"geral","Side-Plank-Rotation-a-padded-stool-Supported-(fema_converted","FEMININO/FUNCIONAL/Side-Plank-Rotation-a-padded-stool-Supported-(fema_converted.gif","FUNCIONAL","FUNCIONAL"
"geral","Side-Plank-with-Raised-Leg-(VERSION-2)-(left)-(fem_converted","FEMININO/FUNCIONAL/Side-Plank-with-Raised-Leg-(VERSION-2)-(left)-(fem_converted.gif","FUNCIONAL","FUNCIONAL"
"feminino","Side-Shuffle-Forward-Punch-(female)_Plyometrics__converted","FEMININO/FUNCIONAL/Side-Shuffle-Forward-Punch-(female)_Plyometrics__converted.gif","FUNCIONAL","FUNCIONAL"
"feminino","Side-Shuffle-Leg-Side-Lift-(female)_Plyometrics__converted","FEMININO/FUNCIONAL/Side-Shuffle-Leg-Side-Lift-(female)_Plyometrics__converted.gif","FUNCIONAL","FUNCIONAL"
"feminino","Side-Sitting-Inner-Thigh-Tap-(female)_Hips__converted","FEMININO/FUNCIONAL/Side-Sitting-Inner-Thigh-Tap-(female)_Hips__converted.gif","FUNCIONAL","FUNCIONAL"
"feminino","Side-Split-(female)_Stretching__converted","FEMININO/FUNCIONAL/Side-Split-(female)_Stretching__converted.gif","FUNCIONAL","FUNCIONAL"
"feminino","Side-Squat-(female)_Thighs__converted","FEMININO/FUNCIONAL/Side-Squat-(female)_Thighs__converted.gif","FUNCIONAL","FUNCIONAL"
"feminino","Side-Squat-Jack-(female)_Plyometrics__converted","FEMININO/FUNCIONAL/Side-Squat-Jack-(female)_Plyometrics__converted.gif","FUNCIONAL","FUNCIONAL"
"feminino","Side-Squat-Touchdown-(female)_Plyometrics__converted","FEMININO/FUNCIONAL/Side-Squat-Touchdown-(female)_Plyometrics__converted.gif","FUNCIONAL","FUNCIONAL"
"feminino","Side-Step-Arm-Circle-(female)_Plyometrics__converted","FEMININO/FUNCIONAL/Side-Step-Arm-Circle-(female)_Plyometrics__converted.gif","FUNCIONAL","FUNCIONAL"
"feminino","Side-Step-Arm-Circle-(VERSION-2)-(female)_Plyometr_converted","FEMININO/FUNCIONAL/Side-Step-Arm-Circle-(VERSION-2)-(female)_Plyometr_converted.gif","FUNCIONAL","FUNCIONAL"
"feminino","Side-Step-Arm-Curl-(female)_Plyometrics__converted","FEMININO/FUNCIONAL/Side-Step-Arm-Curl-(female)_Plyometrics__converted.gif","FUNCIONAL","FUNCIONAL"
"geral","Side-Step-Arm-Pulse-(male)_Plyometrics__converted","FEMININO/FUNCIONAL/Side-Step-Arm-Pulse-(male)_Plyometrics__converted.gif","FUNCIONAL","FUNCIONAL"
"feminino","Side-Step-Arm-Stretched-(female)_Plyometrics__converted","FEMININO/FUNCIONAL/Side-Step-Arm-Stretched-(female)_Plyometrics__converted.gif","FUNCIONAL","FUNCIONAL"
"feminino","Side-Step-Arms-Rainbow-(female)_Plyometrics__converted","FEMININO/FUNCIONAL/Side-Step-Arms-Rainbow-(female)_Plyometrics__converted.gif","FUNCIONAL","FUNCIONAL"
"feminino","Side-Step-Boxing-Handroll-(female)_Plyometrics__converted","FEMININO/FUNCIONAL/Side-Step-Boxing-Handroll-(female)_Plyometrics__converted.gif","FUNCIONAL","FUNCIONAL"
"feminino","Side-Step-Chest-Fly-Walk-(female)_Plyometrics__converted","FEMININO/FUNCIONAL/Side-Step-Chest-Fly-Walk-(female)_Plyometrics__converted.gif","FUNCIONAL","FUNCIONAL"
"feminino","Side-Step-Chest-Squeez-(female)_Plyometrics__converted","FEMININO/FUNCIONAL/Side-Step-Chest-Squeez-(female)_Plyometrics__converted.gif","FUNCIONAL","FUNCIONAL"
"feminino","Side-Step-Deep-Squat-(female)_Plyometrics__converted","FEMININO/FUNCIONAL/Side-Step-Deep-Squat-(female)_Plyometrics__converted.gif","FUNCIONAL","FUNCIONAL"
"feminino","Side-Step-Diagonal-Punches-(female)_Plyometrics__converted","FEMININO/FUNCIONAL/Side-Step-Diagonal-Punches-(female)_Plyometrics__converted.gif","FUNCIONAL","FUNCIONAL"
"feminino","Side-Step-Diagonal-Reaches-(female)_Plyometrics__converted","FEMININO/FUNCIONAL/Side-Step-Diagonal-Reaches-(female)_Plyometrics__converted.gif","FUNCIONAL","FUNCIONAL"
"feminino","Side-Step-Downward-Punch-(female)_Plyometrics__converted","FEMININO/FUNCIONAL/Side-Step-Downward-Punch-(female)_Plyometrics__converted.gif","FUNCIONAL","FUNCIONAL"
"feminino","Side-Step-Front-Punches-(female)_Plyometrics__converted","FEMININO/FUNCIONAL/Side-Step-Front-Punches-(female)_Plyometrics__converted.gif","FUNCIONAL","FUNCIONAL"
"feminino","Side-Step-Grab-(female)_Plyometrics__converted","FEMININO/FUNCIONAL/Side-Step-Grab-(female)_Plyometrics__converted.gif","FUNCIONAL","FUNCIONAL"
"feminino","Side-Step-Knee-Reach-(female)_Plyometrics__converted","FEMININO/FUNCIONAL/Side-Step-Knee-Reach-(female)_Plyometrics__converted.gif","FUNCIONAL","FUNCIONAL"
"feminino","Side-Step-Overhead-Front-Raise-(female)_Plyometric_converted","FEMININO/FUNCIONAL/Side-Step-Overhead-Front-Raise-(female)_Plyometric_converted.gif","FUNCIONAL","FUNCIONAL"
"feminino","Side-Step-Punch-(female)_Plyometrics__converted","FEMININO/FUNCIONAL/Side-Step-Punch-(female)_Plyometrics__converted.gif","FUNCIONAL","FUNCIONAL"
"feminino","Side-Step-Rear-Delt-Row-(female)_Plyometrics__converted","FEMININO/FUNCIONAL/Side-Step-Rear-Delt-Row-(female)_Plyometrics__converted.gif","FUNCIONAL","FUNCIONAL"
"feminino","Side-Step-Row-(female)_Plyometrics__converted","FEMININO/FUNCIONAL/Side-Step-Row-(female)_Plyometrics__converted.gif","FUNCIONAL","FUNCIONAL"
"feminino","Side-Step-Sprinting-Arms-(female)_Plyometrics_ 1_converted","FEMININO/FUNCIONAL/Side-Step-Sprinting-Arms-(female)_Plyometrics_ 1_converted.gif","FUNCIONAL","FUNCIONAL"
"feminino","Side-Step-Sprinting-Arms-(female)_Plyometrics__converted","FEMININO/FUNCIONAL/Side-Step-Sprinting-Arms-(female)_Plyometrics__converted.gif","FUNCIONAL","FUNCIONAL"
"feminino","Side-Step-Squat-(female)_Hips__converted","FEMININO/FUNCIONAL/Side-Step-Squat-(female)_Hips__converted.gif","FUNCIONAL","FUNCIONAL"
"feminino","Side-Step-Squat-Arms-Lateral-Raise-(female)_Plyome_converted","FEMININO/FUNCIONAL/Side-Step-Squat-Arms-Lateral-Raise-(female)_Plyome_converted.gif","FUNCIONAL","FUNCIONAL"
"feminino","Side-Step-Squat-Pick-and-Carry-(female)_Plyometric_converted","FEMININO/FUNCIONAL/Side-Step-Squat-Pick-and-Carry-(female)_Plyometric_converted.gif","FUNCIONAL","FUNCIONAL"
"feminino","Side-Step-Swing-(female)_Plyometrics__converted","FEMININO/FUNCIONAL/Side-Step-Swing-(female)_Plyometrics__converted.gif","FUNCIONAL","FUNCIONAL"
"feminino","Side-Step-Tip-Toes-(female)_Plyometrics__converted","FEMININO/FUNCIONAL/Side-Step-Tip-Toes-(female)_Plyometrics__converted.gif","FUNCIONAL","FUNCIONAL"
"feminino","Side-Step-Walking-(female)_Plyometrics__converted","FEMININO/FUNCIONAL/Side-Step-Walking-(female)_Plyometrics__converted.gif","FUNCIONAL","FUNCIONAL"
"geral","Side-to-Side-(Garland-Pose)-Frog-Squat-into-Forwar_converted","FEMININO/FUNCIONAL/Side-to-Side-(Garland-Pose)-Frog-Squat-into-Forwar_converted.gif","FUNCIONAL","FUNCIONAL"
"feminino","Side-to-Side-Bicep-Curl-(female)_Plyometrics__converted","FEMININO/FUNCIONAL/Side-to-Side-Bicep-Curl-(female)_Plyometrics__converted.gif","FUNCIONAL","FUNCIONAL"
"feminino","Side-to-Side-Garland-Pose-(female)_Stretching__converted","FEMININO/FUNCIONAL/Side-to-Side-Garland-Pose-(female)_Stretching__converted.gif","FUNCIONAL","FUNCIONAL"
"feminino","Side-to-Side-Garland-Pose-(female)_Stretching-FIX__converted","FEMININO/FUNCIONAL/Side-to-Side-Garland-Pose-(female)_Stretching-FIX__converted.gif","FUNCIONAL","FUNCIONAL"
"feminino","Side-to-Side-Hamstring-Stretch-(female)_Stretching_converted","FEMININO/FUNCIONAL/Side-to-Side-Hamstring-Stretch-(female)_Stretching_converted.gif","FUNCIONAL","FUNCIONAL"
"feminino","Side-to-Side-Push-up-(female)_Chest__converted","FEMININO/FUNCIONAL/Side-to-Side-Push-up-(female)_Chest__converted.gif","FUNCIONAL","FUNCIONAL"
"feminino","Side-to-Side-Rotational-Arm-Extension-(female)_Ply_converted","FEMININO/FUNCIONAL/Side-to-Side-Rotational-Arm-Extension-(female)_Ply_converted.gif","FUNCIONAL","FUNCIONAL"
"feminino","Side-to-Side-Way-(female)_Plyometrics__converted","FEMININO/FUNCIONAL/Side-to-Side-Way-(female)_Plyometrics__converted.gif","FUNCIONAL","FUNCIONAL"
"feminino","Side-Two-Front-Toe-Touching-(female) 1_converted","FEMININO/FUNCIONAL/Side-Two-Front-Toe-Touching-(female) 1_converted.gif","FUNCIONAL","FUNCIONAL"
"feminino","Side-Up-Squat-(female)_Plyometrics__converted","FEMININO/FUNCIONAL/Side-Up-Squat-(female)_Plyometrics__converted.gif","FUNCIONAL","FUNCIONAL"
"feminino","Side-Walk-Double-Leg-Lift-(female)_Plyometrics__converted","FEMININO/FUNCIONAL/Side-Walk-Double-Leg-Lift-(female)_Plyometrics__converted.gif","FUNCIONAL","FUNCIONAL"
"feminino","Side-Walk-Squat-(female)_Hips__converted","FEMININO/FUNCIONAL/Side-Walk-Squat-(female)_Hips__converted.gif","FUNCIONAL","FUNCIONAL"
"feminino","Side-Walk-Tip-Toes-(female)_Plyometrics__converted","FEMININO/FUNCIONAL/Side-Walk-Tip-Toes-(female)_Plyometrics__converted.gif","FUNCIONAL","FUNCIONAL"
"feminino","Side-Wrist-Pull-Stretch-(female)_Forearms_converted","FEMININO/FUNCIONAL/Side-Wrist-Pull-Stretch-(female)_Forearms_converted.gif","FUNCIONAL","FUNCIONAL"
"feminino","Single-Arm-Scapular-Push-up-to-Rotation-(female)_S_converted","FEMININO/FUNCIONAL/Single-Arm-Scapular-Push-up-to-Rotation-(female)_S_converted.gif","FUNCIONAL","FUNCIONAL"
"feminino","Single-Curtsy-Lunge-(female)_Hips__converted","FEMININO/FUNCIONAL/Single-Curtsy-Lunge-(female)_Hips__converted.gif","FUNCIONAL","FUNCIONAL"
"feminino","Single-Downward-Dog-(female)_Stretching__converted","FEMININO/FUNCIONAL/Single-Downward-Dog-(female)_Stretching__converted.gif","FUNCIONAL","FUNCIONAL"
"feminino","Single-Leg-Bodyweight-Deadlift-with-Arm-and-Leg-Extended-(female)_Hips__converted","FEMININO/FUNCIONAL/Single-Leg-Bodyweight-Deadlift-with-Arm-and-Leg-Extended-(female)_Hips__converted.gif","FUNCIONAL","FUNCIONAL"
"feminino","Single-Leg-Bridge-(female)_Hips-FIX__converted","FEMININO/FUNCIONAL/Single-Leg-Bridge-(female)_Hips-FIX__converted.gif","FUNCIONAL","FUNCIONAL"
"feminino","Single-Leg-Calve-Stretch-(female)_Calves__converted","FEMININO/FUNCIONAL/Single-Leg-Calve-Stretch-(female)_Calves__converted.gif","FUNCIONAL","FUNCIONAL"
"feminino","Single-Leg-Deadlift-Lunge-(female)_Hips__converted","FEMININO/FUNCIONAL/Single-Leg-Deadlift-Lunge-(female)_Hips__converted.gif","FUNCIONAL","FUNCIONAL"
"feminino","Single-Leg-Deadlift-with-Knee-Lift-(female)_Hips__converted","FEMININO/FUNCIONAL/Single-Leg-Deadlift-with-Knee-Lift-(female)_Hips__converted.gif","FUNCIONAL","FUNCIONAL"
"feminino","Single-Leg-Heel-Touch-Squat-(female)_Thighs__converted","FEMININO/FUNCIONAL/Single-Leg-Heel-Touch-Squat-(female)_Thighs__converted.gif","FUNCIONAL","FUNCIONAL"
"feminino","Single-Leg-Lift-on-a-Chair-(female)_Thighs__converted","FEMININO/FUNCIONAL/Single-Leg-Lift-on-a-Chair-(female)_Thighs__converted.gif","FUNCIONAL","FUNCIONAL"
"feminino","Single-Leg-Sprinter-(female)_Plyometrics__converted","FEMININO/FUNCIONAL/Single-Leg-Sprinter-(female)_Plyometrics__converted.gif","FUNCIONAL","FUNCIONAL"
"feminino","Single-Leg-Stretch-(bent-knee)-(female)_Pilates_converted","FEMININO/FUNCIONAL/Single-Leg-Stretch-(bent-knee)-(female)_Pilates_converted.gif","FUNCIONAL","FUNCIONAL"
"feminino","Single-Leg-Thrusts-(female)_Hips__converted","FEMININO/FUNCIONAL/Single-Leg-Thrusts-(female)_Hips__converted.gif","FUNCIONAL","FUNCIONAL"
"feminino","Single-Russian-Twist-(female)_Plyometrics__converted","FEMININO/FUNCIONAL/Single-Russian-Twist-(female)_Plyometrics__converted.gif","FUNCIONAL","FUNCIONAL"
"feminino","Single-Straight-Leg-Glute-Bridge-Hold-(female)_Hip_converted","FEMININO/FUNCIONAL/Single-Straight-Leg-Glute-Bridge-Hold-(female)_Hip_converted.gif","FUNCIONAL","FUNCIONAL"
"geral","Single-Straight-Leg-Glute-Bridge-Hold-(left)-(fema_converted","FEMININO/FUNCIONAL/Single-Straight-Leg-Glute-Bridge-Hold-(left)-(fema_converted.gif","FUNCIONAL","FUNCIONAL"
"feminino","Sissy-Squat-Bodyweight-(female)_Thighs__converted","FEMININO/FUNCIONAL/Sissy-Squat-Bodyweight-(female)_Thighs__converted.gif","FUNCIONAL","FUNCIONAL"
"feminino","Sittiing-W-Pose-(female)_Stretching__converted","FEMININO/FUNCIONAL/Sittiing-W-Pose-(female)_Stretching__converted.gif","FUNCIONAL","FUNCIONAL"
"geral","Sitting-Air-Twisting-Crunch-on-a-padded-stool-(fem_converted","FEMININO/FUNCIONAL/Sitting-Air-Twisting-Crunch-on-a-padded-stool-(fem_converted.gif","FUNCIONAL","FUNCIONAL"
"geral","Sitting-Alternate-Abduction-Twist-on-a-Chair-(fema_converted","FEMININO/FUNCIONAL/Sitting-Alternate-Abduction-Twist-on-a-Chair-(fema_converted.gif","FUNCIONAL","FUNCIONAL"
"feminino","Sitting-Alternate-Knee-Tuck-on-a-Chair-(female)_Wa_converted","FEMININO/FUNCIONAL/Sitting-Alternate-Knee-Tuck-on-a-Chair-(female)_Wa_converted.gif","FUNCIONAL","FUNCIONAL"
"geral","Sitting-Alternate-Palm-Push-and-March-on-a-Chair-(_converted","FEMININO/FUNCIONAL/Sitting-Alternate-Palm-Push-and-March-on-a-Chair-(_converted.gif","FUNCIONAL","FUNCIONAL"
"feminino","Sitting-Alternate-Side-Leg-Lift-on-a-Chair-(female_converted","FEMININO/FUNCIONAL/Sitting-Alternate-Side-Leg-Lift-on-a-Chair-(female_converted.gif","FUNCIONAL","FUNCIONAL"
"feminino","Sitting-Alternating-Quads-Stretch-(female)_Stretch_converted","FEMININO/FUNCIONAL/Sitting-Alternating-Quads-Stretch-(female)_Stretch_converted.gif","FUNCIONAL","FUNCIONAL"
"feminino","Sitting-Arm-Circle-on-a-Chair-(female)_Shoulders__converted","FEMININO/FUNCIONAL/Sitting-Arm-Circle-on-a-Chair-(female)_Shoulders__converted.gif","FUNCIONAL","FUNCIONAL"
"feminino","Sitting-Arms-Curl-StepOut-on-a-Chair-(female)_Plyo_converted","FEMININO/FUNCIONAL/Sitting-Arms-Curl-StepOut-on-a-Chair-(female)_Plyo_converted.gif","FUNCIONAL","FUNCIONAL"
"feminino","Sitting-Back-Squeeze-Pulse-on-a-Chair-(female)_Bac_converted","FEMININO/FUNCIONAL/Sitting-Back-Squeeze-Pulse-on-a-Chair-(female)_Bac_converted.gif","FUNCIONAL","FUNCIONAL"
"feminino","Sitting-Biceps-Curl-on-a-Chair-(female)_Upper-Arms_converted","FEMININO/FUNCIONAL/Sitting-Biceps-Curl-on-a-Chair-(female)_Upper-Arms_converted.gif","FUNCIONAL","FUNCIONAL"
"feminino","Sitting-Calf-Stretch-with-Towel-(female)_Stretchin_converted","FEMININO/FUNCIONAL/Sitting-Calf-Stretch-with-Towel-(female)_Stretchin_converted.gif","FUNCIONAL","FUNCIONAL"
"feminino","Sitting-Cat-Cow-Pose-(female)_Stretching-FIX__converted","FEMININO/FUNCIONAL/Sitting-Cat-Cow-Pose-(female)_Stretching-FIX__converted.gif","FUNCIONAL","FUNCIONAL"
"feminino","Sitting-Cat-Cow-Stretch-on-a-Chair-(female)_Stretc_converted","FEMININO/FUNCIONAL/Sitting-Cat-Cow-Stretch-on-a-Chair-(female)_Stretc_converted.gif","FUNCIONAL","FUNCIONAL"
"feminino","Sitting-Chest-Clap-on-a-padded-stool-(female)_Ches_converted","FEMININO/FUNCIONAL/Sitting-Chest-Clap-on-a-padded-stool-(female)_Ches_converted.gif","FUNCIONAL","FUNCIONAL"
"feminino","Sitting-Chest-Fly-on-a-Chair-(female)_Chest__converted","FEMININO/FUNCIONAL/Sitting-Chest-Fly-on-a-Chair-(female)_Chest__converted.gif","FUNCIONAL","FUNCIONAL"
"feminino","Sitting-Chest-Open-(front-POV)-(female)_Stretching_converted","FEMININO/FUNCIONAL/Sitting-Chest-Open-(front-POV)-(female)_Stretching_converted.gif","FUNCIONAL","FUNCIONAL"
"feminino","Sitting-Chest-Opener-Cat-Cow-Pose-(female)_Stretch_converted","FEMININO/FUNCIONAL/Sitting-Chest-Opener-Cat-Cow-Pose-(female)_Stretch_converted.gif","FUNCIONAL","FUNCIONAL"
"feminino","Sitting-Chest-Push-on-a-Chair-(female)_Chest__converted","FEMININO/FUNCIONAL/Sitting-Chest-Push-on-a-Chair-(female)_Chest__converted.gif","FUNCIONAL","FUNCIONAL"
"feminino","Sitting-Chin-Tuck-on-a-Chair-(female)_Neck__converted","FEMININO/FUNCIONAL/Sitting-Chin-Tuck-on-a-Chair-(female)_Neck__converted.gif","FUNCIONAL","FUNCIONAL"
"feminino","Sitting-Core-Twist-on-a-Chair-(female)_Waist__converted","FEMININO/FUNCIONAL/Sitting-Core-Twist-on-a-Chair-(female)_Waist__converted.gif","FUNCIONAL","FUNCIONAL"
"feminino","Sitting-Corkscrew-on-a-Chair-(female)_Thighs__converted","FEMININO/FUNCIONAL/Sitting-Corkscrew-on-a-Chair-(female)_Thighs__converted.gif","FUNCIONAL","FUNCIONAL"
"feminino","Sitting-Delts-Stretch-on-a-Chair-(female)_Stretchi_converted","FEMININO/FUNCIONAL/Sitting-Delts-Stretch-on-a-Chair-(female)_Stretchi_converted.gif","FUNCIONAL","FUNCIONAL"
"feminino","Sitting-Diagonal-Side-Stretch-(front-POV)-(female)_converted","FEMININO/FUNCIONAL/Sitting-Diagonal-Side-Stretch-(front-POV)-(female)_converted.gif","FUNCIONAL","FUNCIONAL"
"feminino","Sitting-Elbow-Clap-on-a-Chair-(female)_Chest__converted","FEMININO/FUNCIONAL/Sitting-Elbow-Clap-on-a-Chair-(female)_Chest__converted.gif","FUNCIONAL","FUNCIONAL"
"feminino","Sitting-External-Rotation-on-a-Chair-(female)_Back_converted","FEMININO/FUNCIONAL/Sitting-External-Rotation-on-a-Chair-(female)_Back_converted.gif","FUNCIONAL","FUNCIONAL"
"feminino","Sitting-Figure-Four-Rock-(female)_Stretching__converted","FEMININO/FUNCIONAL/Sitting-Figure-Four-Rock-(female)_Stretching__converted.gif","FUNCIONAL","FUNCIONAL"
"feminino","Sitting-Finger-Stretch-on-a-Chair-(female)_Hands__converted","FEMININO/FUNCIONAL/Sitting-Finger-Stretch-on-a-Chair-(female)_Hands__converted.gif","FUNCIONAL","FUNCIONAL"
"feminino","Sitting-Flutter-Kick-on-a-padded-stool-(female)_Wa_converted","FEMININO/FUNCIONAL/Sitting-Flutter-Kick-on-a-padded-stool-(female)_Wa_converted.gif","FUNCIONAL","FUNCIONAL"
"feminino","Sitting-Forearms-Stretch-on-a-Chair-(female)_Stret_converted","FEMININO/FUNCIONAL/Sitting-Forearms-Stretch-on-a-Chair-(female)_Stret_converted.gif","FUNCIONAL","FUNCIONAL"
"feminino","Sitting-Hamstring-Curl-on-a-Chair-(female)_Thighs__converted","FEMININO/FUNCIONAL/Sitting-Hamstring-Curl-on-a-Chair-(female)_Thighs__converted.gif","FUNCIONAL","FUNCIONAL"
"geral","Sitting-Hands-Behind-Chest-Stretch-on-a-Chair-(fem_converted","FEMININO/FUNCIONAL/Sitting-Hands-Behind-Chest-Stretch-on-a-Chair-(fem_converted.gif","FUNCIONAL","FUNCIONAL"
"geral","Sitting-Hip-Knee-and-Ankle-Mobilization-on-a-Stabi_converted","FEMININO/FUNCIONAL/Sitting-Hip-Knee-and-Ankle-Mobilization-on-a-Stabi_converted.gif","FUNCIONAL","FUNCIONAL"
"feminino","Sitting-Hip-Rotation-on-a-Chair-(female)_Hips__converted","FEMININO/FUNCIONAL/Sitting-Hip-Rotation-on-a-Chair-(female)_Hips__converted.gif","FUNCIONAL","FUNCIONAL"
"feminino","Sitting-Hip-Sway-Cut-on-a-Chair-(female)_Plyometri_converted","FEMININO/FUNCIONAL/Sitting-Hip-Sway-Cut-on-a-Chair-(female)_Plyometri_converted.gif","FUNCIONAL","FUNCIONAL"
"feminino","Sitting-Incline-Press-Calf-Raise-on-a-Chair-(femal_converted","FEMININO/FUNCIONAL/Sitting-Incline-Press-Calf-Raise-on-a-Chair-(femal_converted.gif","FUNCIONAL","FUNCIONAL"
"feminino","Sitting-Incline-Press-StepOut-on-a-Chair-(female)__converted","FEMININO/FUNCIONAL/Sitting-Incline-Press-StepOut-on-a-Chair-(female)__converted.gif","FUNCIONAL","FUNCIONAL"
"geral","Sitting-Incline-Press-StepOut-on-a-padded-stool-(f_converted","FEMININO/FUNCIONAL/Sitting-Incline-Press-StepOut-on-a-padded-stool-(f_converted.gif","FUNCIONAL","FUNCIONAL"
"feminino","Sitting-Jack-on-a-Chair-(female)_Plyometrics__converted","FEMININO/FUNCIONAL/Sitting-Jack-on-a-Chair-(female)_Plyometrics__converted.gif","FUNCIONAL","FUNCIONAL"
"feminino","Sitting-Jack-on-a-padded-stool-(female)_Shoulders__converted","FEMININO/FUNCIONAL/Sitting-Jack-on-a-padded-stool-(female)_Shoulders__converted.gif","FUNCIONAL","FUNCIONAL"
"feminino","Sitting-Kickback-on-a-Chair-(female)_Upper-Arms__converted","FEMININO/FUNCIONAL/Sitting-Kickback-on-a-Chair-(female)_Upper-Arms__converted.gif","FUNCIONAL","FUNCIONAL"
"feminino","Sitting-Knee-Raise-Hold-on-a-chair-(female)_Stretc_converted","FEMININO/FUNCIONAL/Sitting-Knee-Raise-Hold-on-a-chair-(female)_Stretc_converted.gif","FUNCIONAL","FUNCIONAL"
"feminino","Sitting-Lat-Pulldown-on-a-Chair-(female)_Back__converted","FEMININO/FUNCIONAL/Sitting-Lat-Pulldown-on-a-Chair-(female)_Back__converted.gif","FUNCIONAL","FUNCIONAL"
"geral","Sitting-Lateral-Raise-StepOut-on-a-padded-stool-(f_converted","FEMININO/FUNCIONAL/Sitting-Lateral-Raise-StepOut-on-a-padded-stool-(f_converted.gif","FUNCIONAL","FUNCIONAL"
"feminino","Sitting-Leg-Lift-(female)_Hips__converted","FEMININO/FUNCIONAL/Sitting-Leg-Lift-(female)_Hips__converted.gif","FUNCIONAL","FUNCIONAL"
"feminino","Sitting-Lotus-Pose-Twisting-Front-Back-Tap-(female_converted","FEMININO/FUNCIONAL/Sitting-Lotus-Pose-Twisting-Front-Back-Tap-(female_converted.gif","FUNCIONAL","FUNCIONAL"
"feminino","Sitting-Lotus-Rest-Pose-(front-POV)-(female)_Cardi_converted","FEMININO/FUNCIONAL/Sitting-Lotus-Rest-Pose-(front-POV)-(female)_Cardi_converted.gif","FUNCIONAL","FUNCIONAL"
"feminino","Sitting-March-on-a-Chair-(female)_Plyometrics__converted","FEMININO/FUNCIONAL/Sitting-March-on-a-Chair-(female)_Plyometrics__converted.gif","FUNCIONAL","FUNCIONAL"
"feminino","Sitting-Neck-Rotation-on-a-Chair-(female)_Neck__converted","FEMININO/FUNCIONAL/Sitting-Neck-Rotation-on-a-Chair-(female)_Neck__converted.gif","FUNCIONAL","FUNCIONAL"
"feminino","Sitting-Neck-Stretch-Circle-(female)_Stretching__converted","FEMININO/FUNCIONAL/Sitting-Neck-Stretch-Circle-(female)_Stretching__converted.gif","FUNCIONAL","FUNCIONAL"
"feminino","Sitting-Overhead-Stretch-on-a-Chair-(female)_Stret_converted","FEMININO/FUNCIONAL/Sitting-Overhead-Stretch-on-a-Chair-(female)_Stret_converted.gif","FUNCIONAL","FUNCIONAL"
"feminino","Sitting-Palm-Pulldown-on-a-Chair-(female)_Back__converted","FEMININO/FUNCIONAL/Sitting-Palm-Pulldown-on-a-Chair-(female)_Back__converted.gif","FUNCIONAL","FUNCIONAL"
"geral","Sitting-Pelvis-Imbalance-Twist-on-a-chair-Hold-(fe_converted","FEMININO/FUNCIONAL/Sitting-Pelvis-Imbalance-Twist-on-a-chair-Hold-(fe_converted.gif","FUNCIONAL","FUNCIONAL"
"feminino","Sitting-Press-Up-on-a-Chair-(female)_Chest__converted","FEMININO/FUNCIONAL/Sitting-Press-Up-on-a-Chair-(female)_Chest__converted.gif","FUNCIONAL","FUNCIONAL"
"feminino","Sitting-Pull-Back-on-a-Chair-(female)_Back__converted","FEMININO/FUNCIONAL/Sitting-Pull-Back-on-a-Chair-(female)_Back__converted.gif","FUNCIONAL","FUNCIONAL"
"feminino","Sitting-Punch-on-a-Chair-(female)_Chest__converted","FEMININO/FUNCIONAL/Sitting-Punch-on-a-Chair-(female)_Chest__converted.gif","FUNCIONAL","FUNCIONAL"
"feminino","Sitting-Punch-on-a-padded-stool-(female)_Chest__converted","FEMININO/FUNCIONAL/Sitting-Punch-on-a-padded-stool-(female)_Chest__converted.gif","FUNCIONAL","FUNCIONAL"
"feminino","Sitting-Quads-Stretch-on-a-Chair-(female)_Stretchi_converted","FEMININO/FUNCIONAL/Sitting-Quads-Stretch-on-a-Chair-(female)_Stretchi_converted.gif","FUNCIONAL","FUNCIONAL"
"feminino","Sitting-Rest-Pose-(front-POV)-(female)_Cardio__converted","FEMININO/FUNCIONAL/Sitting-Rest-Pose-(front-POV)-(female)_Cardio__converted.gif","FUNCIONAL","FUNCIONAL"
"feminino","Sitting-Row-on-a-Chair-(female)_Back__converted","FEMININO/FUNCIONAL/Sitting-Row-on-a-Chair-(female)_Back__converted.gif","FUNCIONAL","FUNCIONAL"
"feminino","Sitting-Russian-Twist-on-a-Chair-(female)_Hips__converted","FEMININO/FUNCIONAL/Sitting-Russian-Twist-on-a-Chair-(female)_Hips__converted.gif","FUNCIONAL","FUNCIONAL"
"feminino","Sitting-Scapular-Adduction-(side-back-POV)-(female_converted","FEMININO/FUNCIONAL/Sitting-Scapular-Adduction-(side-back-POV)-(female_converted.gif","FUNCIONAL","FUNCIONAL"
"feminino","Sitting-Shoulder-Press-Toe-Touch-on-a-Chair-(femal_converted","FEMININO/FUNCIONAL/Sitting-Shoulder-Press-Toe-Touch-on-a-Chair-(femal_converted.gif","FUNCIONAL","FUNCIONAL"
"geral","Sitting-Shoulder-Press-Toe-Touch-on-a-padded-stool_converted","FEMININO/FUNCIONAL/Sitting-Shoulder-Press-Toe-Touch-on-a-padded-stool_converted.gif","FUNCIONAL","FUNCIONAL"
"feminino","Sitting-Side-Bend-Elbow-to-Floor-Tap-(female)_Wais_converted","FEMININO/FUNCIONAL/Sitting-Side-Bend-Elbow-to-Floor-Tap-(female)_Wais_converted.gif","FUNCIONAL","FUNCIONAL"
"feminino","Sitting-Side-Bend-on-a-Chair-(female)_Waist__converted","FEMININO/FUNCIONAL/Sitting-Side-Bend-on-a-Chair-(female)_Waist__converted.gif","FUNCIONAL","FUNCIONAL"
"feminino","Sitting-Side-Circle-Draw-on-a-Chair-(female)_Back__converted","FEMININO/FUNCIONAL/Sitting-Side-Circle-Draw-on-a-Chair-(female)_Back__converted.gif","FUNCIONAL","FUNCIONAL"
"feminino","Sitting-Side-Crunch-on-a-padded-stool-(female)_Wai_converted","FEMININO/FUNCIONAL/Sitting-Side-Crunch-on-a-padded-stool-(female)_Wai_converted.gif","FUNCIONAL","FUNCIONAL"
"feminino","Sitting-Side-Neck-Stretch-(female)_Stretching__converted","FEMININO/FUNCIONAL/Sitting-Side-Neck-Stretch-(female)_Stretching__converted.gif","FUNCIONAL","FUNCIONAL"
"feminino","Sitting-Side-Neck-Stretch-on-a-Chair-(female)_Stre_converted","FEMININO/FUNCIONAL/Sitting-Side-Neck-Stretch-on-a-Chair-(female)_Stre_converted.gif","FUNCIONAL","FUNCIONAL"
"geral","Sitting-Side-to-Side-Forward-Backward-Neck-Stretch_converted","FEMININO/FUNCIONAL/Sitting-Side-to-Side-Forward-Backward-Neck-Stretch_converted.gif","FUNCIONAL","FUNCIONAL"
"feminino","Sitting-Single-Chest-Stretch-on-a-Chair-(female)_S_converted","FEMININO/FUNCIONAL/Sitting-Single-Chest-Stretch-on-a-Chair-(female)_S_converted.gif","FUNCIONAL","FUNCIONAL"
"feminino","Sitting-Single-Straight-Back-Hamstring-Lean-(femal_converted","FEMININO/FUNCIONAL/Sitting-Single-Straight-Back-Hamstring-Lean-(femal_converted.gif","FUNCIONAL","FUNCIONAL"
"feminino","Sitting-Stacked-Arm-Lift-on-a-Chair-(female)_Chest_converted","FEMININO/FUNCIONAL/Sitting-Stacked-Arm-Lift-on-a-Chair-(female)_Chest_converted.gif","FUNCIONAL","FUNCIONAL"
"feminino","Sitting-StepOut-Knee-Tuck-on-a-padded-stool-(femal_converted","FEMININO/FUNCIONAL/Sitting-StepOut-Knee-Tuck-on-a-padded-stool-(femal_converted.gif","FUNCIONAL","FUNCIONAL"
"feminino","Sitting-String-Pull-on-a-Chair-(female)_Upper-Arms_converted","FEMININO/FUNCIONAL/Sitting-String-Pull-on-a-Chair-(female)_Upper-Arms_converted.gif","FUNCIONAL","FUNCIONAL"
"feminino","Sitting-Swimmer-on-a-Chair-(female)_Plyometrics__converted","FEMININO/FUNCIONAL/Sitting-Swimmer-on-a-Chair-(female)_Plyometrics__converted.gif","FUNCIONAL","FUNCIONAL"
"feminino","Sitting-Swimming-Knee-Raise-on-a-Chair-(female)_Wa_converted","FEMININO/FUNCIONAL/Sitting-Swimming-Knee-Raise-on-a-Chair-(female)_Wa_converted.gif","FUNCIONAL","FUNCIONAL"
"geral","Sitting-Thoracic-Spine-Mobilization-on-a-Chair-(fe_converted","FEMININO/FUNCIONAL/Sitting-Thoracic-Spine-Mobilization-on-a-Chair-(fe_converted.gif","FUNCIONAL","FUNCIONAL"
"feminino","Sitting-Tip-Toe-Clap-on-a-Chair-(female)_Plyometri_converted","FEMININO/FUNCIONAL/Sitting-Tip-Toe-Clap-on-a-Chair-(female)_Plyometri_converted.gif","FUNCIONAL","FUNCIONAL"
"feminino","Sitting-Toe-Tapping-Stretch-on-a-Chair-(female)_St_converted","FEMININO/FUNCIONAL/Sitting-Toe-Tapping-Stretch-on-a-Chair-(female)_St_converted.gif","FUNCIONAL","FUNCIONAL"
"feminino","Sitting-Toes-Stretch-on-a-Chair-(female)_Stretchin_converted","FEMININO/FUNCIONAL/Sitting-Toes-Stretch-on-a-Chair-(female)_Stretchin_converted.gif","FUNCIONAL","FUNCIONAL"
"feminino","Sitting-Triceps-Stretch-on-a-Chair-(female)_Stretc_converted","FEMININO/FUNCIONAL/Sitting-Triceps-Stretch-on-a-Chair-(female)_Stretc_converted.gif","FUNCIONAL","FUNCIONAL"
"feminino","Sitting-Underhand-Crossover-on-a-Chair-(female)_Ch_converted","FEMININO/FUNCIONAL/Sitting-Underhand-Crossover-on-a-Chair-(female)_Ch_converted.gif","FUNCIONAL","FUNCIONAL"
"feminino","Sitting-W-Pose-on-a-Chair-(female)_Back__converted","FEMININO/FUNCIONAL/Sitting-W-Pose-on-a-Chair-(female)_Back__converted.gif","FUNCIONAL","FUNCIONAL"
"feminino","Sitting-Wrist-Rotation-on-a-Chair-(female)_Forearm_converted","FEMININO/FUNCIONAL/Sitting-Wrist-Rotation-on-a-Chair-(female)_Forearm_converted.gif","FUNCIONAL","FUNCIONAL"
"feminino","Skater-Arm-Swings-(female)_Plyometrics__converted","FEMININO/FUNCIONAL/Skater-Arm-Swings-(female)_Plyometrics__converted.gif","FUNCIONAL","FUNCIONAL"
"feminino","Skater-Hops-(female)_Plyometric_converted","FEMININO/FUNCIONAL/Skater-Hops-(female)_Plyometric_converted.gif","FUNCIONAL","FUNCIONAL"
"feminino","Ski-Runners-(female)_Plyometrics__converted","FEMININO/FUNCIONAL/Ski-Runners-(female)_Plyometrics__converted.gif","FUNCIONAL","FUNCIONAL"
"feminino","Skipping-without-Rope-Marching-on-Spot-(female)_Pl_converted","FEMININO/FUNCIONAL/Skipping-without-Rope-Marching-on-Spot-(female)_Pl_converted.gif","FUNCIONAL","FUNCIONAL"
"feminino","Sleepers-Stretch-(female)_Stretching__converted","FEMININO/FUNCIONAL/Sleepers-Stretch-(female)_Stretching__converted.gif","FUNCIONAL","FUNCIONAL"
"feminino","Slight-Bend-Top-Crossover-And-Prayer-Push-(female)_converted","FEMININO/FUNCIONAL/Slight-Bend-Top-Crossover-And-Prayer-Push-(female)_converted.gif","FUNCIONAL","FUNCIONAL"
"feminino","Slight-Squat-Front-Punch-(female)_Plyometrics__converted","FEMININO/FUNCIONAL/Slight-Squat-Front-Punch-(female)_Plyometrics__converted.gif","FUNCIONAL","FUNCIONAL"
"feminino","Slight-Squat-Hand-Swipe-(female)_Plyometrics__converted","FEMININO/FUNCIONAL/Slight-Squat-Hand-Swipe-(female)_Plyometrics__converted.gif","FUNCIONAL","FUNCIONAL"
"feminino","Slight-Squat-Tip-Toes-(female)_Plyometrics__converted","FEMININO/FUNCIONAL/Slight-Squat-Tip-Toes-(female)_Plyometrics__converted.gif","FUNCIONAL","FUNCIONAL"
"feminino","Slopes-Towards-Stretch-(female)_Back_converted","FEMININO/FUNCIONAL/Slopes-Towards-Stretch-(female)_Back_converted.gif","FUNCIONAL","FUNCIONAL"
"feminino","Slow-Motion-Sprinter-(female)_Plyometrics__converted","FEMININO/FUNCIONAL/Slow-Motion-Sprinter-(female)_Plyometrics__converted.gif","FUNCIONAL","FUNCIONAL"
"feminino","Sphinx-Lookback-(female)_Stretching__converted","FEMININO/FUNCIONAL/Sphinx-Lookback-(female)_Stretching__converted.gif","FUNCIONAL","FUNCIONAL"
"feminino","Sphinx-Pose-(female)_Stretching__converted","FEMININO/FUNCIONAL/Sphinx-Pose-(female)_Stretching__converted.gif","FUNCIONAL","FUNCIONAL"
"feminino","Sphinx-Pose-Look-Up-(female)_Stretching__converted","FEMININO/FUNCIONAL/Sphinx-Pose-Look-Up-(female)_Stretching__converted.gif","FUNCIONAL","FUNCIONAL"
"feminino","Sphinx-Pose-Opening-(female)_Stretching__converted","FEMININO/FUNCIONAL/Sphinx-Pose-Opening-(female)_Stretching__converted.gif","FUNCIONAL","FUNCIONAL"
"feminino","Sphinx-Pose-Twist-(female)_Stretching__converted","FEMININO/FUNCIONAL/Sphinx-Pose-Twist-(female)_Stretching__converted.gif","FUNCIONAL","FUNCIONAL"
"feminino","Spider-Crawl-Push-up-(female)_Hips_converted","FEMININO/FUNCIONAL/Spider-Crawl-Push-up-(female)_Hips_converted.gif","FUNCIONAL","FUNCIONAL"
"feminino","Spider-Plank-(female)_Hips__converted","FEMININO/FUNCIONAL/Spider-Plank-(female)_Hips__converted.gif","FUNCIONAL","FUNCIONAL"
"geral","Spine-Stretch-Forward_Pilates_Pilates_converted","FEMININO/FUNCIONAL/Spine-Stretch-Forward_Pilates_Pilates_converted.gif","FUNCIONAL","FUNCIONAL"
"feminino","Split-Sprinter-Low-Lunge-(female)_Thighs__converted","FEMININO/FUNCIONAL/Split-Sprinter-Low-Lunge-(female)_Thighs__converted.gif","FUNCIONAL","FUNCIONAL"
"feminino","Split-Squat-(female)_Hips-FIX__converted","FEMININO/FUNCIONAL/Split-Squat-(female)_Hips-FIX__converted.gif","FUNCIONAL","FUNCIONAL"
"feminino","Split-Squat-on-a-Chair-(female)_Thighs__converted","FEMININO/FUNCIONAL/Split-Squat-on-a-Chair-(female)_Thighs__converted.gif","FUNCIONAL","FUNCIONAL"
"feminino","Sprint-(female)_Cardio__converted","FEMININO/FUNCIONAL/Sprint-(female)_Cardio__converted.gif","FUNCIONAL","FUNCIONAL"
"feminino","Squat-Alternating-Lunge-(female)_Hips__converted","FEMININO/FUNCIONAL/Squat-Alternating-Lunge-(female)_Hips__converted.gif","FUNCIONAL","FUNCIONAL"
"feminino","Squat-and-5-Bounces-(female)_Thighs__converted","FEMININO/FUNCIONAL/Squat-and-5-Bounces-(female)_Thighs__converted.gif","FUNCIONAL","FUNCIONAL"
"feminino","Squat-and-Alternating-Hip-Extension-(female)_Hips__converted","FEMININO/FUNCIONAL/Squat-and-Alternating-Hip-Extension-(female)_Hips__converted.gif","FUNCIONAL","FUNCIONAL"
"feminino","Squat-and-Tip-Toes-(female)_Thighs__converted","FEMININO/FUNCIONAL/Squat-and-Tip-Toes-(female)_Thighs__converted.gif","FUNCIONAL","FUNCIONAL"
"feminino","Squat-Bounce-Sky-Punch-(female)_Plyometrics__converted","FEMININO/FUNCIONAL/Squat-Bounce-Sky-Punch-(female)_Plyometrics__converted.gif","FUNCIONAL","FUNCIONAL"
"feminino","Squat-Front-Kick-(female)_Plyometrics__converted","FEMININO/FUNCIONAL/Squat-Front-Kick-(female)_Plyometrics__converted.gif","FUNCIONAL","FUNCIONAL"
"feminino","Squat-Front-Side-Kick-(female)_Plyometrics__converted","FEMININO/FUNCIONAL/Squat-Front-Side-Kick-(female)_Plyometrics__converted.gif","FUNCIONAL","FUNCIONAL"
"feminino","Squat-Hamstring-Curl-(female)_Plyometrics__converted","FEMININO/FUNCIONAL/Squat-Hamstring-Curl-(female)_Plyometrics__converted.gif","FUNCIONAL","FUNCIONAL"
"feminino","Squat-Leg-Lift-(female)_Plyometrics__converted","FEMININO/FUNCIONAL/Squat-Leg-Lift-(female)_Plyometrics__converted.gif","FUNCIONAL","FUNCIONAL"
"feminino","Squat-Leg-Side-Lift-(female)_Plyometrics__converted","FEMININO/FUNCIONAL/Squat-Leg-Side-Lift-(female)_Plyometrics__converted.gif","FUNCIONAL","FUNCIONAL"
"feminino","Squat-On-Bosu-Ball-(female)_Thighs__converted","FEMININO/FUNCIONAL/Squat-On-Bosu-Ball-(female)_Thighs__converted.gif","FUNCIONAL","FUNCIONAL"
"feminino","Squat-side-kick-(female)_Hips_converted","FEMININO/FUNCIONAL/Squat-side-kick-(female)_Hips_converted.gif","FUNCIONAL","FUNCIONAL"
"feminino","Squat-Side-Pendulum-Leg-(female)_Plyometrics__converted","FEMININO/FUNCIONAL/Squat-Side-Pendulum-Leg-(female)_Plyometrics__converted.gif","FUNCIONAL","FUNCIONAL"
"feminino","Squat-Side-Power-Kick-(female)_Plyometrics_converted","FEMININO/FUNCIONAL/Squat-Side-Power-Kick-(female)_Plyometrics_converted.gif","FUNCIONAL","FUNCIONAL"
"feminino","Squat-Thrust-(female)_Plyometrics__converted","FEMININO/FUNCIONAL/Squat-Thrust-(female)_Plyometrics__converted.gif","FUNCIONAL","FUNCIONAL"
"feminino","Squat-to-Leg-Extension-(female)_Thighs__converted","FEMININO/FUNCIONAL/Squat-to-Leg-Extension-(female)_Thighs__converted.gif","FUNCIONAL","FUNCIONAL"
"feminino","Squat-to-Leg-Extension-and-Torso-Twist-(female)_Th_converted","FEMININO/FUNCIONAL/Squat-to-Leg-Extension-and-Torso-Twist-(female)_Th_converted.gif","FUNCIONAL","FUNCIONAL"
"feminino","Squat-to-Straddle-(female)_Stretching__converted","FEMININO/FUNCIONAL/Squat-to-Straddle-(female)_Stretching__converted.gif","FUNCIONAL","FUNCIONAL"
"feminino","Squat-to-Toe-Stretch-Plantar-Flexion-(female)_Stre_converted","FEMININO/FUNCIONAL/Squat-to-Toe-Stretch-Plantar-Flexion-(female)_Stre_converted.gif","FUNCIONAL","FUNCIONAL"
"feminino","Squat-Tuck-Jump-(female)_Cardio__converted","FEMININO/FUNCIONAL/Squat-Tuck-Jump-(female)_Cardio__converted.gif","FUNCIONAL","FUNCIONAL"
"feminino","Squat-Twist-(female)_Thighs__converted","FEMININO/FUNCIONAL/Squat-Twist-(female)_Thighs__converted.gif","FUNCIONAL","FUNCIONAL"
"feminino","Staggered-Leg-Glute-Bridge-(female)_Hips__converted","FEMININO/FUNCIONAL/Staggered-Leg-Glute-Bridge-(female)_Hips__converted.gif","FUNCIONAL","FUNCIONAL"
"feminino","Stair-Up-(female)_Thighs__converted","FEMININO/FUNCIONAL/Stair-Up-(female)_Thighs__converted.gif","FUNCIONAL","FUNCIONAL"
"feminino","Standing-180-Abs-Rotation-(female)_Plyometrics__converted","FEMININO/FUNCIONAL/Standing-180-Abs-Rotation-(female)_Plyometrics__converted.gif","FUNCIONAL","FUNCIONAL"
"geral","Standing-4x-Back-Criss-Cross-4x-Front-Criss-Cross-_converted","FEMININO/FUNCIONAL/Standing-4x-Back-Criss-Cross-4x-Front-Criss-Cross-_converted.gif","FUNCIONAL","FUNCIONAL"
"feminino","Standing-Adductor-Stretch-(female)_Hips__converted","FEMININO/FUNCIONAL/Standing-Adductor-Stretch-(female)_Hips__converted.gif","FUNCIONAL","FUNCIONAL"
"feminino","Standing-Air-Bike-Punch-(female)_Plyometrics__converted","FEMININO/FUNCIONAL/Standing-Air-Bike-Punch-(female)_Plyometrics__converted.gif","FUNCIONAL","FUNCIONAL"
"feminino","Standing-Alternate-Arms-Circling-(female)_Shoulders_converted","FEMININO/FUNCIONAL/Standing-Alternate-Arms-Circling-(female)_Shoulders_converted.gif","FUNCIONAL","FUNCIONAL"
"feminino","Standing-Alternate-Glute-Kickback-(female)_Hips__converted","FEMININO/FUNCIONAL/Standing-Alternate-Glute-Kickback-(female)_Hips__converted.gif","FUNCIONAL","FUNCIONAL"
"feminino","Standing-Alternate-Knee-Raise-(female)_Plyometrics_converted","FEMININO/FUNCIONAL/Standing-Alternate-Knee-Raise-(female)_Plyometrics_converted.gif","FUNCIONAL","FUNCIONAL"
"feminino","Standing-Alternate-Leg-Lift-(female)_Plyometrics__converted","FEMININO/FUNCIONAL/Standing-Alternate-Leg-Lift-(female)_Plyometrics__converted.gif","FUNCIONAL","FUNCIONAL"
"feminino","Standing-Alternate-Leg-Lift-Lat-Pulldown-(female)__converted","FEMININO/FUNCIONAL/Standing-Alternate-Leg-Lift-Lat-Pulldown-(female)__converted.gif","FUNCIONAL","FUNCIONAL"
"geral","Standing-Alternating-5-Arm-Cross-And-Elbow-Lift-(f_converted","FEMININO/FUNCIONAL/Standing-Alternating-5-Arm-Cross-And-Elbow-Lift-(f_converted.gif","FUNCIONAL","FUNCIONAL"
"geral","Standing-Alternating-Behind-Back-180-Stretch-(fema_converted","FEMININO/FUNCIONAL/Standing-Alternating-Behind-Back-180-Stretch-(fema_converted.gif","FUNCIONAL","FUNCIONAL"
"feminino","Standing-Alternating-Diagonal-Prayer-Push-(female)_converted","FEMININO/FUNCIONAL/Standing-Alternating-Diagonal-Prayer-Push-(female)_converted.gif","FUNCIONAL","FUNCIONAL"
"geral","Standing-Alternating-Double-Elbow-Knee-Touch-(fema_converted","FEMININO/FUNCIONAL/Standing-Alternating-Double-Elbow-Knee-Touch-(fema_converted.gif","FUNCIONAL","FUNCIONAL"
"feminino","Standing-Alternating-Elbows-Nudge-(female)_Chest__converted","FEMININO/FUNCIONAL/Standing-Alternating-Elbows-Nudge-(female)_Chest__converted.gif","FUNCIONAL","FUNCIONAL"
"geral","Standing-Alternating-Front-Feet-Tap-to-Knee-Tuck-(_converted","FEMININO/FUNCIONAL/Standing-Alternating-Front-Feet-Tap-to-Knee-Tuck-(_converted.gif","FUNCIONAL","FUNCIONAL"
"feminino","Standing-Alternating-Palm-to-Elbow-(female)_Chest__converted","FEMININO/FUNCIONAL/Standing-Alternating-Palm-to-Elbow-(female)_Chest__converted.gif","FUNCIONAL","FUNCIONAL"
"geral","Standing-Alternating-Upper-And-Lower-Back-Clap-(fe_converted","FEMININO/FUNCIONAL/Standing-Alternating-Upper-And-Lower-Back-Clap-(fe_converted.gif","FUNCIONAL","FUNCIONAL"
"feminino","Standing-Ankle-Circles-(VERSION-2)-(female)_Calves_converted","FEMININO/FUNCIONAL/Standing-Ankle-Circles-(VERSION-2)-(female)_Calves_converted.gif","FUNCIONAL","FUNCIONAL"
"geral","Standing-Archer-Alternate-45-Degrees-Arm-Row-(fema_converted","FEMININO/FUNCIONAL/Standing-Archer-Alternate-45-Degrees-Arm-Row-(fema_converted.gif","FUNCIONAL","FUNCIONAL"
"feminino","Standing-Archer-Alternate-Arm-Row-(female)_Back__converted","FEMININO/FUNCIONAL/Standing-Archer-Alternate-Arm-Row-(female)_Back__converted.gif","FUNCIONAL","FUNCIONAL"
"feminino","Standing-Archer-Side-Step-(female)_Plyometrics__converted","FEMININO/FUNCIONAL/Standing-Archer-Side-Step-(female)_Plyometrics__converted.gif","FUNCIONAL","FUNCIONAL"
"feminino","Standing-Arm-Crossover-And-Elbow-Pullback-(female)_converted","FEMININO/FUNCIONAL/Standing-Arm-Crossover-And-Elbow-Pullback-(female)_converted.gif","FUNCIONAL","FUNCIONAL"
"feminino","Standing-Arm-Crossover-Behind-The-Back-(female)_Ba_converted","FEMININO/FUNCIONAL/Standing-Arm-Crossover-Behind-The-Back-(female)_Ba_converted.gif","FUNCIONAL","FUNCIONAL"
"feminino","Standing-Arms-and-Hip-Circle-(female)_Plyometrics__converted","FEMININO/FUNCIONAL/Standing-Arms-and-Hip-Circle-(female)_Plyometrics__converted.gif","FUNCIONAL","FUNCIONAL"
"feminino","Standing-Arms-Circling-(female)_Shoulders_converted","FEMININO/FUNCIONAL/Standing-Arms-Circling-(female)_Shoulders_converted.gif","FUNCIONAL","FUNCIONAL"
"feminino","Standing-Arms-Flinging-(female)_Shoulders_converted","FEMININO/FUNCIONAL/Standing-Arms-Flinging-(female)_Shoulders_converted.gif","FUNCIONAL","FUNCIONAL"
"feminino","Standing-Arms-Forward-Arm-Crossover-(female)_Plyom_converted","FEMININO/FUNCIONAL/Standing-Arms-Forward-Arm-Crossover-(female)_Plyom_converted.gif","FUNCIONAL","FUNCIONAL"
"feminino","Standing-Assisted-Abduction-with-Rope-(female)_Sho_converted","FEMININO/FUNCIONAL/Standing-Assisted-Abduction-with-Rope-(female)_Sho_converted.gif","FUNCIONAL","FUNCIONAL"
"feminino","Standing-Back-Pulsing-Raise-(female)_Back__converted","FEMININO/FUNCIONAL/Standing-Back-Pulsing-Raise-(female)_Back__converted.gif","FUNCIONAL","FUNCIONAL"
"feminino","Standing-Back-Rotation-Squeeze-(female)_Shoulders__converted","FEMININO/FUNCIONAL/Standing-Back-Rotation-Squeeze-(female)_Shoulders__converted.gif","FUNCIONAL","FUNCIONAL"
"feminino","Standing-Back-Rotation-Stretch-(female)_Back_converted","FEMININO/FUNCIONAL/Standing-Back-Rotation-Stretch-(female)_Back_converted.gif","FUNCIONAL","FUNCIONAL"
"feminino","Standing-Back-Rotation-Stretch-(female)_Back-FIX__converted","FEMININO/FUNCIONAL/Standing-Back-Rotation-Stretch-(female)_Back-FIX__converted.gif","FUNCIONAL","FUNCIONAL"
"feminino","Standing-Back-Squeeze-(female)_Back__converted","FEMININO/FUNCIONAL/Standing-Back-Squeeze-(female)_Back__converted.gif","FUNCIONAL","FUNCIONAL"
"feminino","Standing-Back-Squeeze-Pulse-(female)_Back__converted","FEMININO/FUNCIONAL/Standing-Back-Squeeze-Pulse-(female)_Back__converted.gif","FUNCIONAL","FUNCIONAL"
"feminino","Standing-Backhand-And-Forehand-Push-(female)_Chest_converted","FEMININO/FUNCIONAL/Standing-Backhand-And-Forehand-Push-(female)_Chest_converted.gif","FUNCIONAL","FUNCIONAL"
"feminino","Standing-Balance-Ankle-Rotation-(female)_Calves__converted","FEMININO/FUNCIONAL/Standing-Balance-Ankle-Rotation-(female)_Calves__converted.gif","FUNCIONAL","FUNCIONAL"
"feminino","Standing-Balance-Diagonal-Cross-Leg-Lift-(female)__converted","FEMININO/FUNCIONAL/Standing-Balance-Diagonal-Cross-Leg-Lift-(female)__converted.gif","FUNCIONAL","FUNCIONAL"
"feminino","Standing-Balance-Hip-Abduction-(female)_Hips__converted","FEMININO/FUNCIONAL/Standing-Balance-Hip-Abduction-(female)_Hips__converted.gif","FUNCIONAL","FUNCIONAL"
"feminino","Standing-Balance-Hip-Abduction-Pulse-(female)_Hips_converted","FEMININO/FUNCIONAL/Standing-Balance-Hip-Abduction-Pulse-(female)_Hips_converted.gif","FUNCIONAL","FUNCIONAL"
"feminino","Standing-Balance-Hip-Flexion-(female)_Hips__converted","FEMININO/FUNCIONAL/Standing-Balance-Hip-Flexion-(female)_Hips__converted.gif","FUNCIONAL","FUNCIONAL"
"feminino","Standing-Balance-Hip-Flexion-Pulse-(female)_Hips__converted","FEMININO/FUNCIONAL/Standing-Balance-Hip-Flexion-Pulse-(female)_Hips__converted.gif","FUNCIONAL","FUNCIONAL"
"feminino","Standing-Balance-Hip-Rotation-(female)_Hips__converted","FEMININO/FUNCIONAL/Standing-Balance-Hip-Rotation-(female)_Hips__converted.gif","FUNCIONAL","FUNCIONAL"
"feminino","Standing-Balance-Quadriceps-Stretch-(female)_Stret_converted","FEMININO/FUNCIONAL/Standing-Balance-Quadriceps-Stretch-(female)_Stret_converted.gif","FUNCIONAL","FUNCIONAL"
"feminino","Standing-Balance-Side-to-Front-Leg-Raise-(female)__converted","FEMININO/FUNCIONAL/Standing-Balance-Side-to-Front-Leg-Raise-(female)__converted.gif","FUNCIONAL","FUNCIONAL"
"feminino","Standing-Balance-Single-Leg-Lifts-(female)_Hips__converted","FEMININO/FUNCIONAL/Standing-Balance-Single-Leg-Lifts-(female)_Hips__converted.gif","FUNCIONAL","FUNCIONAL"
"geral","Standing-Balance-Single-Leg-Lifts-Reverse-Fly-(fem_converted","FEMININO/FUNCIONAL/Standing-Balance-Single-Leg-Lifts-Reverse-Fly-(fem_converted.gif","FUNCIONAL","FUNCIONAL"
"geral","Standing-Balance-Stepback-and-Glute-Kickback-(fema_converted","FEMININO/FUNCIONAL/Standing-Balance-Stepback-and-Glute-Kickback-(fema_converted.gif","FUNCIONAL","FUNCIONAL"
"geral","Standing-Ballerina-Alternate-Side-Knee-Drive-(fema_converted","FEMININO/FUNCIONAL/Standing-Ballerina-Alternate-Side-Knee-Drive-(fema_converted.gif","FUNCIONAL","FUNCIONAL"
"geral","Standing-Behind-Head-Crossover-And-Back-Squeeze-(f_converted","FEMININO/FUNCIONAL/Standing-Behind-Head-Crossover-And-Back-Squeeze-(f_converted.gif","FUNCIONAL","FUNCIONAL"
"geral","Standing-Bent-Knee-Calf-Raise-with-a-Chair-Support_converted","FEMININO/FUNCIONAL/Standing-Bent-Knee-Calf-Raise-with-a-Chair-Support_converted.gif","FUNCIONAL","FUNCIONAL"
"feminino","Standing-Butt-Kick-(female)_Plyometrics__converted","FEMININO/FUNCIONAL/Standing-Butt-Kick-(female)_Plyometrics__converted.gif","FUNCIONAL","FUNCIONAL"
"feminino","Standing-Butt-Kick-(front-POV)-(female)_Plyometric_converted","FEMININO/FUNCIONAL/Standing-Butt-Kick-(front-POV)-(female)_Plyometric_converted.gif","FUNCIONAL","FUNCIONAL"
"feminino","Standing-Butt-Kick-Pulldown-(front-POV)-(female)_P_converted","FEMININO/FUNCIONAL/Standing-Butt-Kick-Pulldown-(front-POV)-(female)_P_converted.gif","FUNCIONAL","FUNCIONAL"
"feminino","Standing-Butt-Kick-Side-and-Front-Push-(female)_Pl_converted","FEMININO/FUNCIONAL/Standing-Butt-Kick-Side-and-Front-Push-(female)_Pl_converted.gif","FUNCIONAL","FUNCIONAL"
"feminino","Standing-Calf-Raise-(female)_Calves__converted","FEMININO/FUNCIONAL/Standing-Calf-Raise-(female)_Calves__converted.gif","FUNCIONAL","FUNCIONAL"
"feminino","Standing-Calf-Raise-(On-a-staircase)-(female)_Calv_converted","FEMININO/FUNCIONAL/Standing-Calf-Raise-(On-a-staircase)-(female)_Calv_converted.gif","FUNCIONAL","FUNCIONAL"
"feminino","Standing-Calf-Raise-with-Arms-Circle-(female)_Calv_converted","FEMININO/FUNCIONAL/Standing-Calf-Raise-with-Arms-Circle-(female)_Calv_converted.gif","FUNCIONAL","FUNCIONAL"
"feminino","Standing-Calf-Stretch-against-Wall-(female)_Stretc_converted","FEMININO/FUNCIONAL/Standing-Calf-Stretch-against-Wall-(female)_Stretc_converted.gif","FUNCIONAL","FUNCIONAL"
"feminino","Standing-Cat-Cow-Stretch-(female)_Stretching__converted","FEMININO/FUNCIONAL/Standing-Cat-Cow-Stretch-(female)_Stretching__converted.gif","FUNCIONAL","FUNCIONAL"
"feminino","Standing-Chest-Cross-Stretch-(female)_Stretching__converted","FEMININO/FUNCIONAL/Standing-Chest-Cross-Stretch-(female)_Stretching__converted.gif","FUNCIONAL","FUNCIONAL"
"feminino","Standing-Chest-Reach-(female)_Stretching__converted","FEMININO/FUNCIONAL/Standing-Chest-Reach-(female)_Stretching__converted.gif","FUNCIONAL","FUNCIONAL"
"feminino","Standing-Crossover-Crunch-(female)_Plyometrics__converted","FEMININO/FUNCIONAL/Standing-Crossover-Crunch-(female)_Plyometrics__converted.gif","FUNCIONAL","FUNCIONAL"
"feminino","Standing-Deep-Breathe-And-Prayer-Pull-(female)_Sho_converted","FEMININO/FUNCIONAL/Standing-Deep-Breathe-And-Prayer-Pull-(female)_Sho_converted.gif","FUNCIONAL","FUNCIONAL"
"feminino","Standing-Diagonal-Reach-and-Chest-Lift-(female)_Ch_converted","FEMININO/FUNCIONAL/Standing-Diagonal-Reach-and-Chest-Lift-(female)_Ch_converted.gif","FUNCIONAL","FUNCIONAL"
"geral","Standing-Double-Arm-Crossover-and-Double-Prayer-Pu_converted","FEMININO/FUNCIONAL/Standing-Double-Arm-Crossover-and-Double-Prayer-Pu_converted.gif","FUNCIONAL","FUNCIONAL"
"feminino","Standing-Double-Knee-Raise-Side-Step-(female)_Plyo_converted","FEMININO/FUNCIONAL/Standing-Double-Knee-Raise-Side-Step-(female)_Plyo_converted.gif","FUNCIONAL","FUNCIONAL"
"geral","Standing-Double-Opposite-Vertical-Open-and-Double-_converted","FEMININO/FUNCIONAL/Standing-Double-Opposite-Vertical-Open-and-Double-_converted.gif","FUNCIONAL","FUNCIONAL"
"feminino","Standing-Double-Prayer-Push-(female)_Chest__converted","FEMININO/FUNCIONAL/Standing-Double-Prayer-Push-(female)_Chest__converted.gif","FUNCIONAL","FUNCIONAL"
"feminino","Standing-Double-Prayer-Push-and-Circle-Draw-(femal_converted","FEMININO/FUNCIONAL/Standing-Double-Prayer-Push-and-Circle-Draw-(femal_converted.gif","FUNCIONAL","FUNCIONAL"
"feminino","Standing-Elbow-Raise-and-Squeeze-(female)_Shoulder_converted","FEMININO/FUNCIONAL/Standing-Elbow-Raise-and-Squeeze-(female)_Shoulder_converted.gif","FUNCIONAL","FUNCIONAL"
"feminino","Standing-Elbow-Touch-(female)_Chest__converted","FEMININO/FUNCIONAL/Standing-Elbow-Touch-(female)_Chest__converted.gif","FUNCIONAL","FUNCIONAL"
"feminino","Standing-Elbows-Tucked-Open-and-Close-(female)_Back__converted","FEMININO/FUNCIONAL/Standing-Elbows-Tucked-Open-and-Close-(female)_Back__converted.gif","FUNCIONAL","FUNCIONAL"
"feminino","Standing-Figure-Four-Pose-(female)_Stretching__converted","FEMININO/FUNCIONAL/Standing-Figure-Four-Pose-(female)_Stretching__converted.gif","FUNCIONAL","FUNCIONAL"
"feminino","Standing-Forward-Bend-Back-Squeeze-(female)_Back__converted","FEMININO/FUNCIONAL/Standing-Forward-Bend-Back-Squeeze-(female)_Back__converted.gif","FUNCIONAL","FUNCIONAL"
"geral","Standing-Front-Elbow-Touch-to-Overhead-Cross-(fema_converted","FEMININO/FUNCIONAL/Standing-Front-Elbow-Touch-to-Overhead-Cross-(fema_converted.gif","FUNCIONAL","FUNCIONAL"
"feminino","Standing-Front-Heel-Tap-(female)_Plyometrics__converted","FEMININO/FUNCIONAL/Standing-Front-Heel-Tap-(female)_Plyometrics__converted.gif","FUNCIONAL","FUNCIONAL"
"geral","Standing-Front-Leg-Lift-Cross-Toe-Touches-(VERSION_converted","FEMININO/FUNCIONAL/Standing-Front-Leg-Lift-Cross-Toe-Touches-(VERSION_converted.gif","FUNCIONAL","FUNCIONAL"
"feminino","Standing-Front-Shoulder-Tap-(female)_Upper-Arms__converted","FEMININO/FUNCIONAL/Standing-Front-Shoulder-Tap-(female)_Upper-Arms__converted.gif","FUNCIONAL","FUNCIONAL"
"geral","Standing-Front-Triple-Arm-Cross-and-Top-Triple-Arm_converted","FEMININO/FUNCIONAL/Standing-Front-Triple-Arm-Cross-and-Top-Triple-Arm_converted.gif","FUNCIONAL","FUNCIONAL"
"feminino","Standing-Gastrocnemius-Calf-Stretch-(female)_Calves_converted","FEMININO/FUNCIONAL/Standing-Gastrocnemius-Calf-Stretch-(female)_Calves_converted.gif","FUNCIONAL","FUNCIONAL"
"feminino","Standing-Hamstring-and-Calf-Stretch-with-Starp-(female)_Thighs_converted","FEMININO/FUNCIONAL/Standing-Hamstring-and-Calf-Stretch-with-Starp-(female)_Thighs_converted.gif","FUNCIONAL","FUNCIONAL"
"feminino","Standing-Hamstring-Stretch-(female)_Thighs__converted","FEMININO/FUNCIONAL/Standing-Hamstring-Stretch-(female)_Thighs__converted.gif","FUNCIONAL","FUNCIONAL"
"feminino","Standing-Hands-On-Hip-Front-And-Back-Open-(female)_converted","FEMININO/FUNCIONAL/Standing-Hands-On-Hip-Front-And-Back-Open-(female)_converted.gif","FUNCIONAL","FUNCIONAL"
"geral","Standing-Hands-On-Shoulder-Raise-And-Elbow-Touch-(_converted","FEMININO/FUNCIONAL/Standing-Hands-On-Shoulder-Raise-And-Elbow-Touch-(_converted.gif","FUNCIONAL","FUNCIONAL"
"feminino","Standing-Hands-Up-Side-Crunch-(female)_Plyometrics_converted","FEMININO/FUNCIONAL/Standing-Hands-Up-Side-Crunch-(female)_Plyometrics_converted.gif","FUNCIONAL","FUNCIONAL"
"feminino","Standing-Hip-Circle-(female)_converted","FEMININO/FUNCIONAL/Standing-Hip-Circle-(female)_converted.gif","FUNCIONAL","FUNCIONAL"
"feminino","Standing-Hip-Circle-(female)_Hips__converted","FEMININO/FUNCIONAL/Standing-Hip-Circle-(female)_Hips__converted.gif","FUNCIONAL","FUNCIONAL"
"feminino","Standing-Hip-Extension-to-Leg-Lift-(female)_Hips__converted","FEMININO/FUNCIONAL/Standing-Hip-Extension-to-Leg-Lift-(female)_Hips__converted.gif","FUNCIONAL","FUNCIONAL"
"feminino","Standing-Hip-Frontal-Rotation-Arm-Sways-(female)_P_converted","FEMININO/FUNCIONAL/Standing-Hip-Frontal-Rotation-Arm-Sways-(female)_P_converted.gif","FUNCIONAL","FUNCIONAL"
"feminino","Standing-Hip-Frontal-Rotation-Curl-(female)_Plyome_converted","FEMININO/FUNCIONAL/Standing-Hip-Frontal-Rotation-Curl-(female)_Plyome_converted.gif","FUNCIONAL","FUNCIONAL"
"geral","Standing-Hip-Frontal-Rotation-with-Shoulders-Adduc_converted","FEMININO/FUNCIONAL/Standing-Hip-Frontal-Rotation-with-Shoulders-Adduc_converted.gif","FUNCIONAL","FUNCIONAL"
"geral","Standing-Hip-Horizontal-and-Saggital-Rotation-(fem_converted","FEMININO/FUNCIONAL/Standing-Hip-Horizontal-and-Saggital-Rotation-(fem_converted.gif","FUNCIONAL","FUNCIONAL"
"geral","Standing-Hip-Saggital-Rotation-with-Hands-Overhead_converted","FEMININO/FUNCIONAL/Standing-Hip-Saggital-Rotation-with-Hands-Overhead_converted.gif","FUNCIONAL","FUNCIONAL"
"geral","Standing-Hip-Saggital-Rotation-with-Shoulders-Tran_converted","FEMININO/FUNCIONAL/Standing-Hip-Saggital-Rotation-with-Shoulders-Tran_converted.gif","FUNCIONAL","FUNCIONAL"
"feminino","Standing-Interlock-Hands-Full-Stretch-(female)_Str_converted","FEMININO/FUNCIONAL/Standing-Interlock-Hands-Full-Stretch-(female)_Str_converted.gif","FUNCIONAL","FUNCIONAL"
"feminino","Standing-Inverted-Row-(female)_Back__converted","FEMININO/FUNCIONAL/Standing-Inverted-Row-(female)_Back__converted.gif","FUNCIONAL","FUNCIONAL"
"feminino","Standing-Knee-Raise-(female)_Plyometrics__converted","FEMININO/FUNCIONAL/Standing-Knee-Raise-(female)_Plyometrics__converted.gif","FUNCIONAL","FUNCIONAL"
"feminino","Standing-Knee-to-Chest-Stretch-(female)_Stretching_converted","FEMININO/FUNCIONAL/Standing-Knee-to-Chest-Stretch-(female)_Stretching_converted.gif","FUNCIONAL","FUNCIONAL"
"feminino","Standing-Ladder-Climb-(female)_Plyometrics__converted","FEMININO/FUNCIONAL/Standing-Ladder-Climb-(female)_Plyometrics__converted.gif","FUNCIONAL","FUNCIONAL"
"feminino","Standing-Lat-Pulldown-(female)_Back__converted","FEMININO/FUNCIONAL/Standing-Lat-Pulldown-(female)_Back__converted.gif","FUNCIONAL","FUNCIONAL"
"feminino","Standing-Lateral-Raise-(Bent-Arms)-(female)_Should_converted","FEMININO/FUNCIONAL/Standing-Lateral-Raise-(Bent-Arms)-(female)_Should_converted.gif","FUNCIONAL","FUNCIONAL"
"feminino","Standing-Lateral-Stretch-(female)_Back-FIX__converted","FEMININO/FUNCIONAL/Standing-Lateral-Stretch-(female)_Back-FIX__converted.gif","FUNCIONAL","FUNCIONAL"
"feminino","Standing-Lean-Forward-Hamstring-Stretch-(female)_S_converted","FEMININO/FUNCIONAL/Standing-Lean-Forward-Hamstring-Stretch-(female)_S_converted.gif","FUNCIONAL","FUNCIONAL"
"feminino","Standing-Leg-Curl-(female)_Thighs__converted","FEMININO/FUNCIONAL/Standing-Leg-Curl-(female)_Thighs__converted.gif","FUNCIONAL","FUNCIONAL"
"feminino","Standing-March-with-Shoulders-Extension-(female)_P_converted","FEMININO/FUNCIONAL/Standing-March-with-Shoulders-Extension-(female)_P_converted.gif","FUNCIONAL","FUNCIONAL"
"feminino","Standing-One-Arm-Circling-(female)_Shoulders_converted","FEMININO/FUNCIONAL/Standing-One-Arm-Circling-(female)_Shoulders_converted.gif","FUNCIONAL","FUNCIONAL"
"geral","Standing-Opposite-Straight-Arm-Clasp-Raise-(left-o_converted","FEMININO/FUNCIONAL/Standing-Opposite-Straight-Arm-Clasp-Raise-(left-o_converted.gif","FUNCIONAL","FUNCIONAL"
"geral","Standing-Opposite-Straight-Arm-Clasp-Raise-(right-_converted","FEMININO/FUNCIONAL/Standing-Opposite-Straight-Arm-Clasp-Raise-(right-_converted.gif","FUNCIONAL","FUNCIONAL"
"feminino","Standing-Push-and-Toe-Tap-(female)_Plyometrics__converted","FEMININO/FUNCIONAL/Standing-Push-and-Toe-Tap-(female)_Plyometrics__converted.gif","FUNCIONAL","FUNCIONAL"
"feminino","Standing-Reach-Down-Hamsting-Crossed-Legs-Stretch-(female)_Thighs__converted","FEMININO/FUNCIONAL/Standing-Reach-Down-Hamsting-Crossed-Legs-Stretch-(female)_Thighs__converted.gif","FUNCIONAL","FUNCIONAL"
"feminino","Standing-reach-up-back-rotation-stretch-(female)_Back_converted","FEMININO/FUNCIONAL/Standing-reach-up-back-rotation-stretch-(female)_Back_converted.gif","FUNCIONAL","FUNCIONAL"
"feminino","Bodyweight-Patrick-Step-from-StepBox-(female)_Thig_converted","FEMININO/FUNCIONAL/STEP/Bodyweight-Patrick-Step-from-StepBox-(female)_Thig_converted.gif","FUNCIONAL","STEP"
"feminino","Bodyweight-Peterson-Step-from-StepBox-(female)_Thi_converted","FEMININO/FUNCIONAL/STEP/Bodyweight-Peterson-Step-from-StepBox-(female)_Thi_converted.gif","FUNCIONAL","STEP"
"feminino","Bodyweight-Poliquin-Step-from-StepBox-(female)_Thi_converted","FEMININO/FUNCIONAL/STEP/Bodyweight-Poliquin-Step-from-StepBox-(female)_Thi_converted.gif","FUNCIONAL","STEP"
"feminino","Bodyweight-Standing-Calf-Raise-on-a-Stepbox-(femal_converted","FEMININO/FUNCIONAL/STEP/Bodyweight-Standing-Calf-Raise-on-a-Stepbox-(femal_converted.gif","FUNCIONAL","STEP"
"feminino","Bodyweight-Step-up-Knee-Raise-on-Stepbox-(female)__converted","FEMININO/FUNCIONAL/STEP/Bodyweight-Step-up-Knee-Raise-on-Stepbox-(female)__converted.gif","FUNCIONAL","STEP"
"feminino","Bodyweight-Step-up-on-Stepbox-(female)_Thighs__converted","FEMININO/FUNCIONAL/STEP/Bodyweight-Step-up-on-Stepbox-(female)_Thighs__converted.gif","FUNCIONAL","STEP"
"feminino","Ring-High-Row-(female)_Back__converted","FEMININO/FUNCIONAL/TRX/Ring-High-Row-(female)_Back__converted.gif","FUNCIONAL","TRX"
"feminino","Ring-Inverted-Row-(female)_Back__converted","FEMININO/FUNCIONAL/TRX/Ring-Inverted-Row-(female)_Back__converted.gif","FUNCIONAL","TRX"
"feminino","Suspender-Abduction-Lunge-(female)_Thighs__converted","FEMININO/FUNCIONAL/TRX/Suspender-Abduction-Lunge-(female)_Thighs__converted.gif","FUNCIONAL","TRX"
"feminino","Suspender-Arm-Curl-(female)_Upper-Arms__converted","FEMININO/FUNCIONAL/TRX/Suspender-Arm-Curl-(female)_Upper-Arms__converted.gif","FUNCIONAL","TRX"
"feminino","Suspender-Arm-Curl-to-Ears-(female)_Upper-arms_converted","FEMININO/FUNCIONAL/TRX/Suspender-Arm-Curl-to-Ears-(female)_Upper-arms_converted.gif","FUNCIONAL","TRX"
"feminino","Suspender-Bent-knee-Inverted-Row-(female)_Back__converted","FEMININO/FUNCIONAL/TRX/Suspender-Bent-knee-Inverted-Row-(female)_Back__converted.gif","FUNCIONAL","TRX"
"feminino","Suspender-Biceps-Clutch-(female)_Upper-arms__converted","FEMININO/FUNCIONAL/TRX/Suspender-Biceps-Clutch-(female)_Upper-arms__converted.gif","FUNCIONAL","TRX"
"feminino","Suspender-Bicycle-Crunch-(female)_Waist__converted","FEMININO/FUNCIONAL/TRX/Suspender-Bicycle-Crunch-(female)_Waist__converted.gif","FUNCIONAL","TRX"
"feminino","Suspender-Body-Saw-(female)_Waist__converted","FEMININO/FUNCIONAL/TRX/Suspender-Body-Saw-(female)_Waist__converted.gif","FUNCIONAL","TRX"
"feminino","Suspender-Calf-Raise-(female)_Calves__converted","FEMININO/FUNCIONAL/TRX/Suspender-Calf-Raise-(female)_Calves__converted.gif","FUNCIONAL","TRX"
"feminino","Suspender-Chest-Dip-(female)_Chest_converted","FEMININO/FUNCIONAL/TRX/Suspender-Chest-Dip-(female)_Chest_converted.gif","FUNCIONAL","TRX"
"feminino","Suspender-Chest-Press-(female)_Chest__converted","FEMININO/FUNCIONAL/TRX/Suspender-Chest-Press-(female)_Chest__converted.gif","FUNCIONAL","TRX"
"feminino","Suspender-Close-grip-Chest-Press-(female)_Chest__converted","FEMININO/FUNCIONAL/TRX/Suspender-Close-grip-Chest-Press-(female)_Chest__converted.gif","FUNCIONAL","TRX"
"feminino","Suspender-Crunch-(female)_Waist__converted","FEMININO/FUNCIONAL/TRX/Suspender-Crunch-(female)_Waist__converted.gif","FUNCIONAL","TRX"
"feminino","Suspender-Elbow-Plank-(female)_Waist__converted","FEMININO/FUNCIONAL/TRX/Suspender-Elbow-Plank-(female)_Waist__converted.gif","FUNCIONAL","TRX"
"feminino","Suspender-Face-Pull-(female)_Shoulders__converted","FEMININO/FUNCIONAL/TRX/Suspender-Face-Pull-(female)_Shoulders__converted.gif","FUNCIONAL","TRX"
"geral","Suspender-Fly_Chest-FIX__converted","FEMININO/FUNCIONAL/TRX/Suspender-Fly_Chest-FIX__converted.gif","FUNCIONAL","TRX"
"feminino","Suspender-Front-Plank-(female)_Waist__converted","FEMININO/FUNCIONAL/TRX/Suspender-Front-Plank-(female)_Waist__converted.gif","FUNCIONAL","TRX"
"feminino","Suspender-Front-Raise-(female)_Shoulders__converted","FEMININO/FUNCIONAL/TRX/Suspender-Front-Raise-(female)_Shoulders__converted.gif","FUNCIONAL","TRX"
"feminino","Suspender-Hamstring-Runner-(female)_Thighs__converted","FEMININO/FUNCIONAL/TRX/Suspender-Hamstring-Runner-(female)_Thighs__converted.gif","FUNCIONAL","TRX"
"feminino","Suspender-Hip-Abduction-(female)_Hips_converted","FEMININO/FUNCIONAL/TRX/Suspender-Hip-Abduction-(female)_Hips_converted.gif","FUNCIONAL","TRX"
"feminino","Suspender-Hip-Bridge-(female)_Hips_converted","FEMININO/FUNCIONAL/TRX/Suspender-Hip-Bridge-(female)_Hips_converted.gif","FUNCIONAL","TRX"
"feminino","Suspender-Hyperextension-(female)_Back__converted","FEMININO/FUNCIONAL/TRX/Suspender-Hyperextension-(female)_Back__converted.gif","FUNCIONAL","TRX"
"feminino","Suspender-Incline-Push-up-(female)_Chest__converted","FEMININO/FUNCIONAL/TRX/Suspender-Incline-Push-up-(female)_Chest__converted.gif","FUNCIONAL","TRX"
"feminino","Suspender-Inverted-Row-(female)_Back__converted","FEMININO/FUNCIONAL/TRX/Suspender-Inverted-Row-(female)_Back__converted.gif","FUNCIONAL","TRX"
"feminino","Suspender-Inverted-Row-Arm-Twist-(female)_Back__converted","FEMININO/FUNCIONAL/TRX/Suspender-Inverted-Row-Arm-Twist-(female)_Back__converted.gif","FUNCIONAL","TRX"
"feminino","Suspender-Jack-knife-(female)_Waist__converted","FEMININO/FUNCIONAL/TRX/Suspender-Jack-knife-(female)_Waist__converted.gif","FUNCIONAL","TRX"
"feminino","Suspender-Jack-knife-Pike-(female)_Waist__converted","FEMININO/FUNCIONAL/TRX/Suspender-Jack-knife-Pike-(female)_Waist__converted.gif","FUNCIONAL","TRX"
"feminino","Suspender-Jump-Squat-(female)_Thighs__converted","FEMININO/FUNCIONAL/TRX/Suspender-Jump-Squat-(female)_Thighs__converted.gif","FUNCIONAL","TRX"
"feminino","Suspender-Leg-Curl-(female)_Thighs__converted","FEMININO/FUNCIONAL/TRX/Suspender-Leg-Curl-(female)_Thighs__converted.gif","FUNCIONAL","TRX"
"feminino","Suspender-Lunge-Back-Crossover-(female)_Thighs__converted","FEMININO/FUNCIONAL/TRX/Suspender-Lunge-Back-Crossover-(female)_Thighs__converted.gif","FUNCIONAL","TRX"
"feminino","Suspender-Lying-Leg-Raise-(female)_Waist__converted","FEMININO/FUNCIONAL/TRX/Suspender-Lying-Leg-Raise-(female)_Waist__converted.gif","FUNCIONAL","TRX"
"feminino","Suspender-Mountain-Climber-(female)_Hips_converted","FEMININO/FUNCIONAL/TRX/Suspender-Mountain-Climber-(female)_Hips_converted.gif","FUNCIONAL","TRX"
"feminino","Suspender-Mountain-Climber-Push-up-(female)_Waist__converted","FEMININO/FUNCIONAL/TRX/Suspender-Mountain-Climber-Push-up-(female)_Waist__converted.gif","FUNCIONAL","TRX"
"feminino","Suspender-Oblique-Rollout-(female)_Waist__converted","FEMININO/FUNCIONAL/TRX/Suspender-Oblique-Rollout-(female)_Waist__converted.gif","FUNCIONAL","TRX"
"feminino","Suspender-One-Arm-Biceps-Curl-(female)_Upper-Arms__converted","FEMININO/FUNCIONAL/TRX/Suspender-One-Arm-Biceps-Curl-(female)_Upper-Arms__converted.gif","FUNCIONAL","TRX"
"feminino","Suspender-One-Arm-Chest-Press-(female)_Chest__converted","FEMININO/FUNCIONAL/TRX/Suspender-One-Arm-Chest-Press-(female)_Chest__converted.gif","FUNCIONAL","TRX"
"feminino","Suspender-One-Arm-Leg-Push-up-(female)_Chest__converted","FEMININO/FUNCIONAL/TRX/Suspender-One-Arm-Leg-Push-up-(female)_Chest__converted.gif","FUNCIONAL","TRX"
"feminino","Suspender-One-Leg-Chest-Press-(female)_Chest__converted","FEMININO/FUNCIONAL/TRX/Suspender-One-Leg-Chest-Press-(female)_Chest__converted.gif","FUNCIONAL","TRX"
"feminino","Suspender-Pendulum-(female)_Waist__converted","FEMININO/FUNCIONAL/TRX/Suspender-Pendulum-(female)_Waist__converted.gif","FUNCIONAL","TRX"
"feminino","Suspender-Pike-(female)_Hips__converted","FEMININO/FUNCIONAL/TRX/Suspender-Pike-(female)_Hips__converted.gif","FUNCIONAL","TRX"
"feminino","Suspender-Pull-Through-(female)_Back__converted","FEMININO/FUNCIONAL/TRX/Suspender-Pull-Through-(female)_Back__converted.gif","FUNCIONAL","TRX"
"feminino","Suspender-Pull-up-(female)_Back__converted","FEMININO/FUNCIONAL/TRX/Suspender-Pull-up-(female)_Back__converted.gif","FUNCIONAL","TRX"
"feminino","Suspender-Push-up-(female)_Chest__converted","FEMININO/FUNCIONAL/TRX/Suspender-Push-up-(female)_Chest__converted.gif","FUNCIONAL","TRX"
"feminino","Suspender-Rear-Lunge-(female)_Thighs__converted","FEMININO/FUNCIONAL/TRX/Suspender-Rear-Lunge-(female)_Thighs__converted.gif","FUNCIONAL","TRX"
"feminino","Suspender-Reverse-Fly-(female)_Shoulders_converted","FEMININO/FUNCIONAL/TRX/Suspender-Reverse-Fly-(female)_Shoulders_converted.gif","FUNCIONAL","TRX"
"feminino","Suspender-Reverse-Fly-Wake-up-(female)_Back__converted","FEMININO/FUNCIONAL/TRX/Suspender-Reverse-Fly-Wake-up-(female)_Back__converted.gif","FUNCIONAL","TRX"
"feminino","Suspender-Rollout-(female)_Waist__converted","FEMININO/FUNCIONAL/TRX/Suspender-Rollout-(female)_Waist__converted.gif","FUNCIONAL","TRX"
"feminino","Suspender-Rollout-(VERSION-2)-(female)_Waist__converted","FEMININO/FUNCIONAL/TRX/Suspender-Rollout-(VERSION-2)-(female)_Waist__converted.gif","FUNCIONAL","TRX"
"feminino","Suspender-Row-(female)_Back__converted","FEMININO/FUNCIONAL/TRX/Suspender-Row-(female)_Back__converted.gif","FUNCIONAL","TRX"
"feminino","Suspender-Self-Assisted-Chest-Dip-(female)_Chest_converted","FEMININO/FUNCIONAL/TRX/Suspender-Self-Assisted-Chest-Dip-(female)_Chest_converted.gif","FUNCIONAL","TRX"
"feminino","Suspender-Self-assisted-Pull-up-(female)_Back_converted","FEMININO/FUNCIONAL/TRX/Suspender-Self-assisted-Pull-up-(female)_Back_converted.gif","FUNCIONAL","TRX"
"feminino","Suspender-Side-Bend-(female)_Waist__converted","FEMININO/FUNCIONAL/TRX/Suspender-Side-Bend-(female)_Waist__converted.gif","FUNCIONAL","TRX"
"feminino","Suspender-Side-Bridge-(female)_Waist__converted","FEMININO/FUNCIONAL/TRX/Suspender-Side-Bridge-(female)_Waist__converted.gif","FUNCIONAL","TRX"
"feminino","Suspender-Side-Lunge-(female)_Thighs__converted","FEMININO/FUNCIONAL/TRX/Suspender-Side-Lunge-(female)_Thighs__converted.gif","FUNCIONAL","TRX"
"feminino","Suspender-Single-Arm-Rear-Delt-Row-(female)_Should_converted","FEMININO/FUNCIONAL/TRX/Suspender-Single-Arm-Rear-Delt-Row-(female)_Should_converted.gif","FUNCIONAL","TRX"
"feminino","Suspender-Single-Leg-Deadlift-(female)_Hips_converted","FEMININO/FUNCIONAL/TRX/Suspender-Single-Leg-Deadlift-(female)_Hips_converted.gif","FUNCIONAL","TRX"
"feminino","Suspender-Single-Leg-Plank-(female)_Waist__converted","FEMININO/FUNCIONAL/TRX/Suspender-Single-Leg-Plank-(female)_Waist__converted.gif","FUNCIONAL","TRX"
"feminino","Suspender-Single-Leg-Plank-(straight-arm)-(female)_converted","FEMININO/FUNCIONAL/TRX/Suspender-Single-Leg-Plank-(straight-arm)-(female)_converted.gif","FUNCIONAL","TRX"
"feminino","Suspender-Single-Leg-Split-Squat-(female)_Hips__converted","FEMININO/FUNCIONAL/TRX/Suspender-Single-Leg-Split-Squat-(female)_Hips__converted.gif","FUNCIONAL","TRX"
"feminino","Suspender-Single-Leg-Squat-(female)_Hips__converted","FEMININO/FUNCIONAL/TRX/Suspender-Single-Leg-Squat-(female)_Hips__converted.gif","FUNCIONAL","TRX"
"feminino","Suspender-Single-Leg-Squat-(female)-(figure)_Thigh_converted","FEMININO/FUNCIONAL/TRX/Suspender-Single-Leg-Squat-(female)-(figure)_Thigh_converted.gif","FUNCIONAL","TRX"
"feminino","Suspender-Spiderman-Push-up-(female)_Hips__converted","FEMININO/FUNCIONAL/TRX/Suspender-Spiderman-Push-up-(female)_Hips__converted.gif","FUNCIONAL","TRX"
"feminino","Suspender-Split-Fly-(female)_Shoulders__converted","FEMININO/FUNCIONAL/TRX/Suspender-Split-Fly-(female)_Shoulders__converted.gif","FUNCIONAL","TRX"
"feminino","Suspender-Sprinter-(female)_Thighs__converted","FEMININO/FUNCIONAL/TRX/Suspender-Sprinter-(female)_Thighs__converted.gif","FUNCIONAL","TRX"
"feminino","Suspender-Squat-(female)_Thighs__converted","FEMININO/FUNCIONAL/TRX/Suspender-Squat-(female)_Thighs__converted.gif","FUNCIONAL","TRX"
"feminino","Suspender-Star-Push-up-(female)_Waist__converted","FEMININO/FUNCIONAL/TRX/Suspender-Star-Push-up-(female)_Waist__converted.gif","FUNCIONAL","TRX"
"feminino","Suspender-Straight-Hip-Leg-Curl-(female)_Thighs__converted","FEMININO/FUNCIONAL/TRX/Suspender-Straight-Hip-Leg-Curl-(female)_Thighs__converted.gif","FUNCIONAL","TRX"
"geral","Suspender-Supine-Crunch_Waist-FIX__converted","FEMININO/FUNCIONAL/TRX/Suspender-Supine-Crunch_Waist-FIX__converted.gif","FUNCIONAL","TRX"
"feminino","Suspender-Supine-Plank-(female)_Waist__converted","FEMININO/FUNCIONAL/TRX/Suspender-Supine-Plank-(female)_Waist__converted.gif","FUNCIONAL","TRX"
"feminino","Suspender-Triceps-Extension-(female)_Upper-Arms__converted","FEMININO/FUNCIONAL/TRX/Suspender-Triceps-Extension-(female)_Upper-Arms__converted.gif","FUNCIONAL","TRX"
"feminino","Suspender-Triceps-Extension-Push-Up-(female)_Upper_converted","FEMININO/FUNCIONAL/TRX/Suspender-Triceps-Extension-Push-Up-(female)_Upper_converted.gif","FUNCIONAL","TRX"
"feminino","Suspender-Triceps-Kickback-(female)_Upper-arms__converted","FEMININO/FUNCIONAL/TRX/Suspender-Triceps-Kickback-(female)_Upper-arms__converted.gif","FUNCIONAL","TRX"
"feminino","Suspender-Twist-Side-(female)_Waist__converted","FEMININO/FUNCIONAL/TRX/Suspender-Twist-Side-(female)_Waist__converted.gif","FUNCIONAL","TRX"
"feminino","Suspender-Twist-Up-(female)_Waist__converted","FEMININO/FUNCIONAL/TRX/Suspender-Twist-Up-(female)_Waist__converted.gif","FUNCIONAL","TRX"
"feminino","Suspender-Twisting-Jack-knife-(female)_Waist__converted","FEMININO/FUNCIONAL/TRX/Suspender-Twisting-Jack-knife-(female)_Waist__converted.gif","FUNCIONAL","TRX"
"feminino","Suspender-Wide-Grip-Inverted-Row-on-floor-(female)_Back_converted","FEMININO/FUNCIONAL/TRX/Suspender-Wide-Grip-Inverted-Row-on-floor-(female)_Back_converted.gif","FUNCIONAL","TRX"
"feminino","Suspender-Woodchopper-(female)_Waist__converted","FEMININO/FUNCIONAL/TRX/Suspender-Woodchopper-(female)_Waist__converted.gif","FUNCIONAL","TRX"
"feminino","Suspender-Y-Lateral-Raise-(female)_Shoulders__converted","FEMININO/FUNCIONAL/TRX/Suspender-Y-Lateral-Raise-(female)_Shoulders__converted.gif","FUNCIONAL","TRX"
"feminino","Suspender-YW-raise-(female)_Waist__converted","FEMININO/FUNCIONAL/TRX/Suspender-YW-raise-(female)_Waist__converted.gif","FUNCIONAL","TRX"
"feminino","Boat-Yoga-Pose-(female)_Stretching-FIX__converted","FEMININO/FUNCIONAL/YOGA/Boat-Yoga-Pose-(female)_Stretching-FIX__converted.gif","FUNCIONAL","YOGA"
"feminino","Bound-Angle-Yoga-Pose-Baddha-Konasana-(female)_Str_converted","FEMININO/FUNCIONAL/YOGA/Bound-Angle-Yoga-Pose-Baddha-Konasana-(female)_Str_converted.gif","FUNCIONAL","YOGA"
"feminino","Bridge-Yoga-Pose-Setu-Bandha-Sarvangasana-(female) copy_converted","FEMININO/FUNCIONAL/YOGA/Bridge-Yoga-Pose-Setu-Bandha-Sarvangasana-(female) copy_converted.gif","FUNCIONAL","YOGA"
"feminino","Bridge-Yoga-Pose-Setu-Bandha-Sarvangasana-(female)_converted","FEMININO/FUNCIONAL/YOGA/Bridge-Yoga-Pose-Setu-Bandha-Sarvangasana-(female)_converted.gif","FUNCIONAL","YOGA"
"feminino","Butterfly-Yoga-Flaps-(female)_Hips__converted","FEMININO/FUNCIONAL/YOGA/Butterfly-Yoga-Flaps-(female)_Hips__converted.gif","FUNCIONAL","YOGA"
"feminino","Butterfly-Yoga-Pose-(female)_Thighs_converted","FEMININO/FUNCIONAL/YOGA/Butterfly-Yoga-Pose-(female)_Thighs_converted.gif","FUNCIONAL","YOGA"
"feminino","Cow-Yoga-Pose-Bitilasana-(female)_Stretching__converted","FEMININO/FUNCIONAL/YOGA/Cow-Yoga-Pose-Bitilasana-(female)_Stretching__converted.gif","FUNCIONAL","YOGA"
"feminino","Easy-Yoga-Pose-(female)_Stretching__converted","FEMININO/FUNCIONAL/YOGA/Easy-Yoga-Pose-(female)_Stretching__converted.gif","FUNCIONAL","YOGA"
"feminino","Eight-Angle-Yoga-Pose-(female)_Stretching__converted","FEMININO/FUNCIONAL/YOGA/Eight-Angle-Yoga-Pose-(female)_Stretching__converted.gif","FUNCIONAL","YOGA"
"feminino","Extended-Side-Angle-Yoga-Pose-(female)_Stretching__converted","FEMININO/FUNCIONAL/YOGA/Extended-Side-Angle-Yoga-Pose-(female)_Stretching__converted.gif","FUNCIONAL","YOGA"
"feminino","Firefly-Yoga-Pose-(female)_Stretching__converted","FEMININO/FUNCIONAL/YOGA/Firefly-Yoga-Pose-(female)_Stretching__converted.gif","FUNCIONAL","YOGA"
"feminino","Flying-Lizard-Yoga-Pose-Utthan-Pristhasana-(female_converted","FEMININO/FUNCIONAL/YOGA/Flying-Lizard-Yoga-Pose-Utthan-Pristhasana-(female_converted.gif","FUNCIONAL","YOGA"
"feminino","King-Pigeon-Yoga-Pose-(female)_Stretching__converted","FEMININO/FUNCIONAL/YOGA/King-Pigeon-Yoga-Pose-(female)_Stretching__converted.gif","FUNCIONAL","YOGA"
"feminino","Low-Lunge-Yoga-Pose-Anjaneyasana-I-(female)_Hips__converted","FEMININO/FUNCIONAL/YOGA/Low-Lunge-Yoga-Pose-Anjaneyasana-I-(female)_Hips__converted.gif","FUNCIONAL","YOGA"
"feminino","Seated-Forward-Bend-Yoga-Pose-(female)_Stretching__converted","FEMININO/FUNCIONAL/YOGA/Seated-Forward-Bend-Yoga-Pose-(female)_Stretching__converted.gif","FUNCIONAL","YOGA"
"feminino","Side-Crow-Yoga-Pose-(female)_Stretching__converted","FEMININO/FUNCIONAL/YOGA/Side-Crow-Yoga-Pose-(female)_Stretching__converted.gif","FUNCIONAL","YOGA"
"feminino","Side-to-side-Skandasana-Yoga-Pose-(female)_Stretch_converted","FEMININO/FUNCIONAL/YOGA/Side-to-side-Skandasana-Yoga-Pose-(female)_Stretch_converted.gif","FUNCIONAL","YOGA"
"feminino","Sleeping-Swan-Yoga-Pose-(female)_Stretching__converted","FEMININO/FUNCIONAL/YOGA/Sleeping-Swan-Yoga-Pose-(female)_Stretching__converted.gif","FUNCIONAL","YOGA"
"geral","Standing-Hand-to-Big-Toe-Yoga-Pose-Utthita-Hasta-P_converted","FEMININO/FUNCIONAL/YOGA/Standing-Hand-to-Big-Toe-Yoga-Pose-Utthita-Hasta-P_converted.gif","FUNCIONAL","YOGA"
"geral","Standing-Split-Yoga-Pose-Urdhva-Prasarita-Eka-Pada_converted","FEMININO/FUNCIONAL/YOGA/Standing-Split-Yoga-Pose-Urdhva-Prasarita-Eka-Pada_converted.gif","FUNCIONAL","YOGA"
"feminino","Toe-Squat-Yoga-Pose-(female)_Stretching__converted","FEMININO/FUNCIONAL/YOGA/Toe-Squat-Yoga-Pose-(female)_Stretching__converted.gif","FUNCIONAL","YOGA"
"feminino","Tree-Yoga-Pose-Open-Chest-(female)_Stretching__converted","FEMININO/FUNCIONAL/YOGA/Tree-Yoga-Pose-Open-Chest-(female)_Stretching__converted.gif","FUNCIONAL","YOGA"
"feminino","Tree-Yoga-Pose-Vrksasana-(female)_Stretching__converted","FEMININO/FUNCIONAL/YOGA/Tree-Yoga-Pose-Vrksasana-(female)_Stretching__converted.gif","FUNCIONAL","YOGA"
"feminino","Upavishta-Konasana-Yoga-Pose-(female)_Stretching__converted","FEMININO/FUNCIONAL/YOGA/Upavishta-Konasana-Yoga-Pose-(female)_Stretching__converted.gif","FUNCIONAL","YOGA"
"feminino","Wide-Child-Prasarita-Balasana-Yoga-Pose-(female)_S_converted","FEMININO/FUNCIONAL/YOGA/Wide-Child-Prasarita-Balasana-Yoga-Pose-(female)_S_converted.gif","FUNCIONAL","YOGA"
"feminino","Yoga-Squat-Dives-(female)_Stretching__converted","FEMININO/FUNCIONAL/YOGA/Yoga-Squat-Dives-(female)_Stretching__converted.gif","FUNCIONAL","YOGA"
"feminino","Kettlebell-Bent-Press-(female)_waist_converted","FEMININO/KETTLEBELL/ABDOMINAIS/Kettlebell-Bent-Press-(female)_waist_converted.gif","KETTLEBELL","ABDOMINAIS"
"feminino","Kettlebell-Standing-Slingshots-(female)_Shoulders__converted","FEMININO/KETTLEBELL/ABDOMINAIS/Kettlebell-Standing-Slingshots-(female)_Shoulders__converted.gif","KETTLEBELL","ABDOMINAIS"
"feminino","Kettlebell-Weighted-Russian-Twist-(female)_Waist__converted","FEMININO/KETTLEBELL/ABDOMINAIS/Kettlebell-Weighted-Russian-Twist-(female)_Waist__converted.gif","KETTLEBELL","ABDOMINAIS"
"feminino","Kettlebell-Windmill-(female)_Waist__converted","FEMININO/KETTLEBELL/ABDOMINAIS/Kettlebell-Windmill-(female)_Waist__converted.gif","KETTLEBELL","ABDOMINAIS"
"feminino","Kettlebell-Wood-Chop-(female)_Waist__converted","FEMININO/KETTLEBELL/ABDOMINAIS/Kettlebell-Wood-Chop-(female)_Waist__converted.gif","KETTLEBELL","ABDOMINAIS"
"feminino","Kettlebell-Biceps-Curl-(female)_Upper-Arms__converted","FEMININO/KETTLEBELL/BICEPS/Kettlebell-Biceps-Curl-(female)_Upper-Arms__converted.gif","KETTLEBELL","BICEPS"
"feminino","Kettlebell-Rear-Delt-Row-(female)_Back__converted","FEMININO/KETTLEBELL/COSTAS/Kettlebell-Rear-Delt-Row-(female)_Back__converted.gif","KETTLEBELL","COSTAS"
"feminino","Kettlebell-Angled-Press-(female)_Back__converted","FEMININO/KETTLEBELL/OMBRO/Kettlebell-Angled-Press-(female)_Back__converted.gif","KETTLEBELL","OMBRO"
"feminino","Kettlebell-Around-Head-Rotation-(female)_Back__converted","FEMININO/KETTLEBELL/OMBRO/Kettlebell-Around-Head-Rotation-(female)_Back__converted.gif","KETTLEBELL","OMBRO"
"feminino","Kettlebell-Front-Raise-(female)_Shoulders__converted","FEMININO/KETTLEBELL/OMBRO/Kettlebell-Front-Raise-(female)_Shoulders__converted.gif","KETTLEBELL","OMBRO"
"feminino","Kettlebell-One-Arm-Clean-and-Jerk-(female)_Shoulde_converted","FEMININO/KETTLEBELL/OMBRO/Kettlebell-One-Arm-Clean-and-Jerk-(female)_Shoulde_converted.gif","KETTLEBELL","OMBRO"
"feminino","Kettlebell-Seesaw-Press-(female)_Shoulders__converted","FEMININO/KETTLEBELL/OMBRO/Kettlebell-Seesaw-Press-(female)_Shoulders__converted.gif","KETTLEBELL","OMBRO"
"feminino","Kettlebell-deadlift-(female)_Hips_converted","FEMININO/KETTLEBELL/PERNA/Kettlebell-deadlift-(female)_Hips_converted.gif","KETTLEBELL","PERNA"
"feminino","Kettlebell-Front-Squat-(female)_thighs_converted","FEMININO/KETTLEBELL/PERNA/Kettlebell-Front-Squat-(female)_thighs_converted.gif","KETTLEBELL","PERNA"
"feminino","Kettlebell-Goblet-Marching-on-Spot-(female)_Cardio_converted 2","FEMININO/KETTLEBELL/PERNA/Kettlebell-Goblet-Marching-on-Spot-(female)_Cardio_converted 2.gif","KETTLEBELL","PERNA"
"feminino","Kettlebell-Goblet-Marching-on-Spot-(female)_Cardio_converted","FEMININO/KETTLEBELL/PERNA/Kettlebell-Goblet-Marching-on-Spot-(female)_Cardio_converted.gif","KETTLEBELL","PERNA"
"feminino","Kettlebell-Goblet-Squat-(female)_Thighs__converted","FEMININO/KETTLEBELL/PERNA/Kettlebell-Goblet-Squat-(female)_Thighs__converted.gif","KETTLEBELL","PERNA"
"feminino","Kettlebell-Overhand-Grip-Swing-(female)_Hips_converted","FEMININO/KETTLEBELL/PERNA/Kettlebell-Overhand-Grip-Swing-(female)_Hips_converted.gif","KETTLEBELL","PERNA"
"feminino","Kettlebell-Romanian-Deadlift-(female)_Hips__converted","FEMININO/KETTLEBELL/PERNA/Kettlebell-Romanian-Deadlift-(female)_Hips__converted.gif","KETTLEBELL","PERNA"
"feminino","Kettlebell-Side-Squat-Step-(female)_Thighs__converted","FEMININO/KETTLEBELL/PERNA/Kettlebell-Side-Squat-Step-(female)_Thighs__converted.gif","KETTLEBELL","PERNA"
"feminino","Kettlebell-Single-Arm-Clean-(female)_Weightlifts__converted","FEMININO/KETTLEBELL/PERNA/Kettlebell-Single-Arm-Clean-(female)_Weightlifts__converted.gif","KETTLEBELL","PERNA"
"feminino","Kettlebell-Single-Arm-Swing-(female)_Weightlifts__converted","FEMININO/KETTLEBELL/PERNA/Kettlebell-Single-Arm-Swing-(female)_Weightlifts__converted.gif","KETTLEBELL","PERNA"
"feminino","Kettlebell-Split-Squat-(female)_Thighs__converted","FEMININO/KETTLEBELL/PERNA/Kettlebell-Split-Squat-(female)_Thighs__converted.gif","KETTLEBELL","PERNA"
"feminino","Kettlebell-Staggered-Stance-Deadlift-(female)_Hips_converted","FEMININO/KETTLEBELL/PERNA/Kettlebell-Staggered-Stance-Deadlift-(female)_Hips_converted.gif","KETTLEBELL","PERNA"
"feminino","Kettlebell-Standing-Calf-Raise-(female)_Calves__converted","FEMININO/KETTLEBELL/PERNA/Kettlebell-Standing-Calf-Raise-(female)_Calves__converted.gif","KETTLEBELL","PERNA"
"feminino","Kettlebell-Swing-(female)_Hips-FIX__converted","FEMININO/KETTLEBELL/PERNA/Kettlebell-Swing-(female)_Hips-FIX__converted.gif","KETTLEBELL","PERNA"
"feminino","Kettlebell-Swing-Clean-grip-Front-Squat-(female)_Hips__converted","FEMININO/KETTLEBELL/PERNA/Kettlebell-Swing-Clean-grip-Front-Squat-(female)_Hips__converted.gif","KETTLEBELL","PERNA"
"geral","Kettlebell-Swing-Clean-grip-Front-Squat-Overhead-P_converted","FEMININO/KETTLEBELL/PERNA/Kettlebell-Swing-Clean-grip-Front-Squat-Overhead-P_converted.gif","KETTLEBELL","PERNA"
"feminino","Band-Bicycle-Crunch-(female)_Waist__converted","FEMININO/SUPERBAND/ABDOMINAIS/Band-Bicycle-Crunch-(female)_Waist__converted.gif","SUPERBAND","ABDOMINAIS"
"feminino","Band-Decline-Sit-up-(female)_Hips_converted","FEMININO/SUPERBAND/ABDOMINAIS/Band-Decline-Sit-up-(female)_Hips_converted.gif","SUPERBAND","ABDOMINAIS"
"feminino","Band-Kneeling-Crunch-(female)_Waist__converted","FEMININO/SUPERBAND/ABDOMINAIS/Band-Kneeling-Crunch-(female)_Waist__converted.gif","SUPERBAND","ABDOMINAIS"
"feminino","Band-Overhead-Side-Bend-(female)_Waist__converted","FEMININO/SUPERBAND/ABDOMINAIS/Band-Overhead-Side-Bend-(female)_Waist__converted.gif","SUPERBAND","ABDOMINAIS"
"feminino","Band-Reverse-Crunch-(female)_Waist__converted","FEMININO/SUPERBAND/ABDOMINAIS/Band-Reverse-Crunch-(female)_Waist__converted.gif","SUPERBAND","ABDOMINAIS"
"feminino","Band-side-bend-(female)_Waist_converted","FEMININO/SUPERBAND/ABDOMINAIS/Band-side-bend-(female)_Waist_converted.gif","SUPERBAND","ABDOMINAIS"
"feminino","Band-Squat-Twist-(female)_Waist__converted","FEMININO/SUPERBAND/ABDOMINAIS/Band-Squat-Twist-(female)_Waist__converted.gif","SUPERBAND","ABDOMINAIS"
"feminino","Band-Standing-Crunch-(female)_Waist_converted","FEMININO/SUPERBAND/ABDOMINAIS/Band-Standing-Crunch-(female)_Waist_converted.gif","SUPERBAND","ABDOMINAIS"
"geral","Band-twist_Waist_converted","FEMININO/SUPERBAND/ABDOMINAIS/Band-twist_Waist_converted.gif","SUPERBAND","ABDOMINAIS"
"feminino","Band-twist-(down-up)-(female)_Waist_converted","FEMININO/SUPERBAND/ABDOMINAIS/Band-twist-(down-up)-(female)_Waist_converted.gif","SUPERBAND","ABDOMINAIS"
"feminino","Band-twist-(up-down)-(female)_Waist_converted","FEMININO/SUPERBAND/ABDOMINAIS/Band-twist-(up-down)-(female)_Waist_converted.gif","SUPERBAND","ABDOMINAIS"
"feminino","Band-Upper-Crunch-(female)_Waist__converted","FEMININO/SUPERBAND/ABDOMINAIS/Band-Upper-Crunch-(female)_Waist__converted.gif","SUPERBAND","ABDOMINAIS"
"feminino","Resistance-Band-Horizontal-Pallof-Press-(female)_W_converted","FEMININO/SUPERBAND/ABDOMINAIS/Resistance-Band-Horizontal-Pallof-Press-(female)_W_converted.gif","SUPERBAND","ABDOMINAIS"
"feminino","Resistance-Band-Standing-Wood-Chopper-(female)_Wai_converted","FEMININO/SUPERBAND/ABDOMINAIS/Resistance-Band-Standing-Wood-Chopper-(female)_Wai_converted.gif","SUPERBAND","ABDOMINAIS"
"feminino","Resistance-Band-Kneeling-Wrist-Flexion-Curl-(femal_converted","FEMININO/SUPERBAND/ANTEBRAÇO/Resistance-Band-Kneeling-Wrist-Flexion-Curl-(femal_converted.gif","SUPERBAND","ANTEBRAÇO"
"feminino","Band-45-degrees-Biceps-Curl-(female)_Upper-Arms__converted","FEMININO/SUPERBAND/BICEPS/Band-45-degrees-Biceps-Curl-(female)_Upper-Arms__converted.gif","SUPERBAND","BICEPS"
"feminino","Band-Concentration-Curl-(female)_Upper-Arms__converted","FEMININO/SUPERBAND/BICEPS/Band-Concentration-Curl-(female)_Upper-Arms__converted.gif","SUPERBAND","BICEPS"
"feminino","Band-Cross-Chest-Biceps-Curl-(female)_Upper-Arms__converted","FEMININO/SUPERBAND/BICEPS/Band-Cross-Chest-Biceps-Curl-(female)_Upper-Arms__converted.gif","SUPERBAND","BICEPS"
"feminino","Band-Horizontal-Biceps-Curl-(female)_Upper-Arms__converted","FEMININO/SUPERBAND/BICEPS/Band-Horizontal-Biceps-Curl-(female)_Upper-Arms__converted.gif","SUPERBAND","BICEPS"
"feminino","Band-Kneeling-Preacher-Curl-(female)_Upper-Arms__converted","FEMININO/SUPERBAND/BICEPS/Band-Kneeling-Preacher-Curl-(female)_Upper-Arms__converted.gif","SUPERBAND","BICEPS"
"feminino","Band-Standard-Biceps-Curl-(female)_Upper-Arms__converted","FEMININO/SUPERBAND/BICEPS/Band-Standard-Biceps-Curl-(female)_Upper-Arms__converted.gif","SUPERBAND","BICEPS"
"feminino","Band-Assisted-Pull-Up-(VERSION-3)-(female)_Back_converted","FEMININO/SUPERBAND/COSTAS/Band-Assisted-Pull-Up-(VERSION-3)-(female)_Back_converted.gif","SUPERBAND","COSTAS"
"feminino","Band-Bent-Over-Lat-Pulldown-(female)_Back__converted","FEMININO/SUPERBAND/COSTAS/Band-Bent-Over-Lat-Pulldown-(female)_Back__converted.gif","SUPERBAND","COSTAS"
"feminino","Band-bent-over-rear-lateral-raise-(female)_Shoulders_converted","FEMININO/SUPERBAND/COSTAS/Band-bent-over-rear-lateral-raise-(female)_Shoulders_converted.gif","SUPERBAND","COSTAS"
"feminino","Band-Close-Grip-Row-(female)_Back__converted","FEMININO/SUPERBAND/COSTAS/Band-Close-Grip-Row-(female)_Back__converted.gif","SUPERBAND","COSTAS"
"geral","Band-face-pull_Shoulders_converted","FEMININO/SUPERBAND/COSTAS/Band-face-pull_Shoulders_converted.gif","SUPERBAND","COSTAS"
"feminino","Band-Kneeling-One-Arm-Pulldown-(female)_Back_converted","FEMININO/SUPERBAND/COSTAS/Band-Kneeling-One-Arm-Pulldown-(female)_Back_converted.gif","SUPERBAND","COSTAS"
"feminino","Band-Narrow-Grip-High-Row-(VERSION-2)-(female)_Bac_converted","FEMININO/SUPERBAND/COSTAS/Band-Narrow-Grip-High-Row-(VERSION-2)-(female)_Bac_converted.gif","SUPERBAND","COSTAS"
"feminino","Band-One-Arm-Twisting-Seated-Row-(female)_Back_converted","FEMININO/SUPERBAND/COSTAS/Band-One-Arm-Twisting-Seated-Row-(female)_Back_converted.gif","SUPERBAND","COSTAS"
"feminino","Band-seated-row-(female)_Back_converted","FEMININO/SUPERBAND/COSTAS/Band-seated-row-(female)_Back_converted.gif","SUPERBAND","COSTAS"
"feminino","Band-Seated-Straight-Back-Row-(female)_Back__converted","FEMININO/SUPERBAND/COSTAS/Band-Seated-Straight-Back-Row-(female)_Back__converted.gif","SUPERBAND","COSTAS"
"feminino","Band-standing-rear-delt-row-(female)_Shoulders_converted","FEMININO/SUPERBAND/COSTAS/Band-standing-rear-delt-row-(female)_Shoulders_converted.gif","SUPERBAND","COSTAS"
"feminino","Band-straight-back-seated-row-(female)_Back_converted","FEMININO/SUPERBAND/COSTAS/Band-straight-back-seated-row-(female)_Back_converted.gif","SUPERBAND","COSTAS"
"geral","Resistance-Band-Sitting-Bent-Over-Reverse-Fly-on-a_converted","FEMININO/SUPERBAND/COSTAS/Resistance-Band-Sitting-Bent-Over-Reverse-Fly-on-a_converted.gif","SUPERBAND","COSTAS"
"feminino","Resistance-Band-Standing-Lat-Pulldown-(female)_Bac_converted","FEMININO/SUPERBAND/COSTAS/Resistance-Band-Standing-Lat-Pulldown-(female)_Bac_converted.gif","SUPERBAND","COSTAS"
"feminino","Resistance-Band-Standing-Row-(female)_Back__converted","FEMININO/SUPERBAND/COSTAS/Resistance-Band-Standing-Row-(female)_Back__converted.gif","SUPERBAND","COSTAS"
"feminino","Band-Alternate-Low-Chest-Fly-(female)_Chest__converted","FEMININO/SUPERBAND/OMBRO/Band-Alternate-Low-Chest-Fly-(female)_Chest__converted.gif","SUPERBAND","OMBRO"
"feminino","Band-front-lateral-raise-(female)_Shoulders_converted","FEMININO/SUPERBAND/OMBRO/Band-front-lateral-raise-(female)_Shoulders_converted.gif","SUPERBAND","OMBRO"
"feminino","Band-Lateral-Raise-(female)_Shoulders__converted","FEMININO/SUPERBAND/OMBRO/Band-Lateral-Raise-(female)_Shoulders__converted.gif","SUPERBAND","OMBRO"
"feminino","Resistance-Band-Single-Arm-Lateral-Raise-(female)__converted","FEMININO/SUPERBAND/OMBRO/Resistance-Band-Single-Arm-Lateral-Raise-(female)__converted.gif","SUPERBAND","OMBRO"
"feminino","Band-Cross-Body-One-Arm-Chest-Press-(female)_Chest_converted","FEMININO/SUPERBAND/PEITO/Band-Cross-Body-One-Arm-Chest-Press-(female)_Chest_converted.gif","SUPERBAND","PEITO"
"feminino","Band-Low-Alternate-Chest-Press-(female)_Chest__converted","FEMININO/SUPERBAND/PEITO/Band-Low-Alternate-Chest-Press-(female)_Chest__converted.gif","SUPERBAND","PEITO"
"feminino","Band-Low-Chest-Press-(female)_Chest__converted","FEMININO/SUPERBAND/PEITO/Band-Low-Chest-Press-(female)_Chest__converted.gif","SUPERBAND","PEITO"
"feminino","Band-Low-Fly-(female)_Chest-FIX__converted","FEMININO/SUPERBAND/PEITO/Band-Low-Fly-(female)_Chest-FIX__converted.gif","SUPERBAND","PEITO"
"feminino","Band-Middle-Fly-(female)_Chest__converted","FEMININO/SUPERBAND/PEITO/Band-Middle-Fly-(female)_Chest__converted.gif","SUPERBAND","PEITO"
"feminino","Band-Standing-Alternate-Chest-Press-(female)_Chest_converted","FEMININO/SUPERBAND/PEITO/Band-Standing-Alternate-Chest-Press-(female)_Chest_converted.gif","SUPERBAND","PEITO"
"feminino","Band-Standing-Chest-Press-(female)_Chest__converted","FEMININO/SUPERBAND/PEITO/Band-Standing-Chest-Press-(female)_Chest__converted.gif","SUPERBAND","PEITO"
"feminino","Resistance-Band-Single-Arm-Fly-(female)_Shoulders__converted","FEMININO/SUPERBAND/PEITO/Resistance-Band-Single-Arm-Fly-(female)_Shoulders__converted.gif","SUPERBAND","PEITO"
"feminino","Resistance-Band-Single-Arm-Low-Chest-Fly-(female)__converted","FEMININO/SUPERBAND/PEITO/Resistance-Band-Single-Arm-Low-Chest-Fly-(female)__converted.gif","SUPERBAND","PEITO"
"feminino","Resistance-Band-Standing-Chest-Press-(female)_Ches_converted","FEMININO/SUPERBAND/PEITO/Resistance-Band-Standing-Chest-Press-(female)_Ches_converted.gif","SUPERBAND","PEITO"
"feminino","Band-bent-over-hip-extension-(female)_Hips_converted","FEMININO/SUPERBAND/PERNA/Band-bent-over-hip-extension-(female)_Hips_converted.gif","SUPERBAND","PERNA"
"feminino","Band-hip-abduction-(female)_Hips_converted","FEMININO/SUPERBAND/PERNA/Band-hip-abduction-(female)_Hips_converted.gif","SUPERBAND","PERNA"
"feminino","Band-hip-adduction-(female)_Hips_converted","FEMININO/SUPERBAND/PERNA/Band-hip-adduction-(female)_Hips_converted.gif","SUPERBAND","PERNA"
"feminino","Band-kneeling-rear-kick-(female)_Hips__converted","FEMININO/SUPERBAND/PERNA/Band-kneeling-rear-kick-(female)_Hips__converted.gif","SUPERBAND","PERNA"
"feminino","Band-pull-through-(female)_Hips_converted","FEMININO/SUPERBAND/PERNA/Band-pull-through-(female)_Hips_converted.gif","SUPERBAND","PERNA"
"feminino","Band-Seated-Leg-Extension-(female)_Thighs_converted","FEMININO/SUPERBAND/PERNA/Band-Seated-Leg-Extension-(female)_Thighs_converted.gif","SUPERBAND","PERNA"
"feminino","Band-standing-hip-extension-(female)_Hips_converted","FEMININO/SUPERBAND/PERNA/Band-standing-hip-extension-(female)_Hips_converted.gif","SUPERBAND","PERNA"
"feminino","Band-standing-leg-curl-(female)_Thighs_converted","FEMININO/SUPERBAND/PERNA/Band-standing-leg-curl-(female)_Thighs_converted.gif","SUPERBAND","PERNA"
"geral","Resistance-Band-45-Degree-Hip-Extension-Glute-Focu_converted","FEMININO/SUPERBAND/PERNA/Resistance-Band-45-Degree-Hip-Extension-Glute-Focu_converted.gif","SUPERBAND","PERNA"
"feminino","Resistance-Band-Bulgarian-Squat-(female)_Thighs__converted","FEMININO/SUPERBAND/PERNA/Resistance-Band-Bulgarian-Squat-(female)_Thighs__converted.gif","SUPERBAND","PERNA"
"geral","Resistance-Band-Hip-Thrust_Hips_converted","FEMININO/SUPERBAND/PERNA/Resistance-Band-Hip-Thrust_Hips_converted.gif","SUPERBAND","PERNA"
"geral","Resistance-Band-Kneeling-Leg-Half-Circle-on-bench-_converted","FEMININO/SUPERBAND/PERNA/Resistance-Band-Kneeling-Leg-Half-Circle-on-bench-_converted.gif","SUPERBAND","PERNA"
"geral","Resistance-Band-Reverse-Hyper-with-Stability-Ball-_converted","FEMININO/SUPERBAND/PERNA/Resistance-Band-Reverse-Hyper-with-Stability-Ball-_converted.gif","SUPERBAND","PERNA"
"feminino","Resistance-Band-Side-Plank-Glute-Raise-(female)_Wa_converted","FEMININO/SUPERBAND/PERNA/Resistance-Band-Side-Plank-Glute-Raise-(female)_Wa_converted.gif","SUPERBAND","PERNA"
"feminino","Resistance-Band-Side-Walk-Squat-(female)_Hips__converted","FEMININO/SUPERBAND/PERNA/Resistance-Band-Side-Walk-Squat-(female)_Hips__converted.gif","SUPERBAND","PERNA"
"geral","Resistance-Band-Sitting-Knee-Extension-on-a-Chair-_converted","FEMININO/SUPERBAND/PERNA/Resistance-Band-Sitting-Knee-Extension-on-a-Chair-_converted.gif","SUPERBAND","PERNA"
"geral","Resistance-Band-Sitting-Knee-Flexion-on-a-Chair-(f_converted","FEMININO/SUPERBAND/PERNA/Resistance-Band-Sitting-Knee-Flexion-on-a-Chair-(f_converted.gif","SUPERBAND","PERNA"
"geral","Band-Lying-Reverse-Grip-Pressdown-(Skull-Crusher)-_converted","FEMININO/SUPERBAND/TRICEPS/Band-Lying-Reverse-Grip-Pressdown-(Skull-Crusher)-_converted.gif","SUPERBAND","TRICEPS"
"feminino","Band-Overhead-Single-Arm-Triceps-Extension-(female_converted","FEMININO/SUPERBAND/TRICEPS/Band-Overhead-Single-Arm-Triceps-Extension-(female_converted.gif","SUPERBAND","TRICEPS"
"feminino","Band-overhead-triceps-extension-(female)_Upper-Arms_converted","FEMININO/SUPERBAND/TRICEPS/Band-overhead-triceps-extension-(female)_Upper-Arms_converted.gif","SUPERBAND","TRICEPS"
"feminino","Band-pushdown-(female)_Upper-Arms_converted","FEMININO/SUPERBAND/TRICEPS/Band-pushdown-(female)_Upper-Arms_converted.gif","SUPERBAND","TRICEPS"
"geral","Resistance-Band-Bent-Over-Single-Arm-Triceps-Kickb_converted","FEMININO/SUPERBAND/TRICEPS/Resistance-Band-Bent-Over-Single-Arm-Triceps-Kickb_converted.gif","SUPERBAND","TRICEPS"
"geral","Resistance-Band-Single-Arm-Overhead-Triceps-Extens_converted","FEMININO/SUPERBAND/TRICEPS/Resistance-Band-Single-Arm-Overhead-Triceps-Extens_converted.gif","SUPERBAND","TRICEPS"
"feminino","Resistance-Band-Single-Arm-Triceps-Pushdown-(femal_converted","FEMININO/SUPERBAND/TRICEPS/Resistance-Band-Single-Arm-Triceps-Pushdown-(femal_converted.gif","SUPERBAND","TRICEPS"
"feminino","Resistance-Band-Triceps-Pushdown-(female)_Upper-Ar_converted","FEMININO/SUPERBAND/TRICEPS/Resistance-Band-Triceps-Pushdown-(female)_Upper-Ar_converted.gif","SUPERBAND","TRICEPS"
